device_url,username,date,upvotes,review_text,text_for_bert,word_count,sentiment,sentiment_score,text_for_baseline,label
https://www.gsmarena.com/samsung_galaxy_s24_ultra-reviews-12771,Anonymous,03 Mar 2026,0,"Maggs, 27 Feb 2026The February security update removes the feature wipe cache partition. I got it on my s25 ultr...moreThere is a February 5, 2026, security patch available now, but I'm hesitant to download and install it.","Maggs, 27 Feb 2026The February security update removes the feature wipe cache partition. I got it on my s25 ultr...moreThere is a February 5, 2026, security patch available now, but I am hesitant to download and install it.",38,Neutral,-0.0258,maggs feb february security update remove feature wipe cache partition got ultrmorethere february security patch available but hesitant download install,1
https://www.gsmarena.com/samsung_galaxy_s24_ultra-reviews-12771,Anonymous,24 Jun 2026,0,"Maria, 23 Jun 2026I am so happy with the last May update, so why should I install the June update? I even do not...moreYour phone, your choice!! Nobody's forcing you to update!","Maria, 23 Jun 2026I am so happy with the last May update, so why should I install the June update? I even do not...moreYour phone, your choice!! Nobody's forcing you to update!",32,Positive,0.7662,maria jun happy last may update install june update even notmoreyour phone choice nobody forcing update,2
https://www.gsmarena.com/apple_iphone_se_(2022)-reviews-11410,Anonymous,19 Oct 2024,0,why a budget phone should have bad batterythis is dumb and inacceptable for a phone in 2024they need to make iphone se at least 6 inch and with at least 4000mah battery and for shipset its ok to put older ones,why a budget phone should have bad batterythis is dumb and inacceptable for a phone in 2024they need to make iphone se at least 6 inch and with at least 4000mah battery and for shipset its ok to put older ones,41,Negative,-0.6808,budget phone bad batterythis dumb inacceptable phone need make iphone se least inch least mah battery shipset ok put older one,0
https://www.gsmarena.com/xiaomi_redmi_note_13_pro-reviews-12581,Anonymous,06 Dec 2024,0,"Anonymous, 05 Dec 2024This or Poco X6 ProThis for the better build quality, better main camera, headphone jack, and eSIM.Poco X6 Pro for the much faster processor, faster UFS 4.0 storage, Wi-Fi 6, and aptX HD support.","Anonymous, 05 Dec 2024This or Poco X6 ProThis for the better build quality, better main camera, headphone jack, and eSIM.Poco X6 Pro for the much faster processor, faster UFS 4.0 storage, Wi-Fi 6, and aptX HD support.",37,Positive,0.8176,anonymous dec poco prothis better build quality better main camera headphone jack esimpoco pro much faster processor faster ufs storage wifi aptx hd support,2
https://www.gsmarena.com/apple_iphone_15_pro_max-reviews-12548,Anonymous,23 May 2024,0,"Anonymous Cow, 13 Apr 2024If the model of your iPhone 15 Pro Max has a 1 Card slot (A3106 International) is it possible ...moreI'm using two esims at the moment. You can use two esims or one esim and the plastic sim on the tray. Only two lines can be active at the same time. A3106","Anonymous Cow, 13 Apr 2024If the model of your iPhone 15 Pro Max has a 1 Card slot (A3106 International) is it possible ...moreI'm using two esims at the moment. You can use two esims or one esim and the plastic sim on the tray. Only two lines can be active at the same time. A3106",56,Positive,0.4019,anonymous cow apr model iphone pro max card slot international possible moreim using two esims moment use two esims one esim plastic sim tray two line active time,2
https://www.gsmarena.com/samsung_galaxy_s24_ultra-reviews-12771,CamoGeko-XDA,19 May 2026,0,"Maggs, 15 May 2026What do you mean old? S24 ultra can compete with S25U. Its not written in stone that after a y...moreIt still feels better sorted than most of rhe flagship today, especially considering it uses a titanium frame compared to the cheaper feeling aluminum that companies insist on using now. I have like 3-4 other phones which are built from aluminium and I can confirm this myself. I wish Samsung would remake the S24U but just stick a Dimensity 9500 or Snapdragon 8 Elite Gen 5 into it and call it S24U/s. I would buy it!!","Maggs, 15 May 2026What do you mean old? S24 ultra can compete with S25U. Its not written in stone that after a y...moreIt still feels better sorted than most of rhe flagship today, especially considering it uses a titanium frame compared to the cheaper feeling aluminum that companies insist on using now. I have like 3-4 other phones which are built from aluminium and I can confirm this myself. I wish Samsung would remake the S24U but just stick a Dimensity 9500 or Snapdragon 8 Elite Gen 5 into it and call it S24U/s. I would buy it!!",98,Positive,0.6923,maggs may mean old ultra compete su not written stone ymoreit still feel better sorted rhe flagship today especially considering us titanium frame compared cheaper feeling aluminum company insist using like phone built aluminium confirm wish samsung would remake su but stick dimensity snapdragon elite gen call sus would buy,2
https://www.gsmarena.com/apple_iphone_15_pro_max-reviews-12548,Anonymous,14 Aug 2024,0,"Noob, 12 Aug 2024Should I buy this or wait for 16 Pro Max?Wait for 16","Noob, 12 Aug 2024Should I buy this or wait for 16 Pro Max?Wait for 16",15,Negative,-0.0516,noob aug buy wait pro maxwait,0
https://www.gsmarena.com/realme_c55-reviews-12159,Anonymous,28 Apr 2023,0,G88 in 2023..weak as hell. Least they could of done is sd 4 gen 1. Least.,G88 in 2023..weak as hell. Least they could of done is sd 4 gen 1. Least.,16,Negative,-0.6808,weak hell least could done sd gen least,0
https://www.gsmarena.com/apple_iphone_15_pro_max-reviews-12548,Anonymous,16 Sep 2024,0,"romanson, 16 Aug 2024So , I promised that I will post my opinion after I finish testing my Pro Max 15 , 1TB
So , c...morelol maybe is an iron-phone","romanson, 16 Aug 2024So , I promised that I will post my opinion after I finish testing my Pro Max 15 , 1TB So , c...morelol maybe is an iron-phone",30,Positive,0.3612,romanson aug promised post opinion finish testing pro max tb cmorelol maybe ironphone,2
https://www.gsmarena.com/samsung_galaxy_a54-reviews-12070,Anonymous,03 Dec 2024,0,Galaxy A54 or redmi note 12 pro 5g?,Galaxy A54 or redmi note 12 pro 5g?,8,Neutral,0.0,galaxy redmi note pro,1
https://www.gsmarena.com/samsung_galaxy_a54-reviews-12070,s35ym.,10 Mar 2025,0,To the genuine users :Camera clarity only : Are A54 and A55 the same?.,To the genuine users :Camera clarity only : Are A54 and A55 the same?.,14,Positive,0.4019,genuine user camera clarity,2
https://www.gsmarena.com/samsung_galaxy_s24_ultra-reviews-12771,Anonymous,03 Mar 2026,0,"Dream-buddy, 02 Mar 2026If you don't about Root access or custom Rom and flashing it don't play with your de...moreThanks for the heads-up.I'm just a regular user, and I'm happy with One UI 8. With One UI 8, I feel like my battery lasts longer than with One UI 6.1, but that's just how I feel. I can't find the Now Bar feature, and I can resize/dismiss the notification choices.","Dream-buddy, 02 Mar 2026If you do not about Root access or custom Rom and flashing it do not play with your de...moreThanks for the heads-up.I am just a regular user, and I am happy with One UI 8. With One UI 8, I feel like my battery lasts longer than with One UI 6.1, but that is just how I feel. I cannot find the Now Bar feature, and I can resize/dismiss the notification choices.",75,Positive,0.3781,dreambuddy mar not root access custom rom flashing not play demorethanks headsupi regular user happy one ui one ui feel like battery last longer one ui but feel not find bar feature resizedismiss notification choice,2
https://www.gsmarena.com/apple_iphone_15_pro_max-reviews-12548,Anonymous,26 Apr 2024,0,But why is apple a richer brand,But why is apple a richer brand,7,Positive,0.6808,but apple richer brand,2
https://www.gsmarena.com/realme_c55-reviews-12159,Anonymous,10 Aug 2023,0,"Worst I ever used, 02 Aug 2023This is one of the worst phone I've ever used. I have realme 1 from 5 years ago which sti...moreLoL you want a performance phone just buy a gaming phone then... This phone actually better than you think","Worst I ever used, 02 Aug 2023This is one of the worst phone I have ever used. I have realme 1 from 5 years ago which sti...moreLoL you want a performance phone just buy a gaming phone then... This phone actually better than you think",45,Negative,-0.7184,worst ever used aug one worst phone ever used realme year ago stimorelol want performance phone buy gaming phone phone actually better think,0
https://www.gsmarena.com/realme_c55-reviews-12159,Anonymous,02 Apr 2023,0,Camera Not good,Camera Not good,3,Negative,-0.3412,camera not good,0
https://www.gsmarena.com/apple_iphone_15_pro_max-reviews-12548,Anonymous,11 Nov 2024,0,"Please I'm an android user but I want to begin using an iPhone, but please which iPhone is better between iPhone 14 pro max and 15 pro max","Please I am an android user but I want to begin using an iPhone, but please which iPhone is better between iPhone 14 pro max and 15 pro max",29,Positive,0.836,please android user but want begin using iphone but please iphone better iphone pro max pro max,2
https://www.gsmarena.com/apple_iphone_15_pro_max-reviews-12548,Anonymous,04 Jan 2026,0,"Lordvoldemor, 15 Dec 2025obviously, you are using for almost a year. what did you expect? it stays 100%? 
It mostly de...moreExactly.👍","Lordvoldemor, 15 Dec 2025obviously, you are using for almost a year. what did you expect? it stays 100%? It mostly de...moreExactly.",21,Neutral,0.0,lordvoldemor dec obviously using almost year expect stay mostly demoreexactly,1
https://www.gsmarena.com/samsung_galaxy_a54-reviews-12070,Anonymous,25 Oct 2024,0,"Kevin Brr, 17 Oct 2024The A54 uses UFS 3.1It's 2.2. Confirmed.Even A55 base model 8/128 uses UFS 2.2. But 8/256 is 3.1The same thing is with S23 and S24.","Kevin Brr, 17 Oct 2024The A54 uses UFS 3.1It's 2.2. Confirmed.Even A55 base model 8/128 uses UFS 2.2. But 8/256 is 3.1The same thing is with S23 and S24.",29,Neutral,0.0,kevin brr oct us ufs confirmedeven base model us ufs but thing,1
https://www.gsmarena.com/apple_iphone_se_(2022)-reviews-11410,Anonymous,30 Dec 2024,0,"Michael McCarthy, 28 Dec 2024I’ll need to upgrade from my iPhone 8 Plus at some stage but if I get an SE like this one I’ll...morePlease don't even think about such ""upgrade"". I owned se 2022 for 2 months and then sold it, replaced battery in 8 plus and still using 8 plus now. So what I can say about se 2022.Pros:- works really fast;- latest updates for iOs, new functionalities for system and all aplle's apps, so for example, books app has new features I really liked;- better photo and video quality;- gps works faster and more accurate;- better gsm connection, for real. I have bad signal on subway with 8 plus. Se is better;- handy size, light weight.Cons:- terrible battery. 3,5 hours on cellular network, 4,5 hours on wifi. And I mostly use cellular so charging it twice a day, no heavy usage btw;- small screen gave me eye strain. Hard to read text. Because of small screen some apps are uncomfortable to use for example - navigation apps;- phone got heat;So stay with 8 plus, wait for SE 4.","Michael McCarthy, 28 Dec 2024Ill need to upgrade from my iPhone 8 Plus at some stage but if I get an SE like this one Ill...morePlease do not even think about such ""upgrade"". I owned se 2022 for 2 months and then sold it, replaced battery in 8 plus and still using 8 plus now. So what I can say about se 2022.Pros:- works really fast;- latest updates for iOs, new functionalities for system and all aplle's apps, so for example, books app has new features I really liked;- better photo and video quality;- gps works faster and more accurate;- better gsm connection, for real. I have bad signal on subway with 8 plus. Se is better;- handy size, light weight.Cons:- terrible battery. 3,5 hours on cellular network, 4,5 hours on wifi. And I mostly use cellular so charging it twice a day, no heavy usage by the way;- small screen gave me eye strain. Hard to read text. Because of small screen some apps are uncomfortable to use for example - navigation apps;- phone got heat;So stay with 8 plus, wait for SE 4.",185,Negative,-0.6387,michael mccarthy dec ill need upgrade iphone plus stage but get se like one illmoreplease not even think upgrade owned se month sold replaced battery plus still using plus say se pro work really fast latest update io new functionality system aplles apps example book app new feature really liked better photo video quality gps work faster accurate better gsm connection real bad signal subway plus se better handy size light weightcons terrible battery hour cellular network hour wifi mostly use cellular charging twice day no heavy usage way small screen gave eye strain hard read text small screen apps uncomfortable use example navigation apps phone got heatso stay plus wait se,0
https://www.gsmarena.com/samsung_galaxy_s24_ultra-reviews-12771,Anonymous,28 May 2026,0,"SteveUk, 28 May 2026An annoying thing I've noticed since the (8.5) update... if you use AI to erase/alter con...morePardon me, do we have it from the day one of Galaxy AI? Well, it began with the Galaxy AI logo only","SteveUk, 28 May 2026An annoying thing I have noticed since the (8.5) update... if you use AI to erase/alter con...morePardon me, do we have it from the day one of Galaxy AI? Well, it began with the Galaxy AI logo only",41,Negative,-0.1531,steveuk may annoying thing noticed since update use ai erasealter conmorepardon day one galaxy ai well began galaxy ai logo,0
https://www.gsmarena.com/xiaomi_redmi_note_13_pro-reviews-12581,Anonymous,18 Jan 2026,0,Absolutely abysmal cameras,Absolutely abysmal cameras,3,Neutral,0.0,absolutely abysmal camera,1
https://www.gsmarena.com/samsung_galaxy_s24_ultra-reviews-12771,Anonymous,02 Jun 2026,0,"Sam799, 01 Jun 2026Finally received the May update today.Just received May security update just now in uk.","Sam799, 01 Jun 2026Finally received the May update today.Just received May security update just now in uk.",17,Positive,0.34,sam jun finally received may update todayjust received may security update uk,2
https://www.gsmarena.com/samsung_galaxy_s24_ultra-reviews-12771,Anonymous,28 May 2026,0,"Maggs, 27 May 2026Anyone received May security update? S25 ultra got it.I got it on my S22 Ultra","Maggs, 27 May 2026Anyone received May security update? S25 ultra got it.I got it on my S22 Ultra",18,Positive,0.34,maggs may anyone received may security update ultra got iti got ultra,2
https://www.gsmarena.com/apple_iphone_se_(2022)-reviews-11410,Anonymous,28 Mar 2024,0,"Minu, 26 Mar 2024You're better off with a Nokia 8 instead. Same camera optics, better display, similar or ...moreI think Nokia 8 is the best phone ever. Jk lol. Too bad we need to point it out on Apple's comment thread where people asking for a help which iPhone to buy.Guy is obviuosly interested in iOS devices. So why bring an Android device like Nokia 8?I don't get it.","Minu, 26 Mar 2024You're better off with a Nokia 8 instead. Same camera optics, better display, similar or ...moreI think Nokia 8 is the best phone ever. Jk lol. Too bad we need to point it out on Apple's comment thread where people asking for a help which iPhone to buy.Guy is obviuosly interested in iOS devices. So why bring an Android device like Nokia 8?I do not get it.",70,Positive,0.9524,minu mar youre better nokia instead camera optic better display similar morei think nokia best phone ever jk lol bad need point apple comment thread people asking help iphone buyguy obviuosly interested io device bring android device like nokia not get,2
https://www.gsmarena.com/samsung_galaxy_a54-reviews-12070,s35ym.,11 Dec 2024,0,"Nuruddin Sarker , 09 Dec 2024I purchased Samsung galaxy A54 last week from Aliexpress  it's showing custom made and un...moreTry this website :https://www.unlockboot.com/samsung-imei-checker/#tcheck","Nuruddin Sarker , 09 Dec 2024I purchased Samsung galaxy A54 last week from Aliexpress it is showing custom made and un...moreTry this website :",24,Neutral,0.0,nuruddin sarker dec purchased samsung galaxy last week aliexpress showing custom made unmoretry website,1
https://www.gsmarena.com/realme_c55-reviews-12159,DigBick,29 Mar 2023,0,Better to get redmi note 10 pro in this price range.,Better to get redmi note 10 pro in this price range.,11,Positive,0.4404,better get redmi note pro price range,2
https://www.gsmarena.com/samsung_galaxy_a54-reviews-12070,Anonymous,19 Aug 2024,0,"Ultima 9, 19 Aug 2024bro should i turn off my ceiling fan to sweat and use my phone then lol?
i told u that my cou...moreSo you claim, in any case there is no shortage of users who complain that this phone heats up.","Ultima 9, 19 Aug 2024bro should i turn off my ceiling fan to sweat and use my phone then lol? i told you that my cou...moreSo you claim, in any case there is no shortage of users who complain that this phone heats up.",44,Negative,-0.1531,ultima aug bro turn ceiling fan sweat use phone lol told coumoreso claim case no shortage user complain phone heat,0
https://www.gsmarena.com/samsung_galaxy_s24_ultra-reviews-12771,Lorentziu,11 Apr 2026,0,s24Ultra for real man not round corners..Amin !,s24Ultra for real man not round corners..Amin !,8,Neutral,0.0,sultra real man not round cornersamin,1
https://www.gsmarena.com/samsung_galaxy_a54-reviews-12070,Vans79,07 Jul 2025,0,Does anybody observe slightly  reduced camera quality  after one UI 7 update or it is my device fault? Last two weekends I took a lot of pictures and overall quality was worse than what I was got used to .. especially indoor and low light pics,Does anybody observe slightly reduced camera quality after one UI 7 update or it is my device fault? Last two weekends I took a lot of pictures and overall quality was worse than what I was got used to .. especially indoor and low light pics,46,Negative,-0.8,anybody observe slightly reduced camera quality one ui update device fault last two weekend took lot picture overall quality worse got used especially indoor low light pic,0
https://www.gsmarena.com/apple_iphone_se_(2022)-reviews-11410,Anonymous,08 Aug 2024,0,"This is my very first iPhone. For more than 10 years using of Android, iPhone SE 3 is the most functional and newbie-friendly for new iPhone users like me. But im still using my Android for secondary devices. Not much you can do for the SE 3 Battery life.In terms of screen size, you can’t demand more of it. Well compact. Unfortunately my palm hand size is a bit bigger so, it requires more to be adapted from the usual 6,5 ish modern Android screen. Dont ask the CPU, its A15 bionic. ☺️","This is my very first iPhone. For more than 10 years using of Android, iPhone SE 3 is the most functional and newbie-friendly for new iPhone users like me. But i am still using my Android for secondary devices. Not much you can do for the SE 3 Battery life.In terms of screen size, you cannot demand more of it. Well compact. Unfortunately my palm hand size is a bit bigger so, it requires more to be adapted from the usual 6,5 ish modern Android screen. Do Not ask the CPU, its A15 bionic.",94,Positive,0.7615,first iphone year using android iphone se functional newbiefriendly new iphone user like but still using android secondary device not much se battery lifein term screen size not demand well compact unfortunately palm hand size bit bigger requires adapted usual ish modern android screen not ask cpu bionic,2
https://www.gsmarena.com/apple_iphone_se_(2022)-reviews-11410,Anonymous,26 Jul 2025,0,your 3d image view nowadays is garbage can not zoom in high definition as before,your 3d image view nowadays is garbage can not zoom in high definition as before,15,Neutral,0.0,image view nowadays garbage not zoom high definition,1
https://www.gsmarena.com/samsung_galaxy_a54-reviews-12070,Boris Blagojevic,29 May 2025,0,[deleted post]Why not.If it works and if it's better than One UI 6 and 6.1 Android 14.We all want iPhone.Making iPhone of our Androids using launchers and etc.Here it is Android that looks like works and feels like iOS.We asked for iOS and iPhone and we all geting iOS iPhone.,[deleted post]Why not.If it works and if it is better than One UI 6 and 6.1 Android 14.We all want iPhone.Making iPhone of our Androids using launchers and etc.Here it is Android that looks like works and feels like iOS.We asked for iOS and iPhone and we all geting iOS iPhone.,51,Positive,0.802,deleted postwhy notif work better one ui android want iphonemaking iphone android using launcher etchere android look like work feel like ioswe asked io iphone geting io iphone,2
https://www.gsmarena.com/apple_iphone_15_pro_max-reviews-12548,Anonymous,10 Jun 2024,0,"Anonymous, 08 Jun 2024s24 ultra
200 MP
8k 30 fps, 4k 120 fps
12GB ram vs 15 pro max's 8GB
Oh, sorry. 15 pro...more""Samsung Display is reportedly the only brand to offer OLED panels for all four iPhone 15 models. So, Samsung is the only display panel supplier that has received orders to make OLED panels for all four iPhone 15 models: iPhone 15, iPhone 15 Plus, iPhone 15 Pro, and iPhone 15 Pro Max""There is no such  thing as ""retina"". It's samsung display","Anonymous, 08 Jun 2024s24 ultra 200 MP 8k 30 fps, 4k 120 fps 12GB ram vs 15 pro max's 8GB Oh, sorry. 15 pro...more""Samsung Display is reportedly the only brand to offer OLED panels for all four iPhone 15 models. So, Samsung is the only display panel supplier that has received orders to make OLED panels for all four iPhone 15 models: iPhone 15, iPhone 15 Plus, iPhone 15 Pro, and iPhone 15 Pro Max""There is no such thing as ""retina"". It is samsung display",85,Negative,-0.3612,anonymous jun ultra mp fps fps gb ram v pro max gb oh sorry promoresamsung display reportedly brand offer oled panel four iphone model samsung display panel supplier received order make oled panel four iphone model iphone iphone plus iphone pro iphone pro maxthere no thing retina samsung display,0
https://www.gsmarena.com/samsung_galaxy_s24_ultra-reviews-12771,Anonymous,05 May 2026,0,"I have this phone when it first launch, i find it too heavy so I decided to sell it after six months of using. I tried s25 ultra and vivo x300 pro but I ended coming back to this lovely phone, just sharing 😆","I have this phone when it first launch, i find it too heavy so I decided to sell it after six months of using. I tried s25 ultra and vivo x300 pro but I ended coming back to this lovely phone, just sharing",43,Positive,0.899,phone first launch find heavy decided sell six month using tried ultra vivo pro but ended coming back lovely phone sharing,2
https://www.gsmarena.com/samsung_galaxy_s24_ultra-reviews-12771,Anonymous,26 Nov 2025,0,"nick, 26 Nov 2025What are the major advantages of S24U over S23U other than SD version?You've got a boxy, flat display that makes it a bit wider and creates a non-distorted display. I think this is the biggest advantage of the S24U over the S23U. I'm not saying the S23U is worse; it was the best at its time. Just like when I pre-ordered the S24U, the S24U was the best Samsung had in 2024.","nick, 26 Nov 2025What are the major advantages of S24U over S23U other than SD version?You have got a boxy, flat display that makes it a bit wider and creates a non-distorted display. I think this is the biggest advantage of the S24U over the S23U. I am not saying the S23U is worse; it was the best at its time. Just like when I pre-ordered the S24U, the S24U was the best Samsung had in 2024.",77,Positive,0.9246,nick nov major advantage su su sd versionyou got boxy flat display make bit wider creates nondistorted display think biggest advantage su su not saying su worse best time like preordered su su best samsung,2
https://www.gsmarena.com/apple_iphone_se_(2022)-reviews-11410,Anonymous,13 Nov 2024,0,"I previously used iphone 13mini, I loved the design and the battery life but the camera wasn't good as it was supposed to be and I found it hard to use. That's why I was using an android phone as my main phone back then. But android phones are so hit and miss. Then I bought a 2nd gen se for about  $100 and it was super easy to use. However with battery health already at 80% wasn't good enough as daily driver. Then I swapped out with brand new SE 3rd gen,Battery is actually great. Camera is great enough and no glitches like lagging or overheating. It goes easy whole day and I do play game, check Facebook, regularly on internet and check many YouTube videos. Those days I don't watch YouTube videos it lasts 2 days.All I did when I set it up were to turn optimised battery charging on, close all apps when not in use and leave the blightness about 70%.Battery health is still at 100% after 7 months.","I previously used iphone 13mini, I loved the design and the battery life but the camera was not good as it was supposed to be and I found it hard to use. That is why I was using an android phone as my main phone back then. But android phones are so hit and miss. Then I bought a 2nd gen se for about $100 and it was super easy to use. However with battery health already at 80% was not good enough as daily driver. Then I swapped out with brand new SE 3rd gen,Battery is actually great. Camera is great enough and no glitches like lagging or overheating. It goes easy whole day and I do play game, check Facebook, regularly on internet and check many YouTube videos. Those days I do not watch YouTube videos it lasts 2 days.All I did when I set it up were to turn optimised battery charging on, close all apps when not in use and leave the blightness about 70%.Battery health is still at 100% after 7 months.",177,Positive,0.9772,previously used iphone mini loved design battery life but camera not good supposed found hard use using android phone main phone back but android phone hit miss bought nd gen se super easy use however battery health already not good enough daily driver swapped brand new se rd genbattery actually great camera great enough no glitch like lagging overheating go easy whole day play game check facebook regularly internet check many youtube video day not watch youtube video last daysall set turn optimised battery charging close apps not use leave blightness battery health still month,2
https://www.gsmarena.com/realme_c55-reviews-12159,Tork85,05 Sep 2024,0,My phone no NFC function..Malaysia set..,My phone no NFC function..Malaysia set..,6,Negative,-0.7672,phone no nfc functionmalaysia set,0
https://www.gsmarena.com/samsung_galaxy_a54-reviews-12070,Anonymous,28 Sep 2024,0,"Buy Sammy A54! practically now I see what beauty is after out of the case! Gorilla Glass 5 Face and backDisplay it's 6.4"" and it's Gorgeous have 120Hz adaptive Sync! 1000 Nits AMOLEDExynos 1380 it's not really bad .yes it's not Qualcomm but overall it's ok finally . it's just for occasional gaming !The Sound it's Stereo with Dolby Atmos it's loud and very clear!Security Update Received MonthlyAnd very soon Android 15 with One Ui 7.0 a big major update it's big plus!  he phoneI put a film protector anti fingerprint on display not a glass!","Buy Sammy A54! practically now I see what beauty is after out of the case! Gorilla Glass 5 Face and backDisplay it is 6.4"" and it is Gorgeous have 120Hz adaptive Sync! 1000 Nits AMOLEDExynos 1380 it is not really bad .yes it is not Qualcomm but overall it is ok finally . it is just for occasional gaming !The Sound it is Stereo with Dolby Atmos it is loud and very clear!Security Update Received MonthlyAnd very soon Android 15 with One Ui 7.0 a big major update it is big plus! he phoneI put a film protector anti fingerprint on display not a glass!",105,Positive,0.7367,buy sammy practically see beauty case gorilla glass face backdisplay gorgeous hz adaptive sync nit amoledexynos not really bad yes not qualcomm but overall ok finally occasional gaming sound stereo dolby atmos loud clearsecurity update received monthlyand soon android one ui big major update big plus phonei put film protector anti fingerprint display not glass,2
https://www.gsmarena.com/samsung_galaxy_a54-reviews-12070,Anonymous,15 Sep 2024,0,"Ultima 9, 15 Sep 2024I use at 120 hz and no overheating for me and battery lasts more than a day on moderate usageDid you keep Ram plus off?","Ultima 9, 15 Sep 2024I use at 120 hz and no overheating for me and battery lasts more than a day on moderate usageDid you keep Ram plus off?",29,Negative,-0.296,ultima sep use hz no overheating battery last day moderate usagedid keep ram plus,0
https://www.gsmarena.com/apple_iphone_se_(2022)-reviews-11410,note 10 5g,30 Nov 2024,0,this phone genuinely is the worst phone you could get for the price,this phone genuinely is the worst phone you could get for the price,13,Negative,-0.6249,phone genuinely worst phone could get price,0
https://www.gsmarena.com/samsung_galaxy_s24_ultra-reviews-12771,Anonymous,18 May 2026,0,"maks-rs, 18 May 2026One UI 8.5 just landed in Europe , breathed new life into this phone. Best polished UI so far.What update did you get? 8.5 update is just like 8.0. No difference at all expect for a few little tiny  features. All the main  features that were in the beta are restricted and blocked. Terrible waste of time this update. I was looking forward to all the new features I seen on beta . What a disappointment...","maks-rs, 18 May 2026One UI 8.5 just landed in Europe , breathed new life into this phone. Best polished UI so far.What update did you get? 8.5 update is just like 8.0. No difference at all expect for a few little tiny features. All the main features that were in the beta are restricted and blocked. Terrible waste of time this update. I was looking forward to all the new features I seen on beta . What a disappointment...",79,Negative,-0.6249,maksrs may one ui landed europe breathed new life phone best polished ui farwhat update get update like no difference expect little tiny feature main feature beta restricted blocked terrible waste time update looking forward new feature seen beta disappointment,0
https://www.gsmarena.com/samsung_galaxy_a54-reviews-12070,s35ym,25 Apr 2025,0,"Anonymous, 24 Apr 2025A54 small screen better valueMarginal difference in size. No any other difference.","Anonymous, 24 Apr 2025A54 small screen better valueMarginal difference in size. No any other difference.",15,Positive,0.1779,anonymous apr small screen better valuemarginal difference size no difference,2
https://www.gsmarena.com/apple_iphone_15_pro_max-reviews-12548,Anonymous,02 May 2024,0,"Anonymous, 02 May 2024Best phone currently available. Switch from s24 ultra. Using 1tb black titanium. Battery life ...moreBest phone for you maybe. It's highly debatable which phone is the best. If we are talking about locked environment then yes iphone is the best.I doubt you had s24u at first place if you did probably you bought it from shady reseller. Because samsung software is great and battery life is about the same on both of them.","Anonymous, 02 May 2024Best phone currently available. Switch from s24 ultra. Using 1tb black titanium. Battery life ...moreBest phone for you maybe. It is highly debatable which phone is the best. If we are talking about locked environment then yes iphone is the best.I doubt you had s24u at first place if you did probably you bought it from shady reseller. Because samsung software is great and battery life is about the same on both of them.",77,Positive,0.8591,anonymous may best phone currently available switch ultra using tb black titanium battery life morebest phone maybe highly debatable phone best talking locked environment yes iphone besti doubt su first place probably bought shady reseller samsung software great battery life,2
https://www.gsmarena.com/xiaomi_redmi_note_13_pro-reviews-12581,Anonymous,14 Dec 2024,0,"FeeFee, 08 Dec 2024Video supports 1080-60fps max this spec mentioned above isn't accurate. I purchased the p...moreYou have 4G version, that's why it support only 1080p. 5G version (this one) supports 4K recording.","FeeFee, 08 Dec 2024Video supports 1080-60fps max this spec mentioned above is not accurate. I purchased the p...moreYou have 4G version, that is why it support only 1080p. 5G version (this one) supports 4K recording.",35,Positive,0.7717,feefee dec video support fps max spec mentioned not accurate purchased pmoreyou version support version one support recording,2
https://www.gsmarena.com/apple_iphone_se_(2022)-reviews-11410,Anonymous,08 Sep 2024,0,"Xander Debow, 27 Aug 2024I have an iPhone SE (2020), but it's the screen is broken (but I'm not talking about...moreGo to the iSE 2020 page.","Xander Debow, 27 Aug 2024I have an iPhone SE (2020), but it is the screen is broken (but I am not talking about...moreGo to the iSE 2020 page.",28,Negative,-0.631,xander debow aug iphone se but screen broken but not talking aboutmorego ise page,0
https://www.gsmarena.com/realme_c55-reviews-12159,Anonymous,30 May 2024,0,If your having heating problems and problem with the battery life just do some research on YouTube on how to make them more or less take care of the problems,If your having heating problems and problem with the battery life just do some research on YouTube on how to make them more or less take care of the problems,30,Negative,-0.6344,heating problem problem battery life research youtube make less take care problem,0
https://www.gsmarena.com/apple_iphone_15_pro_max-reviews-12548,Anonymous,21 Apr 2024,0,Mine its ios 16.5.1 is that orignal uk version,Mine its ios 16.5.1 is that orignal uk version,9,Neutral,0.0,mine io orignal uk version,1
https://www.gsmarena.com/apple_iphone_15_pro_max-reviews-12548,Anonymous,06 Jun 2024,0,"Mohammad, 05 Jun 2024It is the best phone in the world, which is the best in all aspects, both in terms of camera a...moreNot at all a best phone in the world because best one is Samsung Galaxy S24 Ultra","Mohammad, 05 Jun 2024It is the best phone in the world, which is the best in all aspects, both in terms of camera a...moreNot at all a best phone in the world because best one is Samsung Galaxy S24 Ultra",40,Positive,0.9571,mohammad jun best phone world best aspect term camera amorenot best phone world best one samsung galaxy ultra,2
https://www.gsmarena.com/realme_c55-reviews-12159,Anonymous,07 Mar 2023,0,Shoud have at least provided dimensity 700 or sd 480+,Shoud have at least provided dimensity 700 or sd 480+,10,Neutral,0.0,shoud least provided dimensity sd,1
https://www.gsmarena.com/apple_iphone_15_pro_max-reviews-12548,Anonymous,22 Jul 2024,0,"Iphone sare tatti phones hote hen, (Just buy android)","Iphone sare tatti phones hote hen, (Just buy android)",9,Neutral,0.0,iphone sare tatti phone hote hen buy android,1
https://www.gsmarena.com/samsung_galaxy_a54-reviews-12070,Anonymous,26 May 2025,0,This phone got the ONE UI 7.0 Update today. It's been a great experience so far.,This phone got the ONE UI 7.0 Update today. It is been a great experience so far.,17,Positive,0.6249,phone got one ui update today great experience far,2
https://www.gsmarena.com/samsung_galaxy_s24_ultra-reviews-12771,Sam799,17 Jun 2026,0,"Ive been using the camera lens protector for quite sometime & tried removing them today, all the lenses got easily removed except for the laser auto focus one where the original glass got peeled off. I somehow, after a struggle managed to fix it back but worry about the water resistance thing. Should I take it to the service center & get some assistance or is it ok to use it the way it is?","I Have been using the camera lens protector for quite sometime & tried removing them today, all the lenses got easily removed except for the laser auto focus one where the original glass got peeled off. I somehow, after a struggle managed to fix it back but worry about the water resistance thing. Should I take it to the service center & get some assistance or is it ok to use it the way it is?",76,Negative,-0.09,using camera lens protector quite sometime tried removing today lens got easily removed except laser auto focus one original glass got peeled somehow struggle managed fix back but worry water resistance thing take service center get assistance ok use way,0
https://www.gsmarena.com/samsung_galaxy_s24_ultra-reviews-12771,Lorentziu,25 Apr 2026,0,selfie camera 60 fp/s..Titanium frame..very nice !!! specs from space 😍,selfie camera 60 fp/s..Titanium frame..very nice !!! specs from space,10,Positive,0.5684,selfie camera fpstitanium framevery nice spec space,2
https://www.gsmarena.com/samsung_galaxy_a54-reviews-12070,Anonymous,10 Sep 2024,0,"Ultima 9, 10 Sep 2024Bruh go learn maths first then reply 1/1.56=0.64 inch for a54
1/1.96=0.51 inch for a35Oh I'm sorry, we can't all be as smart as you idiot.","Ultima 9, 10 Sep 2024Bruh go learn maths first then reply 1/1.56=0.64 inch for a54 1/1.96=0.51 inch for a35Oh I am sorry, we cannot all be as smart as you idiot.",31,Negative,-0.2263,ultima sep bruh go learn math first reply inch inch aoh sorry not smart idiot,0
https://www.gsmarena.com/samsung_galaxy_a54-reviews-12070,Kevin Brr,01 Oct 2025,0,"As a flagship user, this is the best ""budget/midrange"" phone I've used to date. Screen camera battery it's all great. The dual stereo speakers surprised me too. Performance is also rather good (similar to the performance of a Galaxy S10) but the exynos processor can definitely run hot and thermal throttle when you start to push it. But i think it's a great midrange phone over all. I got it for a great price with my cellular plan and while i don't use it as my main device i think it was well worth the price.","As a flagship user, this is the best ""budget/midrange"" phone I have used to date. Screen camera battery it is all great. The dual stereo speakers surprised me too. Performance is also rather good (similar to the performance of a Galaxy S10) but the exynos processor can definitely run hot and thermal throttle when you start to push it. But i think it is a great midrange phone over all. I got it for a great price with my cellular plan and while i do not use it as my main device i think it was well worth the price.",100,Positive,0.981,flagship user best budgetmidrange phone used date screen camera battery great dual stereo speaker surprised performance also rather good similar performance galaxy but exynos processor definitely run hot thermal throttle start push but think great midrange phone got great price cellular plan not use main device think well worth price,2
https://www.gsmarena.com/samsung_galaxy_s24_ultra-reviews-12771,Anonymous,13 Apr 2026,0,This phone is awesome. It's a work horse of a phone. Very good cameras. The S-Pen is very nice as it's the last of the Bluetooth enabled S-Pens. OneUI is the reason I bought this phone and I'm glad I did. Smartphones peaked in 2019 and the S24U is in my opinion the 2nd time Samsung smartphones peaked.,This phone is awesome. It is a work horse of a phone. Very good cameras. The S-Pen is very nice as it is the last of the Bluetooth enabled S-Pens. OneUI is the reason I bought this phone and I am glad I did. Smartphones peaked in 2019 and the S24U is in my opinion the 2nd time Samsung smartphones peaked.,61,Positive,0.9244,phone awesome work horse phone good camera spen nice last bluetooth enabled spens oneui reason bought phone glad smartphones peaked su opinion nd time samsung smartphones peaked,2
https://www.gsmarena.com/samsung_galaxy_a54-reviews-12070,Anonymous,28 Apr 2025,0,"April update, volume control bug.","April update, volume control bug.",5,Neutral,0.0,april update volume control bug,1
https://www.gsmarena.com/apple_iphone_se_(2022)-reviews-11410,Anonymous,20 Jan 2025,0,The 64GB version fills up very fast! One hour of 4K60fps video takes up about 45GB of space on this phone and then you are SOL!,The 64GB version fills up very fast! One hour of 4K60fps video takes up about 45GB of space on this phone and then you are SOL!,26,Neutral,0.0,gb version fill fast one hour kfps video take gb space phone sol,1
https://www.gsmarena.com/xiaomi_redmi_note_13_pro-reviews-12581,Anonymous,31 Aug 2025,0,"im using it about one year now, and i like it very much, i took the 12/512 version and it was a great price deal since the Samsung phones are more expensive with less performances.. but i dont understand why here in specs it says eSim is supported but on the xiaomi results it says it is not...","i am using it about one year now, and i like it very much, i took the 12/512 version and it was a great price deal since the Samsung phones are more expensive with less performances.. but i do not understand why here in specs it says eSim is supported but on the xiaomi results it says it is not...",60,Positive,0.7391,using one year like much took version great price deal since samsung phone expensive less performance but not understand spec say esim supported but xiaomi result say not,2
https://www.gsmarena.com/samsung_galaxy_s24_ultra-reviews-12771,Sam799,24 Feb 2026,0,"GroovyStarlight, 23 Feb 2026Anyone upgrading to the new S26 Ultra must be because they want the latest or fastest Samsung ...moreWell said!!","GroovyStarlight, 23 Feb 2026Anyone upgrading to the new S26 Ultra must be because they want the latest or fastest Samsung ...moreWell said!!",22,Positive,0.2225,groovystarlight feb anyone upgrading new ultra must want latest fastest samsung morewell said,2
https://www.gsmarena.com/xiaomi_redmi_note_13_pro-reviews-12581,Anonymous,10 Sep 2025,0,"Anonymous, 07 Sep 2025Don't buy this. You'll find other phones that are far better in the same price range.Name of phones...","Anonymous, 07 Sep 2025Don't buy this. You will find other phones that are far better in the same price range.Name of phones...",22,Positive,0.4404,anonymous sep dont buy find phone far better price rangename phone,2
https://www.gsmarena.com/samsung_galaxy_s24_ultra-reviews-12771,Anonymous,31 Jan 2026,0,I require assistance in understanding the utility and significance of Bixby. Is it possible to uninstall this application?,I require assistance in understanding the utility and significance of Bixby. Is it possible to uninstall this application?,18,Positive,0.2732,require assistance understanding utility significance bixby possible uninstall application,2
https://www.gsmarena.com/samsung_galaxy_s24_ultra-reviews-12771,maks-rs,04 Jun 2026,0,"Maria, 04 Jun 2026I already installed the security update: May 5, 2026, but nothing changed.
By the way, I have...more/ settings / general management / keyboard / show button to hide keyboard . You can use this button on the bottom to hide keyboard.","Maria, 04 Jun 2026I already installed the security update: May 5, 2026, but nothing changed. By the way, I have...more/ settings / general management / keyboard / show button to hide keyboard . You can use this button on the bottom to hide keyboard.",44,Negative,-0.34,maria jun already installed security update may but nothing changed way havemore setting general management keyboard show button hide keyboard use button bottom hide keyboard,0
https://www.gsmarena.com/samsung_galaxy_a54-reviews-12070,Gino76ph,06 Oct 2024,0,"Vans79, 06 Oct 2024A54 is good and reliable phone. So is S23FE. If you are casual user go for A54 and save some m...moreIt's a difficult choice i know.If the A54 has a 256GB UFS 4.0 and eSIM version that may sway me to get the phone. But i don't see any evidence of that.I do know the 256GB of the S23 FE has UFS 4.0 (which is more effecient and more speedy) and it has eSIM support so that may sway my decision towards the phone.I don't do gaming, streaming, vlogging, editing too much on my phone. But I do love taking photos when I'm travelling or just everyday / out & about simple things that interests me.","Vans79, 06 Oct 2024A54 is good and reliable phone. So is S23FE. If you are casual user go for A54 and save some m...moreIt's a difficult choice i know.If the A54 has a 256GB UFS 4.0 and eSIM version that may sway me to get the phone. But i do not see any evidence of that.I do know the 256GB of the S23 FE has UFS 4.0 (which is more effecient and more speedy) and it has eSIM support so that may sway my decision towards the phone.I do not do gaming, streaming, vlogging, editing too much on my phone. But I do love taking photos when I am travelling or just everyday / out & about simple things that interests me.",122,Positive,0.9387,van oct good reliable phone sfe casual user go save mmoreits difficult choice knowif gb ufs esim version may sway get phone but not see evidence thati know gb fe ufs effecient speedy esim support may sway decision towards phonei not gaming streaming vlogging editing much phone but love taking photo travelling everyday simple thing interest,2
https://www.gsmarena.com/samsung_galaxy_a54-reviews-12070,Anonymous,01 Apr 2025,0,"nabski, 03 Mar 2025I think Samsung A54 still holds its value up to this day (quite better than Iphone SE). I real...moreAny battery draining issues?","nabski, 03 Mar 2025I think Samsung A54 still holds its value up to this day (quite better than Iphone SE). I real...moreAny battery draining issues?",25,Positive,0.6486,nabski mar think samsung still hold value day quite better iphone se realmoreany battery draining issue,2
https://www.gsmarena.com/samsung_galaxy_s24_ultra-reviews-12771,ebenjag - itel a04,31 Dec 2025,0,Funny enough the preview images color is the same as the color I use,Funny enough the preview images color is the same as the color I use,14,Positive,0.4404,funny enough preview image color color use,2
https://www.gsmarena.com/apple_iphone_se_(2022)-reviews-11410,Michael McCarthy,02 Jan 2025,0,I’ll also be saying goodbye to the full screen of my 8 plus :’(Apple should make an iPhone that’s full screen by using an under-display camera and they should also add Touch ID under-display or to the power button. Other phones have these features. Come on Apple.,Ill also be saying goodbye to the full screen of my 8 plus :(Apple should make an iPhone that is full screen by using an under-display camera and they should also add Touch ID under-display or to the power button. Other phones have these features. Come on Apple.,48,Negative,-0.4215,ill also saying goodbye full screen plus apple make iphone full screen using underdisplay camera also add touch id underdisplay power button phone feature come apple,0
https://www.gsmarena.com/samsung_galaxy_a54-reviews-12070,BillAnt,08 Dec 2025,0,"Joshua, 03 Nov 2025Same problem here. Network issues. Samsung service centre from nagercoil refused to do service...moreIt's useless complaining about an issue online, it ain't gonna fix itself.  It's probably just a SIM card or firmware issue.  Take it to a local independent phone repair shop and most will diagnose it for free, then go from there.","Joshua, 03 Nov 2025Same problem here. Network issues. Samsung service centre from nagercoil refused to do service...moreIt's useless complaining about an issue online, it are not going to fix itself. It is probably just a SIM card or firmware issue. Take it to a local independent phone repair shop and most will diagnose it for free, then go from there.",60,Negative,-0.6369,joshua nov problem network issue samsung service centre nagercoil refused servicemoreits useless complaining issue online not going fix probably sim card firmware issue take local independent phone repair shop diagnose free go,0
https://www.gsmarena.com/realme_c55-reviews-12159,Ra-Iri,30 Mar 2023,0,Imagine buying an iPhone copycat with underbaked features and a bad chipset,Imagine buying an iPhone copycat with underbaked features and a bad chipset,12,Negative,-0.5423,imagine buying iphone copycat underbaked feature bad chipset,0
https://www.gsmarena.com/xiaomi_redmi_note_13_pro-reviews-12581,Anonymous,07 Jan 2025,0,Can the protective film be removed (peeled off) immediately without any hussle?,Can the protective film be removed (peeled off) immediately without any hussle?,12,Neutral,0.0,protective film removed peeled immediately without hussle,1
https://www.gsmarena.com/apple_iphone_15_pro_max-reviews-12548,Anonymous,12 Apr 2025,0,Does the iPhone 15 pro max still overheating on 18.4,Does the iPhone 15 pro max still overheating on 18.4,10,Neutral,0.0,iphone pro max still overheating,1
https://www.gsmarena.com/apple_iphone_se_(2022)-reviews-11410,Anonymous,26 Jan 2024,0,"Anonymous, 24 Jan 2024I don't understand why GSMArena lists Touch ID as a pro when EVERY android phone has also...moreMay I point out that in the second paragraph, the last three words before the first comma, you have made a bold statement. May I then add that there is a saying in some languages that means something like „you are what you say“. Just to highlight this thought.","Anonymous, 24 Jan 2024I do not understand why GSMArena lists Touch ID as a pro when EVERY android phone has also...moreMay I point out that in the second paragraph, the last three words before the first comma, you have made a bold statement. May I then add that there is a saying in some languages that means something like you are what you say. Just to highlight this thought.",69,Positive,0.7579,anonymous jan not understand gsmarena list touch id pro every android phone alsomoremay point second paragraph last three word first comma made bold statement may add saying language mean something like say highlight thought,2
https://www.gsmarena.com/samsung_galaxy_s24_ultra-reviews-12771,CamoGeko-XDA,25 Mar 2026,0,"Durbanbornboy, 20 Mar 2026if anyone in 2026 is considering buying this phone then let me tell you this... GO FOR IT!  th...moreYep 😊👍 absolute beast phone. Just wish the updates weren't so slow. Monthly patch doesn't update until the last week of the month usually.","Durbanbornboy, 20 Mar 2026if anyone in 2026 is considering buying this phone then let me tell you this... GO FOR IT! th...moreYep absolute beast phone. Just wish the updates were not so slow. Monthly patch does not update until the last week of the month usually.",46,Positive,0.4574,durbanbornboy mar anyone considering buying phone let tell go thmoreyep absolute beast phone wish update not slow monthly patch not update last week month usually,2
https://www.gsmarena.com/apple_iphone_se_(2022)-reviews-11410,Anonymous,29 Jan 2024,0,"Anonymous, 28 Jan 2024iPhone SE:
When you want to tap on the display with your finger and it covers half of it.iPhone SE:When you can actually reach all four corners of the display while holding it with one hand without looking like an idiot","Anonymous, 28 Jan 2024iPhone SE: When you want to tap on the display with your finger and it covers half of it.iPhone SE:When you can actually reach all four corners of the display while holding it with one hand without looking like an idiot",44,Negative,-0.2047,anonymous jan iphone se want tap display finger cover half itiphone sewhen actually reach four corner display holding one hand without looking like idiot,0
https://www.gsmarena.com/realme_c55-reviews-12159,Anonymous,21 Jul 2023,0,"based on reviews, mic and/or speaker sound bad on the reviews but rarely use speaker. could be from a bad sampleUX antutu is quite good, i don't game, i suppose it'll be smooth with nice adaptive 90hz !also good enough LCD, maybe not sunlight, but i can't OLED, as beautiful as they are, they give me eye strain & headachemain camera pictures are nice ! better than my half broken A53 (droped it so badly a few times)selfie are ok enough, I hope so. not sure if ok in sunlight or low lightvideo I don't use much, so i don't really care.processor TDP is 5w should be good for battery even at 12nm. Again, not done for gamers.Attractive design and not to heavey (glass back = fragile heavey slippery, useless fancy thing to me) - those wide fake lens are ridiculous and take space, well, it's like that.UFS would be great, but is it that important ? I guess is significant for loading apps and heavey SD memory write/read. for my use, web and 2 or 3 social apps already in memory I suppose I won't see much a difference.6gb good, as 4gb is weak nowadays. Apparently android use 3gb at boot. when opening a few tabs on 4gb + emmc phone, I experiecend lags and even crash (so many badly coded web sites right now !!!)didn't even pay attention 5G, i don't care, i force 4G, who really use 5G ? maybe in high density megalopolis, otherwise, how battery-drain-usefulness-unimplemented-features that is for now ?!...I've ordered 128/6 (supposed to be interesting at 179 euros)if i remember, I will post my experience later.","based on reviews, mic and/or speaker sound bad on the reviews but rarely use speaker. could be from a bad sampleUX antutu is quite good, i do not game, i suppose it will be smooth with nice adaptive 90hz !also good enough LCD, maybe not sunlight, but i cannot OLED, as beautiful as they are, they give me eye strain & headachemain camera pictures are nice ! better than my half broken A53 (droped it so badly a few times)selfie are ok enough, I hope so. not sure if ok in sunlight or low lightvideo I do not use much, so i do not really care.processor TDP is 5w should be good for battery even at 12nm. Again, not done for gamers.Attractive design and not to heavey (glass back = fragile heavey slippery, useless fancy thing to me) - those wide fake lens are ridiculous and take space, well, it is like that.UFS would be great, but is it that important ? I guess is significant for loading apps and heavey SD memory write/read. for my use, web and 2 or 3 social apps already in memory I suppose I will not see much a difference.6gb good, as 4gb is weak nowadays. Apparently android use 3gb at boot. when opening a few tabs on 4gb + emmc phone, I experiecend lags and even crash (so many badly coded web sites right now !!!)did not even pay attention 5G, i do not care, i force 4G, who really use 5G ? maybe in high density megalopolis, otherwise, how battery-drain-usefulness-unimplemented-features that is for now ?!...I have ordered 128/6 (supposed to be interesting at 179 euros)if i remember, I will post my experience later.",281,Negative,-0.5025,based review mic andor speaker sound bad review but rarely use speaker could bad sampleux antutu quite good not game suppose smooth nice adaptive hz also good enough lcd maybe not sunlight but not oled beautiful give eye strain headachemain camera picture nice better half broken droped badly timesselfie ok enough hope not sure ok sunlight low lightvideo not use much not really careprocessor tdp good battery even nm not done gamersattractive design not heavey glass back fragile heavey slippery useless fancy thing wide fake lens ridiculous take space well like thatufs would great but important guess significant loading apps heavey sd memory writeread use web social apps already memory suppose not see much differencegb good gb weak nowadays apparently android use gb boot opening tab gb emmc phone experiecend lag even crash many badly coded web site right not even pay attention not care force really use maybe high density megalopolis otherwise batterydrainusefulnessunimplementedfeatures ordered supposed interesting eurosif remember post experience later,0
https://www.gsmarena.com/samsung_galaxy_a54-reviews-12070,Ultima 9,23 Aug 2024,0,"A54 user, 22 Aug 2024Where and how Y'all getting overheating.  Jeez, I've had this phone for over 8months...moreagreed","A54 user, 22 Aug 2024Where and how You all getting overheating. Jeez, I have had this phone for over 8months...moreagreed",20,Neutral,0.0,user aug getting overheating jeez phone monthsmoreagreed,1
https://www.gsmarena.com/nokia_g22-reviews-12145,Anonymous,24 Jul 2023,0,This tablet does not have a SIM card slot.,This tablet does not have a SIM card slot.,9,Neutral,0.0,tablet not sim card slot,1
https://www.gsmarena.com/samsung_galaxy_s24_ultra-reviews-12771,Sam799,10 May 2026,0,I'm using the S23 Ultra which is still beast of a phone! If I ever upgrade it would be the S24 Ultra not the S25 or the S26 but only this one which is probably the last Ultras to carry on the legacy with its boxy design which is still a standout.,I am using the S23 Ultra which is still beast of a phone! If I ever upgrade it would be the S24 Ultra not the S25 or the S26 but only this one which is probably the last Ultras to carry on the legacy with its boxy design which is still a standout.,53,Neutral,0.0,using ultra still beast phone ever upgrade would ultra not but one probably last ultras carry legacy boxy design still standout,1
https://www.gsmarena.com/apple_iphone_15_pro_max-reviews-12548,Anonymous,01 Jul 2024,0,"mike, 30 Jun 2024i have no issuses with my iphone 15 pro max if you not a heavy user your battery  will last longerwhat i know. inside of this iphone batteries still using pine wood in their component.","mike, 30 Jun 2024i have no issuses with my iphone 15 pro max if you not a heavy user your battery will last longerwhat i know. inside of this iphone batteries still using pine wood in their component.",38,Negative,-0.296,mike jun no issus iphone pro max not heavy user battery last longerwhat know inside iphone battery still using pine wood component,0
https://www.gsmarena.com/apple_iphone_se_(2022)-reviews-11410,Anonymous,20 Nov 2023,0,OG SE beats the crap out of this sh17box. Thing is fast as h3ll on ios 17 tho,OG SE beats the crap out of this sh17box. Thing is fast as h3ll on ios 17 though,18,Negative,-0.3818,og se beat crap shbox thing fast hll io though,0
https://www.gsmarena.com/xiaomi_redmi_note_13_pro-reviews-12581,Anonymous,18 Mar 2026,0,"YAKUBU S, 17 Mar 2026My redmi note 13 pro has not received the hyper os 3 update. Indian version.I did receive it today and installed it. Big mistake, now I have a permanent section/block on the bottom of my keyboard that has one button for language changing, it miniminzed screen display and it cannot be disabled in settings.","YAKUBU S, 17 Mar 2026My redmi note 13 pro has not received the hyper os 3 update. Indian version.I did receive it today and installed it. Big mistake, now I have a permanent section/block on the bottom of my keyboard that has one button for language changing, it miniminzed screen display and it cannot be disabled in settings.",58,Negative,-0.34,yakubu mar redmi note pro not received hyper o update indian versioni receive today installed big mistake permanent sectionblock bottom keyboard one button language changing miniminzed screen display not disabled setting,0
https://www.gsmarena.com/samsung_galaxy_s24_ultra-reviews-12771,Anonymous,30 Dec 2025,0,"Sam799, 29 Nov 2025Im my country it's still available in Samsung stores along with the S25 line up at discou...moreOK","Sam799, 29 Nov 2025Im my country it is still available in Samsung stores along with the S25 line up at discou...moreOK",21,Neutral,0.0,sam nov im country still available samsung store along line discoumoreok,1
https://www.gsmarena.com/realme_c55-reviews-12159,bruhtop,28 May 2024,0,overpriced Helio G88,overpriced Helio G88,3,Neutral,0.0,overpriced helio,1
https://www.gsmarena.com/apple_iphone_se_(2022)-reviews-11410,Anonymous,11 Feb 2024,0,"Healthyheart, 07 Feb 2024I'm planning to buy it's phone. 

How's it's battery backup

N low lig...moreLow light photography is awful and there is no night mode. I bought an used 11 Pro simply because of this and honestly I don't regret not buying a SE 2022.","Healthyheart, 07 Feb 2024I'm planning to buy it is phone. How is it is battery backup N low lig...moreLow light photography is awful and there is no night mode. I bought an used 11 Pro simply because of this and honestly I do not regret not buying a SE 2022.",50,Negative,-0.2425,healthyheart feb im planning buy phone battery backup low ligmorelow light photography awful no night mode bought used pro simply honestly not regret not buying se,0
https://www.gsmarena.com/apple_iphone_se_(2022)-reviews-11410,Anonymous,20 Feb 2024,0,"Healthyheart, 07 Feb 2024I'm planning to buy it's phone. 

How's it's battery backup

N low lig...moreI bought this iPhone and it's just garbage. Maybe 14/15 Pro are slightly better, but in my opinion they are unreasonably expensive when the inexpensive Pixel exists.","Healthyheart, 07 Feb 2024I'm planning to buy it is phone. How is it is battery backup N low lig...moreI bought this iPhone and it is just garbage. Maybe 14/15 Pro are slightly better, but in my opinion they are unreasonably expensive when the inexpensive Pixel exists.",46,Positive,0.0653,healthyheart feb im planning buy phone battery backup low ligmorei bought iphone garbage maybe pro slightly better but opinion unreasonably expensive inexpensive pixel exists,2
https://www.gsmarena.com/apple_iphone_15_pro_max-reviews-12548,Anonymous,19 Apr 2024,0,"KennyYun, 18 Apr 2024feel solid,very good speaker and undoubtedly a high performance mobile phone even for console ...moresolid like android professional. thats great and valueable.","KennyYun, 18 Apr 2024feel solid,very good speaker and undoubtedly a high performance mobile phone even for console ...moresolid like android professional. that is great and valueable.",26,Positive,0.8591,kennyyun apr feel solidvery good speaker undoubtedly high performance mobile phone even console moresolid like android professional great valueable,2
https://www.gsmarena.com/apple_iphone_se_(2022)-reviews-11410,P650SE,22 Apr 2024,0,"I purchased this phone new a week ago. The one major issue I have noticed personally, is that the display has quite poor response times, in particular when using dark mode, scrolling white text on a dark background results in smearing and ghosting trails being visible with the motion of the screen.I like everything else about this device, the small size, performance of A15, Touch ID, no PWM, no notch/punchhole. But the issue of this ghosting trails/smearing in dark mode is very distracting for me (notably worse in comparison to the OG SE 1st Gen) and a large reason I am already considering selling this device :(","I purchased this phone new a week ago. The one major issue I have noticed personally, is that the display has quite poor response times, in particular when using dark mode, scrolling white text on a dark background results in smearing and ghosting trails being visible with the motion of the screen.I like everything else about this device, the small size, performance of A15, Touch ID, no PWM, no notch/punchhole. But the issue of this ghosting trails/smearing in dark mode is very distracting for me (notably worse in comparison to the OG SE 1st Gen) and a large reason I am already considering selling this device :(",107,Negative,-0.9311,purchased phone new week ago one major issue noticed personally display quite poor response time particular using dark mode scrolling white text dark background result smearing ghosting trail visible motion screeni like everything else device small size performance touch id no pwm no notchpunchhole but issue ghosting trailssmearing dark mode distracting notably worse comparison og se st gen large reason already considering selling device,0
https://www.gsmarena.com/apple_iphone_se_(2022)-reviews-11410,Michael McCarthy,08 May 2026,0,"Just in case anyone’s interested, I believe that it’s best for the long-term battery health of lithium batteries to start charging before it gets to (or below, I can’t quite remember) 40% and to stop charging before 90% so between 40 or 41-89% is ideal. I tend to do the 89% more than the 40% because doing both all the time is not always feasible. I’m not talking shit by the way, there was a proper study done on it in the past. My 8 Plus still has the original battery and it’s down to 81% (and has been on 81% for ages now) but I’ve had the phone since September 2021. I fast charge it these days with the Apple 20W USB-C Power Adapter. It charges so much faster than with a standard 5V 1A 5W charger, especially up to 80% then it slows down for some reason (and no I don’t have Optimised Battery Charging switched on). Slow charging may possibly be better for the battery health in the long run but it’s just too damn slow.","Just in case anyones interested, I believe that its best for the long-term battery health of lithium batteries to start charging before it gets to (or below, I cannot quite remember) 40% and to stop charging before 90% so between 40 or 41-89% is ideal. I tend to do the 89% more than the 40% because doing both all the time is not always feasible. I Am not talking shit by the way, there was a proper study done on it in the past. My 8 Plus still has the original battery and its down to 81% (and has been on 81% for ages now) but I Have had the phone since September 2021. I fast charge it these days with the Apple 20W USB-C Power Adapter. It charges so much faster than with a standard 5V 1A 5W charger, especially up to 80% then it slows down for some reason (and no I do not have Optimised Battery Charging switched on). Slow charging may possibly be better for the battery health in the long run but its just too damn slow.",182,Negative,-0.0964,case anyones interested believe best longterm battery health lithium battery start charging get not quite remember stop charging ideal tend time not always feasible not talking shit way proper study done past plus still original battery age but phone since september fast charge day apple usbc power adapter charge much faster standard charger especially slows reason no not optimised battery charging switched slow charging may possibly better battery health long run but damn slow,0
https://www.gsmarena.com/realme_c55-reviews-12159,Anonymous,08 Mar 2023,0,"Wong Grobogan , 07 Mar 2023Got it yesterday for only $159 (Indonesian price) 6/128.
Overall this is a best budget phone....morewhat about the video quality? is it shaking or not?","Wong Grobogan , 07 Mar 2023Got it yesterday for only $159 (Indonesian price) 6/128. Overall this is a best budget phone....morewhat about the video quality? is it shaking or not?",30,Positive,0.594,wong grobogan mar got yesterday indonesian price overall best budget phonemorewhat video quality shaking not,2
https://www.gsmarena.com/apple_iphone_se_(2022)-reviews-11410,Anonymous,05 Jan 2024,0,"Please do not buy, mediocre charging speed , slow wifi, bad battery problem","Please do not buy, mediocre charging speed , slow wifi, bad battery problem",13,Negative,-0.5994,please not buy mediocre charging speed slow wifi bad battery problem,0
https://www.gsmarena.com/apple_iphone_se_(2022)-reviews-11410,Anonymous,31 Jan 2025,0,"Bring on SE4 awful battery , size screen joke lol. $100 phone . 4 they will get right 6.1 screen is minimum these days compact","Bring on SE4 awful battery , size screen joke lol. $100 phone . 4 they will get right 6.1 screen is minimum these days compact",25,Positive,0.25,bring se awful battery size screen joke lol phone get right screen minimum day compact,2
https://www.gsmarena.com/apple_iphone_se_(2022)-reviews-11410,Anonymous,02 Nov 2025,0,I love this phone because it’s like iphone13 but smaller,I love this phone because its like iphone13 but smaller,10,Positive,0.5187,love phone like iphone but smaller,2
https://www.gsmarena.com/xiaomi_redmi_note_13_pro-reviews-12581,Anonymous,24 Jan 2025,0,Cannot use voice-to-text input in Telegram. This is a disaster.,Cannot use voice-to-text input in Telegram. This is a disaster.,10,Negative,-0.6249,not use voicetotext input telegram disaster,0
https://www.gsmarena.com/apple_iphone_se_(2022)-reviews-11410,Anonymous,19 Apr 2026,0,"Michael McCarthy, 15 Apr 2026What’s “underscreen gasket”? I haven’t heard of that before. Are you referring to a screen pro...moreOh gasket is a thingy that removes any space between joined parts, making them watertight. In case of this phone (and vast majority of mobiles with non-removable battery) it's also an adhesive, and previous owner failed installing it so my phone wasn't waterproof... I successfully replaced it, it's all good now (even did anxiety-inducing test under a tap heh)","Michael McCarthy, 15 Apr 2026Whats underscreen gasket? I have not heard of that before. Are you referring to a screen pro...moreOh gasket is a thingy that removes any space between joined parts, making them watertight. In case of this phone (and vast majority of mobiles with non-removable battery) it is also an adhesive, and previous owner failed installing it so my phone was not waterproof... I successfully replaced it, it is all good now (even did anxiety-inducing test under a tap heh)",82,Negative,-0.4639,michael mccarthy apr whats underscreen gasket not heard referring screen promoreoh gasket thingy remove space joined part making watertight case phone vast majority mobile nonremovable battery also adhesive previous owner failed installing phone not waterproof successfully replaced good even anxietyinducing test tap heh,0
https://www.gsmarena.com/realme_c55-reviews-12159,Anonymous,17 Jul 2024,0,"Hi, how do i share my call recording to others?..Kindly advise.TQ","Hi, how do i share my call recording to others?..Kindly advise.TQ",11,Positive,0.296,hi share call recording otherskindly advisetq,2
https://www.gsmarena.com/xiaomi_redmi_note_13_pro-reviews-12581,Anonymous,02 Nov 2025,0,"Superfast phone,all great except battery life.But l need big display,l need foldable phone","Superfast phone,all great except battery life.But l need big display,l need foldable phone",13,Positive,0.6249,superfast phoneall great except battery lifebut need big displayl need foldable phone,2
https://www.gsmarena.com/apple_iphone_15_pro_max-reviews-12548,Anonymous,19 Jul 2024,0,"user, 19 Jul 2024fake newsridiculous","user, 19 Jul 2024fake newsridiculous",5,Neutral,0.0,user jul fake newsridiculous,1
https://www.gsmarena.com/apple_iphone_se_(2022)-reviews-11410,Anonymous,25 Apr 2026,0,"Michael McCarthy, 10 Apr 2026Lol I just hope that that 6s isn’t your daily driver or your only phone. It’s a bit silly if i...moreI use a 6s as my daily driver and it works just fine. I have all the apps I need on this phone with the exception of Slack. I'm not a power user so the battery life works just well, and I just love how this form factor feels in my hand. The only reason I'm thinking of switching to the SE 2022 is coz of the slack app that I use for work. You really truly don't need tp have the latest or the greatest, so long as what you have works just fine","Michael McCarthy, 10 Apr 2026Lol I just hope that that 6s is not your daily driver or your only phone. Its a bit silly if i...moreI use a 6s as my daily driver and it works just fine. I have all the apps I need on this phone with the exception of Slack. I am not a power user so the battery life works just well, and I just love how this form factor feels in my hand. The only reason I am thinking of switching to the SE 2022 is coz of the slack app that I use for work. You really truly do not need tp have the latest or the greatest, so long as what you have works just fine",123,Positive,0.9701,michael mccarthy apr lol hope not daily driver phone bit silly imorei use daily driver work fine apps need phone exception slack not power user battery life work well love form factor feel hand reason thinking switching se coz slack app use work really truly not need tp latest greatest long work fine,2
https://www.gsmarena.com/samsung_galaxy_s24_ultra-reviews-12771,Sam799,05 Jan 2026,0,"CamoGeko-XDA, 31 Dec 2025Flossy calls that colour the banana head yellow!Flossy reviews are highly entertaining 😀","CamoGeko-XDA, 31 Dec 2025Flossy calls that colour the banana head yellow!Flossy reviews are highly entertaining",15,Positive,0.54,camogekoxda dec flossy call colour banana head yellowflossy review highly entertaining,2
https://www.gsmarena.com/xiaomi_redmi_note_13_pro-reviews-12581,Anonymous,12 Mar 2025,0,Have those who received HyperOS version 2.0.4.0 noticed an improvement in battery performance ? Does it not generate excessive heat while gaming ?,Have those who received HyperOS version 2.0.4.0 noticed an improvement in battery performance ? Does it not generate excessive heat while gaming ?,23,Positive,0.5204,received hyperos version noticed improvement battery performance not generate excessive heat gaming,2
https://www.gsmarena.com/samsung_galaxy_a54-reviews-12070,Gino76ph,02 Oct 2024,0,"Would you say you the older Galaxy A54 is a better value than the newer S23 FE because of the decent performance, photos and far better battery life?Or would you say the S23 FE (after all those software updates) is a much more compelling device to invest on?","Would you say you the older Galaxy A54 is a better value than the newer S23 FE because of the decent performance, photos and far better battery life?Or would you say the S23 FE (after all those software updates) is a much more compelling device to invest on?",48,Positive,0.8675,would say older galaxy better value newer fe decent performance photo far better battery lifeor would say fe software update much compelling device invest,2
https://www.gsmarena.com/apple_iphone_se_(2022)-reviews-11410,Anonymous,02 Jun 2023,0,How is the camera for photographing people/yourself? Is it better than the terrivle camera on the Samsung Galaxy A12?,How is the camera for photographing people/yourself? Is it better than the terrivle camera on the Samsung Galaxy A12?,19,Positive,0.504,camera photographing peopleyourself better terrivle camera samsung galaxy,2
https://www.gsmarena.com/realme_c55-reviews-12159,Anonymous,07 Jun 2023,0,"Which is better, Realme C55 or Realme 9?","Which is better, Realme C55 or Realme 9?",8,Positive,0.4404,better realme realme,2
https://www.gsmarena.com/apple_iphone_15_pro_max-reviews-12548,romanson,02 Aug 2024,0,"Hello to all and greetings from Montenegro.I decided to share my opinion about pro max 15.I have black titanium , 1TB version , Desay battery.Comming from Pro Max 13 , than 14 Pro Max , here is mine opinion.Phone is ok , i will test it next few days , what i can say now is this.It is fast , but not notecebly faster than 14 Pro Max or 13 Pro Max.It has i think same battery or slightly worse than 14 Pro Max , and its prone to heating , not prone to excesive heat , but it heats more than 13 or 14 Pro Max.Camera , all the other stuff are the same, so for anyone comming frome those devices, not worth it.I will say this one more time.It is still in testing phase , so i will let you know other details soon.For now , that is it","Hello to all and greetings from Montenegro.I decided to share my opinion about pro max 15.I have black titanium , 1TB version , Desay battery.Comming from Pro Max 13 , than 14 Pro Max , here is mine opinion.Phone is ok , i will test it next few days , what i can say now is this.It is fast , but not notecebly faster than 14 Pro Max or 13 Pro Max.It has i think same battery or slightly worse than 14 Pro Max , and its prone to heating , not prone to excesive heat , but it heats more than 13 or 14 Pro Max.Camera , all the other stuff are the same, so for anyone comming frome those devices, not worth it.I will say this one more time.It is still in testing phase , so i will let you know other details soon.For now , that is it",151,Negative,-0.3838,hello greeting montenegroi decided share opinion pro max black titanium tb version desay batterycomming pro max pro max mine opinionphone ok test next day say thisit fast but not notecebly faster pro max pro maxit think battery slightly worse pro max prone heating not prone excesive heat but heat pro maxcamera stuff anyone comming frome device not worth iti say one timeit still testing phase let know detail soonfor,0
https://www.gsmarena.com/apple_iphone_15_pro_max-reviews-12548,Anonymous,28 Jul 2024,0,Good best phone,Good best phone,3,Positive,0.7964,good best phone,2
https://www.gsmarena.com/realme_c55-reviews-12159,Anonymous,04 May 2023,0,"I bough the phone(6gb/128gb) last week , 55% battery it took me 2 days to drain it . After my first charge (12pm Saturday (29.04.2023)), currently it is 26% (5 days). I am very happy with the performance of the phone.","I bough the phone(6gb/128gb) last week , 55% battery it took me 2 days to drain it . After my first charge (12pm Saturday (29.04.2023)), currently it is 26% (5 days). I am very happy with the performance of the phone.",41,Positive,0.6115,bough phonegbgb last week battery took day drain first charge pm saturday currently day happy performance phone,2
https://www.gsmarena.com/samsung_galaxy_a54-reviews-12070,Ultima 9,19 Oct 2024,0,"Anonymous, 19 Oct 2024Gaming on any phone that uses exynos soc is a complete disaster 😂Exynos 1380 may lack a little bit of raw power compared to chipsets like sd 7sgen 3 but it still delivers good and stable performance without overheating","Anonymous, 19 Oct 2024Gaming on any phone that uses exynos soc is a complete disaster Exynos 1380 may lack a little bit of raw power compared to chipsets like sd 7sgen 3 but it still delivers good and stable performance without overheating",42,Positive,0.6369,anonymous oct gaming phone us exynos soc complete disaster exynos may lack little bit raw power compared chipsets like sd sgen but still delivers good stable performance without overheating,2
https://www.gsmarena.com/xiaomi_redmi_note_13_pro-reviews-12581,Anonymous,06 May 2025,0,"Anonymous, 04 May 2025are xiaomi redmi note 14 pro 5g phone was a good option for running themThis is the Note 13 Pro section. You should ask the Note 14 Pro section instead","Anonymous, 04 May 2025are xiaomi redmi note 14 pro 5g phone was a good option for running themThis is the Note 13 Pro section. You should ask the Note 14 Pro section instead",33,Positive,0.4404,anonymous may xiaomi redmi note pro phone good option running themthis note pro section ask note pro section instead,2
https://www.gsmarena.com/samsung_galaxy_s24_ultra-reviews-12771,Anonymous,04 Feb 2026,0,Please helpMy SIM network doesn't come up since is upgrade my s24 ultra,Please helpMy SIM network does not come up since is upgrade my s24 ultra,14,Positive,0.3182,please helpmy sim network not come since upgrade ultra,2
https://www.gsmarena.com/samsung_galaxy_a54-reviews-12070,Vans79,28 Sep 2024,0,"Anonymous, 28 Sep 2024Always 120Hz, on any phone.But the battery life is insane with 60hz. For two days the eye get used to the lower refresh rate","Anonymous, 28 Sep 2024Always 120Hz, on any phone.But the battery life is insane with 60hz. For two days the eye get used to the lower refresh rate",27,Negative,-0.5994,anonymous sep always hz phonebut battery life insane hz two day eye get used lower refresh rate,0
https://www.gsmarena.com/samsung_galaxy_a54-reviews-12070,Datti,02 Jul 2026,0,"Coming from A52 two years ago,this is a nice upgrade, except it feels bulky on my hand, I prefer compact phones like the A52 I was coming from.","Coming from A52 two years ago,this is a nice upgrade, except it feels bulky on my hand, I prefer compact phones like the A52 I was coming from.",28,Positive,0.8176,coming two year agothis nice upgrade except feel bulky hand prefer compact phone like coming,2
https://www.gsmarena.com/samsung_galaxy_a54-reviews-12070,Anonymous,07 Jan 2025,0,"Anonymous, 23 Dec 2024A54 Received Right Now Security Patch 1 December 2024
A546B CSC EUX 
Size 270MBWhich country are you?","Anonymous, 23 Dec 2024A54 Received Right Now Security Patch 1 December 2024 A546B CSC EUX Size 270MBWhich country are you?",20,Positive,0.34,anonymous dec received right security patch december ab csc eux size mbwhich country,2
https://www.gsmarena.com/apple_iphone_15_pro_max-reviews-12548,Anonymous,08 Jul 2025,0,"juanryfo, 30 Jun 2025lol you still downgraded the ios to 18 what are you saying ios 18 was the worst if you still d...moreThat’s betterDon’t worryYou now have the iOS 26 beta here which is worst","juanryfo, 30 Jun 2025lol you still downgraded the ios to 18 what are you saying ios 18 was the worst if you still d...moreThats betterDont worryYou now have the iOS 26 beta here which is worst",36,Negative,-0.8481,juanryfo jun lol still downgraded io saying io worst still dmorethats betterdont worryyou io beta worst,0
https://www.gsmarena.com/apple_iphone_15_pro_max-reviews-12548,Anonymous,30 Oct 2025,0,"I got the 15 Pro Max last year for a little more than $700. Other than the battery health going down and the occasional overheating during charging or software updates, the phone has been good. I’ll wait until iOS 26.1 or iOS 26.2 to update. This last version of the iOS 18 has been stable. I have apple care so I’ll get the battery replaced when it goes down to 80% health.","I got the 15 Pro Max last year for a little more than $700. Other than the battery health going down and the occasional overheating during charging or software updates, the phone has been good. Ill wait until iOS 26.1 or iOS 26.2 to update. This last version of the iOS 18 has been stable. I have apple care so Ill get the battery replaced when it goes down to 80% health.",72,Positive,0.4019,got pro max last year little battery health going occasional overheating charging software update phone good ill wait io io update last version io stable apple care ill get battery replaced go health,2
https://www.gsmarena.com/apple_iphone_se_(2022)-reviews-11410,Anonymous,13 Sep 2023,0,"gave iphone a chance again, having loved 4s but couldn't stand ios back then.i don't care about bezels, not having them on previous (android) phones had little impact on my life. i really don't care how old the rest of this phone is. all previous androids i used had worse camera. screen is perfect size. making it a perfect pocket smartphone. i can't make out the pixels, couldn't care less. and no, my hands aren't small, they're 21cm long, aka huge. i love touch id! wouldn't have gotten the phone otherwise. anyways, seems like i will be going back to android once this dies and new ones won't be manufactured anymore. i finish my day with over 50% of battery. so, if you don't live on your phone, dislike phablets, and require touch id - this is could be the last best iphone for you.","gave iphone a chance again, having loved 4s but could not stand ios back then.i do not care about bezels, not having them on previous (android) phones had little impact on my life. i really do not care how old the rest of this phone is. all previous androids i used had worse camera. screen is perfect size. making it a perfect pocket smartphone. i cannot make out the pixels, could not care less. and no, my hands are not small, they are 21cm long, aka huge. i love touch id! would not have gotten the phone otherwise. anyways, seems like i will be going back to android once this dies and new ones will not be manufactured anymore. i finish my day with over 50% of battery. so, if you do not live on your phone, dislike phablets, and require touch id - this is could be the last best iphone for you.",154,Positive,0.9311,gave iphone chance loved but could not stand io back theni not care bezel not previous android phone little impact life really not care old rest phone previous android used worse camera screen perfect size making perfect pocket smartphone not make pixel could not care less no hand not small cm long aka huge love touch id would not gotten phone otherwise anyways seems like going back android dy new one not manufactured anymore finish day battery not live phone dislike phablets require touch id could last best iphone,2
https://www.gsmarena.com/apple_iphone_se_(2022)-reviews-11410,Michael McCarthy,27 May 2026,0,"Acong , 25 May 2026ON EBAY: Please mind THAT IS REFURBISHED IPHONE.. WITH NO WARRANTY. as you can read.. It writt...moreWhat about the ones that are sold as brand new? Are they refurbished?","Acong , 25 May 2026ON EBAY: Please mind THAT IS REFURBISHED IPHONE.. WITH NO WARRANTY. as you can read.. It writt...moreWhat about the ones that are sold as brand new? Are they refurbished?",33,Negative,-0.2484,acong may ebay please mind refurbished iphone no warranty read writtmorewhat one sold brand new refurbished,0
https://www.gsmarena.com/xiaomi_redmi_note_13_pro-reviews-12581,Earnine,01 Dec 2025,0,i wish I could bought poco x6 pro 512 😔 because performance in this doesn't satisfy me,i wish I could bought poco x6 pro 512 because performance in this does not satisfy me,17,Positive,0.0567,wish could bought poco pro performance not satisfy,2
https://www.gsmarena.com/realme_c55-reviews-12159,Anonymous,20 Aug 2023,0,"akaAnas, 10 Aug 2023LoL you want a performance phone just buy a gaming phone then... This phone actually better th...moreRequesting to Realme Pakistan to launch this device in Pakistan in 2023 in all over the country you serve it what about is we are also waiting for it aggressive price launch it","akaAnas, 10 Aug 2023LoL you want a performance phone just buy a gaming phone then... This phone actually better th...moreRequesting to Realme Pakistan to launch this device in Pakistan in 2023 in all over the country you serve it what about is we are also waiting for it aggressive price launch it",52,Positive,0.3818,akaanas aug lol want performance phone buy gaming phone phone actually better thmorerequesting realme pakistan launch device pakistan country serve also waiting aggressive price launch,2
https://www.gsmarena.com/apple_iphone_15_pro_max-reviews-12548,Anonymous,06 May 2024,0,"Iphone 15 pro max, when I type in the middle of the screen, I feel as if there is a cavity underneath.....when I press the screen a little harder with two fingers, I feel it click a little. Factory fault????","Iphone 15 pro max, when I type in the middle of the screen, I feel as if there is a cavity underneath.....when I press the screen a little harder with two fingers, I feel it click a little. Factory fault????",40,Neutral,0.0,iphone pro max type middle screen feel cavity underneathwhen press screen little harder two finger feel click little factory fault,1
https://www.gsmarena.com/realme_c55-reviews-12159,Anonymous,24 Apr 2023,0,Okay now i see the pattern it drain every 5-7 minutes like bruh,Okay now i see the pattern it drain every 5-7 minutes like bruh,13,Positive,0.5267,okay see pattern drain every minute like bruh,2
https://www.gsmarena.com/xiaomi_redmi_note_13_pro-reviews-12581,Anonymous,28 Dec 2024,0,"Amazing phone, excellent screen with very bright colors.  The cpu is very fast and very efficient.  Huge memory with the option to extend!   The HyperOS  just came out and it's simple awesome.","Amazing phone, excellent screen with very bright colors. The cpu is very fast and very efficient. Huge memory with the option to extend! The HyperOS just came out and it is simple awesome.",33,Positive,0.97,amazing phone excellent screen bright color cpu fast efficient huge memory option extend hyperos came simple awesome,2
https://www.gsmarena.com/apple_iphone_se_(2022)-reviews-11410,SERIOUSBLACK47,24 Oct 2023,0,"George USA 299, 13 Oct 2023Peace Deal team: iPhone SE 3 as daily driver, Galaxy A01 Core as backup and radio/MP3 player a...moreI don't agree with tablet choiceIpad mini 5 128gb would suffice well& A24","George USA 299, 13 Oct 2023Peace Deal team: iPhone SE 3 as daily driver, Galaxy A01 Core as backup and radio/MP3 player a...moreI do not agree with tablet choiceIpad mini 5 128gb would suffice well& A24",36,Negative,-0.2755,george usa oct peace deal team iphone se daily driver galaxy core backup radiomp player amorei not agree tablet choiceipad mini gb would suffice well,0
https://www.gsmarena.com/xiaomi_redmi_note_13_pro-reviews-12581,Anonymous,01 Aug 2026,0,"Hi,Having problem using any browser but mainly google chrome, very often the browser is offline as if no internet connection present! I have to toggle airplane mode then it works fine.....tried uninstalling \cache clear\ virus scan & other tips but never manage to solve","Hi,Having problem using any browser but mainly google chrome, very often the browser is offline as if no internet connection present! I have to toggle airplane mode then it works fine.....tried uninstalling \cache clear\ virus scan & other tips but never manage to solve",44,Negative,-0.7636,hihaving problem using browser but mainly google chrome often browser offline no internet connection present toggle airplane mode work finetried uninstalling cache clear virus scan tip but never manage solve,0
https://www.gsmarena.com/xiaomi_redmi_note_13_pro-reviews-12581,Anonymous,28 Feb 2026,0,"uranium star, 04 Feb 2026has anyone got the os 3 version or not yet? i read somewhere that the update was coming at a m...moreLast hours of February and it hasn't come yet.","uranium star, 04 Feb 2026has anyone got the os 3 version or not yet? i read somewhere that the update was coming at a m...moreLast hours of February and it has not come yet.",34,Neutral,0.0,uranium star feb anyone got o version not yet read somewhere update coming mmorelast hour february not come yet,1
https://www.gsmarena.com/apple_iphone_15_pro_max-reviews-12548,Anonymous,06 Jun 2024,0,"Anonymous, 29 May 2024That's why sony number 1. Selling overpriced tech but at least they have sd card and aux!Overpriced phones with joke support and only few updates.","Anonymous, 29 May 2024That's why sony number 1. Selling overpriced tech but at least they have sd card and aux!Overpriced phones with joke support and only few updates.",28,Positive,0.7777,anonymous may thats sony number selling overpriced tech but least sd card auxoverpriced phone joke support update,2
https://www.gsmarena.com/realme_c55-reviews-12159,Anonymous,24 Apr 2023,0,umm guys do your realme c55 drain battery fast because mine does I already did some things to save some battery. I'm not trying to scare people who want to buy this phone but this is just my experience,umm guys do your realme c55 drain battery fast because mine does I already did some things to save some battery. I am not trying to scare people who want to buy this phone but this is just my experience,40,Positive,0.4703,umm guy realme drain battery fast mine already thing save battery not trying scare people want buy phone but experience,2
https://www.gsmarena.com/apple_iphone_15_pro_max-reviews-12548,Anonymous,24 Jun 2024,0,"user, 24 Jun 2024Any smartphone even with a thousand megapixels will take worse photos than the 12 megapixel Ni...morebecause of the economical of ios get old of the technology.","user, 24 Jun 2024Any smartphone even with a thousand megapixels will take worse photos than the 12 megapixel Ni...morebecause of the economical of ios get old of the technology.",29,Negative,-0.4767,user jun smartphone even thousand megapixels take worse photo megapixel nimorebecause economical io get old technology,0
https://www.gsmarena.com/apple_iphone_se_(2022)-reviews-11410,Anonymous,27 Sep 2023,0,this seems like the most doably priced phone in the apple series for its value.,this seems like the most doably priced phone in the apple series for its value.,15,Positive,0.5994,seems like doably priced phone apple series value,2
https://www.gsmarena.com/xiaomi_redmi_note_13_pro-reviews-12581,Anonymous,03 Dec 2024,0,"Kaynaat, 02 Dec 2024Redmi note 13 pro or OnePlus 12R?? please advice?xiaomi redmi note 13 pro is surely a good solution if you want a mid range phone about  300$ 400$ if i can propose a better phone one plus nord 4..","Kaynaat, 02 Dec 2024Redmi note 13 pro or OnePlus 12R?? please advice?xiaomi redmi note 13 pro is surely a good solution if you want a mid range phone about 300$ 400$ if i can propose a better phone one plus nord 4..",42,Positive,0.9207,kaynaat dec redmi note pro oneplus please advicexiaomi redmi note pro surely good solution want mid range phone propose better phone one plus nord,2
https://www.gsmarena.com/samsung_galaxy_s24_ultra-reviews-12771,Anonymous,28 Mar 2026,0,"Lorentziu, 28 Mar 20268,5 is coming..in india just arrived in betta version !!r u in the beta program ??","Lorentziu, 28 Mar 20268,5 is coming..in india just arrived in betta version !!r you in the beta program ??",19,Neutral,0.0,lorentziu mar comingin india arrived betta version beta program,1
https://www.gsmarena.com/realme_c55-reviews-12159,Anonymous,06 Apr 2024,0,"Zaydprovoker, 09 Jan 2024Is it good for roblox?get iphone se or pova 5","Zaydprovoker, 09 Jan 2024Is it good for roblox?get iphone se or pova 5",13,Positive,0.4404,zaydprovoker jan good robloxget iphone se pova,2
https://www.gsmarena.com/apple_iphone_se_(2022)-reviews-11410,Anonymous,21 Mar 2026,0,I love this phone wanna use this as soon as possible i dont carwe about display or batteryI love that it is small and powerfull with some old style,I love this phone want to use this as soon as possible i do not carwe about display or batteryI love that it is small and powerfull with some old style,31,Positive,0.8658,love phone want use soon possible not carwe display batteryi love small powerfull old style,2
https://www.gsmarena.com/samsung_galaxy_a54-reviews-12070,Anonymous,05 Mar 2025,0,"nabski, 03 Mar 2025I think Samsung A54 still holds its value up to this day (quite better than Iphone SE). I real...moreYes it's very value phone I sell it In very good condition wit 110Eur and I buy approximately 10 months ago with 320Eur !It's not compable iPhone with this Crap phone!! Processor it's very worst,the battery is draining fast, it's heating. The product it was Free EUX/EUX  Made in India and I think products fabricated in India it's not the Same Good like Made in Vietnam. I don't know sure it's just a assumption for the moment! I just remain with 2 A35 for Sale another Crap!!! And it's the End with Samsung !  Android Stock Rules! It's the best option! Or probably iOS I think it's better than this! Anyway iOS it's not fragmentation like Android and all Divaces received Software Update Simultaneously","nabski, 03 Mar 2025I think Samsung A54 still holds its value up to this day (quite better than Iphone SE). I real...moreYes it is very value phone I sell it In very good condition wit 110Eur and I buy approximately 10 months ago with 320Eur !It is not compable iPhone with this Crap phone!! Processor it is very worst,the battery is draining fast, it is heating. The product it was Free EUX/EUX Made in India and I think products fabricated in India it is not the Same Good like Made in Vietnam. I do not know sure it is just a assumption for the moment! I just remain with 2 A35 for Sale another Crap!!! And it is the End with Samsung ! Android Stock Rules! It is the best option! Or probably iOS I think it is better than this! Anyway iOS it is not fragmentation like Android and all Divaces received Software Update Simultaneously",156,Positive,0.9524,nabski mar think samsung still hold value day quite better iphone se realmoreyes value phone sell good condition wit eur buy approximately month ago eur not compable iphone crap phone processor worstthe battery draining fast heating product free euxeux made india think product fabricated india not good like made vietnam not know sure assumption moment remain sale another crap end samsung android stock rule best option probably io think better anyway io not fragmentation like android divaces received software update simultaneously,2
https://www.gsmarena.com/samsung_galaxy_a54-reviews-12070,Anonymous,25 Aug 2024,0,So how's the new monthly update? Are there any bugs?,So how is the new monthly update? Are there any bugs?,11,Neutral,0.0,new monthly update bug,1
https://www.gsmarena.com/realme_c55-reviews-12159,Anonymous,30 May 2023,0,"Caesar, 28 May 2023Does anyone know what type of storage does this have? Emmc or ufs?its ufs 2.2","Caesar, 28 May 2023Does anyone know what type of storage does this have? Emmc or ufs?its ufs 2.2",18,Neutral,0.0,caesar may anyone know type storage emmc ufsits ufs,1
https://www.gsmarena.com/realme_c55-reviews-12159,Anonymous,25 May 2023,0,those who had some experience with this phone ... is this better or redmi note 12 4g ?,those who had some experience with this phone ... is this better or redmi note 12 4g ?,18,Positive,0.5228,experience phone better redmi note,2
https://www.gsmarena.com/realme_c55-reviews-12159,Anonymous,11 May 2024,0,honestly this phone is good for someone who uses it for their job but sadly it sucks ahh for gaming..,honestly this phone is good for someone who uses it for their job but sadly it sucks ahh for gaming..,20,Negative,-0.6124,honestly phone good someone us job but sadly suck ahh gaming,0
https://www.gsmarena.com/apple_iphone_15_pro_max-reviews-12548,Lordvoldemor,15 Dec 2025,0,"obviously, you are using for almost a year. what did you expect? it stays 100%?It mostly depends on your charging habit. how much you used your device or how frequently you are charging it.","obviously, you are using for almost a year. what did you expect? it stays 100%?It mostly depends on your charging habit. how much you used your device or how frequently you are charging it.",34,Neutral,0.0,obviously using almost year expect stay mostly depends charging habit much used device frequently charging,1
https://www.gsmarena.com/apple_iphone_15_pro_max-reviews-12548,Anonymous,26 Jan 2026,0,Why i dont like ipone 15 max is that the battery does nft last is who have powerbank that use to enjoy it,Why i do not like ipone 15 max is that the battery does nft last is who have powerbank that use to enjoy it,24,Positive,0.2709,not like ipone max battery nft last powerbank use enjoy,2
https://www.gsmarena.com/xiaomi_redmi_note_13_pro-reviews-12581,Anonymous,04 Aug 2026,0,"Xiaomiuser40, 01 Aug 2026Hi,

Having problem using any browser but mainly google chrome, very often the browser is of...moreYou can use Quetta Browser","Xiaomiuser40, 01 Aug 2026Hi, Having problem using any browser but mainly google chrome, very often the browser is of...moreYou can use Quetta Browser",23,Negative,-0.2144,xiaomiuser aug hi problem using browser but mainly google chrome often browser ofmoreyou use quetta browser,0
https://www.gsmarena.com/xiaomi_redmi_note_13_pro-reviews-12581,Anonymous,04 Jan 2025,0,"Anonymous, 03 Jan 2025I was wondering what should I get, the This phone(Xiaomi redmi note 13 pro or the Samsung S24+Why would you compare a mid-range phone with a flagship? Of course get the S24+ if you have the money to buy it.A better comparison would be the Redmi Note 13 Pro with the Galaxy A35 because both phones are within the same price range.","Anonymous, 03 Jan 2025I was wondering what should I get, the This phone(Xiaomi redmi note 13 pro or the Samsung S24+Why would you compare a mid-range phone with a flagship? Of course get the S24+ if you have the money to buy it.A better comparison would be the Redmi Note 13 Pro with the Galaxy A35 because both phones are within the same price range.",65,Positive,0.5106,anonymous jan wondering get phonexiaomi redmi note pro samsung swhy would compare midrange phone flagship course get money buy ita better comparison would redmi note pro galaxy phone within price range,2
https://www.gsmarena.com/apple_iphone_15_pro_max-reviews-12548,Anonymous,16 Aug 2024,0,"Fox, 15 Aug 2024Can i charge this using my 120w xiaomi charger?it wont take 120W but it'll work, it'll probably take around 30W","Fox, 15 Aug 2024Can i charge this using my 120w xiaomi charger?it will not take 120W but it will work, it will probably take around 30W",26,Neutral,0.0,fox aug charge using xiaomi chargerit not take but work probably take around,1
https://www.gsmarena.com/apple_iphone_se_(2022)-reviews-11410,Minu,01 Feb 2025,0,"Michael McCarthy, 30 Jan 2025I don’t know bro but won’t I lose a lot of my apps if I move to android? I have about 100 apps...moreNot really as one might think. Some phones do offer iCloud support for Google Play services (Nokia devices in particular), so signing into Google with your iCloud account should sync most of the data, once you setup your phone. You might need to download the Android versions of the apps as a pre-requisite, and they're much smaller than the iOS versions in terms of download size.","Michael McCarthy, 30 Jan 2025I do not know bro but will not I lose a lot of my apps if I move to android? I have about 100 apps...moreNot really as one might think. Some phones do offer iCloud support for Google Play services (Nokia devices in particular), so signing into Google with your iCloud account should sync most of the data, once you setup your phone. You might need to download the Android versions of the apps as a pre-requisite, and they are much smaller than the iOS versions in terms of download size.",95,Positive,0.8603,michael mccarthy jan not know bro but not lose lot apps move android appsmorenot really one might think phone offer icloud support google play service nokia device particular signing google icloud account sync data setup phone might need download android version apps prerequisite much smaller io version term download size,2
https://www.gsmarena.com/realme_c55-reviews-12159,Anonymous,28 Aug 2023,0,"Sound very very  bad video rec sound very bad, look youtube","Sound very very bad video rec sound very bad, look youtube",11,Negative,-0.8459,sound bad video rec sound bad look youtube,0
https://www.gsmarena.com/apple_iphone_se_(2022)-reviews-11410,Anonymous,05 Nov 2023,0,havent seen a physical home button for a long time on phones,have not seen a physical home button for a long time on phones,13,Neutral,0.0,not seen physical home button long time phone,1
https://www.gsmarena.com/apple_iphone_15_pro_max-reviews-12548,Anonymous,21 Feb 2025,0,AOD is disappearing while carplay is in use. I hope apple noticed this problem and fixed it.,AOD is disappearing while carplay is in use. I hope apple noticed this problem and fixed it.,17,Negative,-0.058,aod disappearing carplay use hope apple noticed problem fixed,0
https://www.gsmarena.com/realme_c55-reviews-12159,SnowyPG3D,08 May 2023,0,Helio g88 for this price? It's not the champion after all,Helio g88 for this price? It is not the champion after all,12,Negative,-0.4847,helio price not champion,0
https://www.gsmarena.com/samsung_galaxy_a54-reviews-12070,Anonymous,12 Jan 2026,0,"captaincreta, 08 Jan 2026SEVERE NETWORK ISSUE: Afterupgrading to One UI 8.0, cell connectivity stopped working. No serv...moreNo issue on mine, latest update","captaincreta, 08 Jan 2026SEVERE NETWORK ISSUE: Afterupgrading to One UI 8.0, cell connectivity stopped working. No serv...moreNo issue on mine, latest update",22,Negative,-0.4767,captaincreta jan severe network issue afterupgrading one ui cell connectivity stopped working no servmoreno issue mine latest update,0
https://www.gsmarena.com/samsung_galaxy_a54-reviews-12070,Anonymous,23 Feb 2025,0,"Anonymous, 20 Dec 2024Anyone face heat issue in a54 near frint cam ?thats where the small motherboard houses the GPU, CPU and antenna. it gets hot if all used simultaneously. gets worse if adding charging during mid day temperatures","Anonymous, 20 Dec 2024Anyone face heat issue in a54 near frint cam ?that is where the small motherboard houses the GPU, CPU and antenna. it gets hot if all used simultaneously. gets worse if adding charging during mid day temperatures",40,Negative,-0.4767,anonymous dec anyone face heat issue near frint cam small motherboard house gpu cpu antenna get hot used simultaneously get worse adding charging mid day temperature,0
https://www.gsmarena.com/apple_iphone_se_(2022)-reviews-11410,Anonymous,23 Mar 2024,0,"Sayed Akash, 06 Mar 2024Ive been using it for almost 2 year now bt never had such always heating issues ,,, yeah somet...more30","Sayed Akash, 06 Mar 2024Ive been using it for almost 2 year now bt never had such always heating issues ,,, yeah somet...more30",23,Positive,0.296,sayed akash mar ive using almost year bt never always heating issue yeah sometmore,2
https://www.gsmarena.com/samsung_galaxy_s24_ultra-reviews-12771,Anonymous,05 Aug 2026,0,I saw some debris inside the telephoto lens (the third big lens) and it came to me as a surprise as I keep my phone in the best possible way. It's just 2-3 dots on the bottom right & is quite visible too but I've read that debris if inside the telephoto lens doesn't effect the picture quality. Still trying to figure out how did that happen??,I saw some debris inside the telephoto lens (the third big lens) and it came to me as a surprise as I keep my phone in the best possible way. It is just 2-3 dots on the bottom right & is quite visible too but I have read that debris if inside the telephoto lens does not effect the picture quality. Still trying to figure out how did that happen??,70,Positive,0.5439,saw debris inside telephoto lens third big lens came surprise keep phone best possible way dot bottom right quite visible but read debris inside telephoto lens not effect picture quality still trying figure happen,2
https://www.gsmarena.com/samsung_galaxy_s24_ultra-reviews-12771,Sam799,20 Jun 2026,0,"Maggs, 19 Jun 2026Has anyone received june update on S24U?Not yet! May be by the end of this month.","Maggs, 19 Jun 2026Has anyone received june update on S24U?Not yet! May be by the end of this month.",19,Neutral,0.0,maggs jun anyone received june update sunot yet may end month,1
https://www.gsmarena.com/samsung_galaxy_s24_ultra-reviews-12771,Anonymous,30 Mar 2026,0,"Just update the OneUI 8.0 security patch for March 5, 2026.","Just update the OneUI 8.0 security patch for March 5, 2026.",11,Positive,0.34,update oneui security patch march,2
https://www.gsmarena.com/apple_iphone_se_(2022)-reviews-11410,Firefighter1470,24 Oct 2025,0,"Watermelon Cat, 07 Oct 2025What did you except with upgrading to iOS 26 on a budget iphone with very small battery? Of co...moreIt actually destroys the battery life in even the 16 and 17 Pro Max's and has a ton of flaws. I work with guys that have updated to it and have their phones listed on Marketplace now. They went to Androids because they feel Apple 🔩ed them with iOS 26.","Watermelon Cat, 07 Oct 2025What did you except with upgrading to iOS 26 on a budget iphone with very small battery? Of co...moreIt actually destroys the battery life in even the 16 and 17 Pro Max's and has a ton of flaws. I work with guys that have updated to it and have their phones listed on Marketplace now. They went to Androids because they feel Apple ed them with iOS 26.",72,Negative,-0.5574,watermelon cat oct except upgrading io budget iphone small battery comoreit actually destroys battery life even pro max ton flaw work guy updated phone listed marketplace went android feel apple ed io,0
https://www.gsmarena.com/apple_iphone_se_(2022)-reviews-11410,Anonymous,12 Jun 2023,0,"Anonymous, 04 Jun 2023Monster performance? Well the chip inside the iPhone SE may be performant, but that weak batte...moreWell that means that you cant take care of your phone. I use only light case, my usage is very different at times. Sometimes its 20 minutes a day, sometimes it can reach 5hrs of usage ( mostly browsing or chatting and some games), I got it at mid February and its still at 100proc.And my friend has S22 and that thing gets hot faster than my SE.","Anonymous, 04 Jun 2023Monster performance? Well the chip inside the iPhone SE may be performant, but that weak batte...moreWell that means that you cannot take care of your phone. I use only light case, my usage is very different at times. Sometimes its 20 minutes a day, sometimes it can reach 5hrs of usage ( mostly browsing or chatting and some games), I got it at mid February and its still at 100proc.And my friend has S22 and that thing gets hot faster than my SE.",86,Negative,-0.3164,anonymous jun monster performance well chip inside iphone se may performant but weak battemorewell mean not take care phone use light case usage different time sometimes minute day sometimes reach hr usage mostly browsing chatting game got mid february still procand friend thing get hot faster se,0
https://www.gsmarena.com/apple_iphone_15_pro_max-reviews-12548,Anonymous,31 Jul 2024,0,"Kriegsherr, 30 Jul 2024come on :) we dont need to know. we could just go to a good electronics store or amazon and yo...moreA case that costs $1 on AliExpress starts to cost $8-10 on Amazon. 👍","Kriegsherr, 30 Jul 2024come on :) we do not need to know. we could just go to a good electronics store or amazon and yo...moreA case that costs $1 on AliExpress starts to cost $8-10 on Amazon.",37,Positive,0.8074,kriegsherr jul come not need know could go good electronics store amazon yomorea case cost aliexpress start cost amazon,2
https://www.gsmarena.com/apple_iphone_15_pro_max-reviews-12548,Anonymous,05 Jun 2024,0,Titanium from android factory second shop. ganges rivers can make it now. get it now.,Titanium from android factory second shop. ganges rivers can make it now. get it now.,15,Neutral,0.0,titanium android factory second shop ganges river make get,1
https://www.gsmarena.com/apple_iphone_15_pro_max-reviews-12548,Anonymous,04 Aug 2024,0,I’m using blue 1tb and I’m extremely happy with my device good battery better ip rating. Coming from fold 5 which was not at all good for my daily use .,I Am using blue 1tb and I Am extremely happy with my device good battery better ip rating. Coming from fold 5 which was not at all good for my daily use .,33,Positive,0.9134,using blue tb extremely happy device good battery better ip rating coming fold not good daily use,2
https://www.gsmarena.com/xiaomi_redmi_note_13_pro-reviews-12581,Anonymous,19 Feb 2025,0,the rear phone design of this phone was very similar to poco x6 and remind me to the rumored new iPhone 17 Pro rear designI am was found them from this article in this gsm arena siteApple iPhone 17 Air and 17 Pro designs revealed through renders,the rear phone design of this phone was very similar to poco x6 and remind me to the rumored new iPhone 17 Pro rear designI am was found them from this article in this gsm arena siteApple iPhone 17 Air and 17 Pro designs revealed through renders,47,Neutral,0.0,rear phone design phone similar poco remind rumored new iphone pro rear designi found article gsm arena siteapple iphone air pro design revealed render,1
https://www.gsmarena.com/samsung_galaxy_a54-reviews-12070,Anonymous,24 Aug 2024,0,"Anonymous, 24 Aug 2024That's not always true. I have a Samsung with a Snapdragon processor and it heats up to t...moreWhat phone do you have with snapdragon?","Anonymous, 24 Aug 2024That's not always true. I have a Samsung with a Snapdragon processor and it heats up to t...moreWhat phone do you have with snapdragon?",27,Negative,-0.3252,anonymous aug thats not always true samsung snapdragon processor heat tmorewhat phone snapdragon,0
https://www.gsmarena.com/samsung_galaxy_a54-reviews-12070,alexcpass50,25 Nov 2024,0,"Chuck allip, 24 Nov 2024Excuse me? Did you forget to increase the vivdness of your screen through vivid slider?Yes, but I didn't like it. I prefer Color OS environment (Realme, Oneplus and Oppo)","Chuck allip, 24 Nov 2024Excuse me? Did you forget to increase the vivdness of your screen through vivid slider?Yes, but I did not like it. I prefer Color OS environment (Realme, Oneplus and Oppo)",34,Negative,-0.4263,chuck allip nov excuse forget increase vivdness screen vivid slideryes but not like prefer color o environment realme oneplus oppo,0
https://www.gsmarena.com/apple_iphone_se_(2022)-reviews-11410,Anonymous,05 Jan 2024,0,"bullnene31, 05 Jan 2024Your iPhone 6S is outdated too! for $400, you can buy a good mid range android phone or a secc...moregood mid range Android phone 🤡🤡🤡🖕","bullnene31, 05 Jan 2024Your iPhone 6S is outdated too! for $400, you can buy a good mid range android phone or a secc...moregood mid range Android phone",27,Positive,0.4926,bullnene jan iphone outdated buy good mid range android phone seccmoregood mid range android phone,2
https://www.gsmarena.com/samsung_galaxy_a54-reviews-12070,s35ym.,15 Dec 2024,0,"batusay, 13 Dec 2024after update to latest firmware touch screen dont response, reboot factory reset not work at all!Disable accidental touch protection. Remove the rempered glass and check.","batusay, 13 Dec 2024after update to latest firmware touch screen do not response, reboot factory reset not work at all!Disable accidental touch protection. Remove the rempered glass and check.",29,Negative,-0.1511,batusay dec update latest firmware touch screen not response reboot factory reset not work alldisable accidental touch protection remove rempered glass check,0
https://www.gsmarena.com/samsung_galaxy_s24_ultra-reviews-12771,Anonymous,04 Feb 2026,0,"S24 Ultra, 27 Jan 2026The Samsung S24 Ultra is indeed a commendable phone. My primary concern, however, revolves aro...moreSo you travelled back in time to Jan 2025 ?","S24 Ultra, 27 Jan 2026The Samsung S24 Ultra is indeed a commendable phone. My primary concern, however, revolves aro...moreSo you travelled back in time to Jan 2025 ?",28,Neutral,0.0,ultra jan samsung ultra indeed commendable phone primary concern however revolves aromoreso travelled back time jan,1
https://www.gsmarena.com/xiaomi_redmi_note_13_pro-reviews-12581,Anonymous,06 Dec 2024,0,"Mik3, 04 Dec 2024I read about 50-50 mix of good-bad reviews/comments on the Note 13 Pro 4G/5g and the bad comme...moreI recommend purchasing and then using it as your daily driver for a couple weeks or even months. See if you end up liking it or not. If not, just sell the phone.","Mik3, 04 Dec 2024I read about 50-50 mix of good-bad reviews/comments on the Note 13 Pro 4G/5g and the bad comme...moreI recommend purchasing and then using it as your daily driver for a couple weeks or even months. See if you end up liking it or not. If not, just sell the phone.",53,Positive,0.1779,mik dec read mix goodbad reviewscomments note pro gg bad commemorei recommend purchasing using daily driver couple week even month see end liking not not sell phone,2
https://www.gsmarena.com/samsung_galaxy_s24_ultra-reviews-12771,Anonymous,15 May 2026,0,"Maria, 15 May 2026Hopefully it is not getting worse in this old S24U, with new future update.What do you mean old? S24 ultra can compete with S25U. Its not written in stone that after a year and half  its old. Ive been using S24U since March last year and its far from old. It will get the 8.5 update. So I definitely disagree with your comment!","Maria, 15 May 2026Hopefully it is not getting worse in this old S24U, with new future update.What do you mean old? S24 ultra can compete with S25U. Its not written in stone that after a year and half its old. I Have been using S24U since March last year and its far from old. It will get the 8.5 update. So I definitely disagree with your comment!",67,Positive,0.4517,maria may hopefully not getting worse old su new future updatewhat mean old ultra compete su not written stone year half old using su since march last year far old get update definitely disagree comment,2
https://www.gsmarena.com/samsung_galaxy_a54-reviews-12070,Anonymous,07 Nov 2024,0,"I just bought the Samsung galaxy A 54 yesterday, the works perfectly well, my disappointment is that fact that mine does not support an esim and the fact that you cannot insert a second sim and an sd card together.","I just bought the Samsung galaxy A 54 yesterday, the works perfectly well, my disappointment is that fact that mine does not support an esim and the fact that you cannot insert a second sim and an sd card together.",40,Positive,0.1882,bought samsung galaxy yesterday work perfectly well disappointment fact mine not support esim fact not insert second sim sd card together,2
https://www.gsmarena.com/xiaomi_redmi_note_13_pro-reviews-12581,Anonymous,24 Mar 2025,0,"is all xiaomi crapware easy to remove ? I mean not the obvious netflix and apps, the shaddy ads, useless AI services, call home, you know what I mean for sure .. whith ADB or root ?price is OK especailly in europe (all phones are expensive crappy nowadays), as usual not existing in canada and import from US is expensive.photos good to me even selfie (i'm not finicky, look cute, natural, detailed and so on, need no more)perf seems more than good enough with SD 4nmgot a few redmi, relability was ok but was time ago... poco, had serious reliability issue, won't try that again.also competition is fading, less for more or can't simply be found anywhere in the west.my point it's about its OS. But they're all crappy/spyware nowadays, even 'native' android.So why not switch back to chinomy and tweak, I'm asking","is all xiaomi crapware easy to remove ? I mean not the obvious netflix and apps, the shaddy ads, useless AI services, call home, you know what I mean for sure .. whith ADB or root ?price is OK especailly in europe (all phones are expensive crappy nowadays), as usual not existing in canada and import from US is expensive.photos good to me even selfie (i am not finicky, look cute, natural, detailed and so on, need no more)perf seems more than good enough with SD 4nmgot a few redmi, relability was ok but was time ago... poco, had serious reliability issue, will not try that again.also competition is fading, less for more or cannot simply be found anywhere in the west.my point it is about its OS. But they are all crappy/spyware nowadays, even 'native' android.So why not switch back to chinomy and tweak, I am asking",148,Positive,0.4686,xiaomi crapware easy remove mean not obvious netflix apps shaddy ad useless ai service call home know mean sure whith adb root price ok especailly europe phone expensive crappy nowadays usual not existing canada import u expensivephotos good even selfie not finicky look cute natural detailed need no moreperf seems good enough sd nmgot redmi relability ok but time ago poco serious reliability issue not try againalso competition fading less not simply found anywhere westmy point o but crappyspyware nowadays even native androidso not switch back chinomy tweak asking,2
https://www.gsmarena.com/xiaomi_redmi_note_13_pro-reviews-12581,Anonymous,10 Feb 2025,0,"Just received this phone 2 days back, and the standout feature of this phone is the haptics. Its something you should experience physically. It may not be on par with the like of pixel or iphone but its awesome for the price. I didnt give importance to the haptics, but after this phone... i do. Not to mention everything else on this phone is good for the price. It really does give a premium vibe.","Just received this phone 2 days back, and the standout feature of this phone is the haptics. Its something you should experience physically. It may not be on par with the like of pixel or iphone but its awesome for the price. I did not give importance to the haptics, but after this phone... i do. Not to mention everything else on this phone is good for the price. It really does give a premium vibe.",76,Positive,0.862,received phone day back standout feature phone haptics something experience physically may not par like pixel iphone but awesome price not give importance haptics but phone not mention everything else phone good price really give premium vibe,2
https://www.gsmarena.com/xiaomi_redmi_note_13_pro-reviews-12581,Anonymous,18 Jan 2025,0,I am confused between this phone and the Samsung A35 phone. My friend has owned it for two months and wants to sell it at an acceptable price. I am confused between them. I do not want anything except stability of applications in the background and speed in general performance. I do not want games. I do not care much about cameras or even charging speed.,I am confused between this phone and the Samsung A35 phone. My friend has owned it for two months and wants to sell it at an acceptable price. I am confused between them. I do not want anything except stability of applications in the background and speed in general performance. I do not want games. I do not care much about cameras or even charging speed.,66,Negative,-0.2896,confused phone samsung phone friend owned two month want sell acceptable price confused not want anything except stability application background speed general performance not want game not care much camera even charging speed,0
https://www.gsmarena.com/apple_iphone_15_pro_max-reviews-12548,Anonymous,25 Apr 2024,0,Why apple don't makes the main camera 200 megapixels samsung made the s24 ultra that have a main camera that is 200 MP,Why apple do not makes the main camera 200 megapixels samsung made the s24 ultra that have a main camera that is 200 MP,24,Neutral,0.0,apple not make main camera megapixels samsung made ultra main camera mp,1
https://www.gsmarena.com/realme_c55-reviews-12159,Anonymous,20 Aug 2023,0,"nah bro, 13 Aug 2023what is the storage type? is it ufs or emmc?Its emmc bro","nah bro, 13 Aug 2023what is the storage type? is it ufs or emmc?Its emmc bro",16,Negative,-0.1926,nah bro aug storage type ufs emmcits emmc bro,0
https://www.gsmarena.com/samsung_galaxy_a54-reviews-12070,Anonymous,24 Apr 2025,0,"s35ym., 23 Apr 2025No visible difference between Samsung A54 and A55.

What to buy is the choice of the user.A54 small screen better value","s35ym., 23 Apr 2025No visible difference between Samsung A54 and A55. What to buy is the choice of the user.A54 small screen better value",24,Positive,0.6486,sym apr no visible difference samsung buy choice usera small screen better value,2
https://www.gsmarena.com/samsung_galaxy_a54-reviews-12070,Anonymous,29 Dec 2024,0,"Anonymous, 07 Nov 2024I just bought the Samsung galaxy A 54 yesterday, the works perfectly well, my disappointment i...moreVersion for Europe EUX have eSim in meniu Settings - Connection - Sim Manger and appears SIM 1 SIM 2 and  eSIM + Add eSIMDownload an eSIM so you can connect to mobile network without a physical SIM Card","Anonymous, 07 Nov 2024I just bought the Samsung galaxy A 54 yesterday, the works perfectly well, my disappointment i...moreVersion for Europe EUX have eSim in meniu Settings - Connection - Sim Manger and appears SIM 1 SIM 2 and eSIM + Add eSIMDownload an eSIM so you can connect to mobile network without a physical SIM Card",57,Positive,0.4588,anonymous nov bought samsung galaxy yesterday work perfectly well disappointment imoreversion europe eux esim meniu setting connection sim manger appears sim sim esim add esimdownload esim connect mobile network without physical sim card,2
https://www.gsmarena.com/apple_iphone_15_pro_max-reviews-12548,Anonymous,06 Jul 2024,0,"umbra, 05 Jul 2024limiting 5x zoom to Pro Max models only is probably one of the worst things Apple has done jus...moreyes.unable to zoom 50x for the great position right. not futuristic at all","umbra, 05 Jul 2024limiting 5x zoom to Pro Max models only is probably one of the worst things Apple has done jus...moreyes.unable to zoom 50x for the great position right. not futuristic at all",34,Neutral,0.0,umbra jul limiting zoom pro max model probably one worst thing apple done jusmoreyesunable zoom great position right not futuristic,1
https://www.gsmarena.com/samsung_galaxy_s24_ultra-reviews-12771,CamoGeko-XDA,19 May 2026,0,Official OneUI 8.5 has been released!! Time to update!,Official OneUI 8.5 has been released!! Time to update!,9,Neutral,0.0,official oneui released time update,1
https://www.gsmarena.com/xiaomi_redmi_note_13_pro-reviews-12581,Anonymous,15 Jan 2025,0,"narcis, 14 Jan 2025I am in Romania and I received today update for hyperos 2Yeah, today I updated to hyperos 2 as well in romania","narcis, 14 Jan 2025I am in Romania and I received today update for hyperos 2Yeah, today I updated to hyperos 2 as well in romania",25,Positive,0.2732,narcis jan romania received today update hyperos yeah today updated hyperos well romania,2
https://www.gsmarena.com/xiaomi_redmi_note_13_pro-reviews-12581,oeper,26 Feb 2025,0,"Zero, 26 Feb 2025Just don't update to HyperOS 2.0i just got hyperos 2 and so far its going great","Zero, 26 Feb 2025Just do not update to HyperOS 2.0i just got hyperos 2 and so far its going great",20,Positive,0.6249,zero feb not update hyperos got hyperos far going great,2
https://www.gsmarena.com/apple_iphone_15_pro_max-reviews-12548,Anonymous,29 May 2025,0,iOS 18 is the most pathetic iOS update in Apple history full of bugs and battery drain problem. i am facing in 15 pro max now downgraded to iOS 18.3.2 will update directly to next iOS now.,iOS 18 is the most pathetic iOS update in Apple history full of bugs and battery drain problem. i am facing in 15 pro max now downgraded to iOS 18.3.2 will update directly to next iOS now.,37,Negative,-0.7713,io pathetic io update apple history full bug battery drain problem facing pro max downgraded io update directly next io,0
https://www.gsmarena.com/samsung_galaxy_s24_ultra-reviews-12771,Sam799,07 Jan 2026,0,"Aadrian, 06 Jan 2026But first things first, shout out to Shoes, she's back in the building! I love my white ShoesWhite shoes, calm down!! Actually just ran off 😂","Aadrian, 06 Jan 2026But first things first, shout out to Shoes, she is back in the building! I love my white ShoesWhite shoes, calm down!! Actually just ran off",29,Positive,0.8114,aadrian jan but first thing first shout shoe back building love white shoeswhite shoe calm actually ran,2
https://www.gsmarena.com/samsung_galaxy_a54-reviews-12070,Anonymous,04 Oct 2024,0,"Dipendra, 18 Sep 2024I am using this phone since 15 month. No lag and no heating no any issue i am playing also pub...moreNice","Dipendra, 18 Sep 2024I am using this phone since 15 month. No lag and no heating no any issue i am playing also pub...moreNice",24,Negative,-0.7351,dipendra sep using phone since month no lag no heating no issue playing also pubmorenice,0
https://www.gsmarena.com/realme_c55-reviews-12159,Anonymous,01 Apr 2023,0,"Anonymous, 28 Mar 2023how about its camera? anybody know?Camera Not good","Anonymous, 28 Mar 2023how about its camera? anybody know?Camera Not good",11,Negative,-0.4149,anonymous mar camera anybody knowcamera not good,0
https://www.gsmarena.com/xiaomi_redmi_note_13_pro-reviews-12581,PureViewer4t1,19 Nov 2024,0,"I got this over Moto G84 and I'm disappointed.Camera was supposed to be better but it has heavy peripheral blur in close distances. Document photos are basically useless unless you use 2x or even 4x zoom. And OIS doesn't seem to work.Software is buggy. Home screen doesn't respond to fast swiping. You have to wait until the animation is done. Scrolling speed is slow. Sometimes back gesture doesn't work. Widget management is a joke. You can't add app shortcuts to home screen. You can't use other launchers with gesture navigation.And don't let me start on notification lag and aggressive battery saving. Even with all the battery saving, battery duration is just average.I won't buy any other Xiaomi phones ever, even if it has the best camera in the world.","I got this over Moto G84 and I am disappointed.Camera was supposed to be better but it has heavy peripheral blur in close distances. Document photos are basically useless unless you use 2x or even 4x zoom. And OIS does not seem to work.Software is buggy. Home screen does not respond to fast swiping. You have to wait until the animation is done. Scrolling speed is slow. Sometimes back gesture does not work. Widget management is a joke. You cannot add app shortcuts to home screen. You cannot use other launchers with gesture navigation.And do not let me start on notification lag and aggressive battery saving. Even with all the battery saving, battery duration is just average.I will not buy any other Xiaomi phones ever, even if it has the best camera in the world.",135,Positive,0.431,got moto disappointedcamera supposed better but heavy peripheral blur close distance document photo basically useless unless use even zoom ois not seem worksoftware buggy home screen not respond fast swiping wait animation done scrolling speed slow sometimes back gesture not work widget management joke not add app shortcut home screen not use launcher gesture navigationand not let start notification lag aggressive battery saving even battery saving battery duration averagei not buy xiaomi phone ever even best camera world,2
https://www.gsmarena.com/xiaomi_redmi_note_13_pro-reviews-12581,uranium star,14 Mar 2026,0,"uranium star, 04 Feb 2026has anyone got the os 3 version or not yet? i read somewhere that the update was coming at a m...morei recently got the os3 update.pretty satisfied with it.","uranium star, 04 Feb 2026has anyone got the os 3 version or not yet? i read somewhere that the update was coming at a m...morei recently got the os3 update.pretty satisfied with it.",33,Positive,0.4215,uranium star feb anyone got o version not yet read somewhere update coming mmorei recently got o updatepretty satisfied,2
https://www.gsmarena.com/xiaomi_redmi_note_13_pro-reviews-12581,Anonymous,24 Jun 2025,0,"LastXiaomi, 22 Jun 2025Who else is seeing a lot of ads in the Mi Music app? Including countdown timers and such?
The...moreBlock internet access to the app you won't see any ads. And for listening to local music, you don't need the internet.","LastXiaomi, 22 Jun 2025Who else is seeing a lot of ads in the Mi Music app? Including countdown timers and such? The...moreBlock internet access to the app you will not see any ads. And for listening to local music, you do not need the internet.",45,Neutral,0.0,lastxiaomi jun else seeing lot ad mi music app including countdown timer themoreblock internet access app not see ad listening local music not need internet,1
https://www.gsmarena.com/realme_c55-reviews-12159,Anonymous,11 Mar 2023,0,"...with ""8 GB"" would be best budget phone.","...with ""8 GB"" would be best budget phone.",8,Positive,0.6369,gb would best budget phone,2
https://www.gsmarena.com/xiaomi_redmi_note_13_pro-reviews-12581,Anonymous,22 Jun 2025,0,"Who else is seeing a lot of ads in the Mi Music app? Including countdown timers and such?There used to be an option in the settings to turn it off, but it was removed with the latest update.Now you have to wait 8 seconds every time you open the app.","Who else is seeing a lot of ads in the Mi Music app? Including countdown timers and such?There used to be an option in the settings to turn it off, but it was removed with the latest update.Now you have to wait 8 seconds every time you open the app.",50,Neutral,0.0,else seeing lot ad mi music app including countdown timer suchthere used option setting turn but removed latest updatenow wait second every time open app,1
https://www.gsmarena.com/samsung_galaxy_s24_ultra-reviews-12771,Sam799,24 Jun 2026,0,"Maria, 24 Jun 2026I understand that you may be experiencing some frustration while composing your response; plea...moreIt's just a regular security update no new features added.","Maria, 24 Jun 2026I understand that you may be experiencing some frustration while composing your response; plea...moreIt's just a regular security update no new features added.",26,Negative,-0.4404,maria jun understand may experiencing frustration composing response pleamoreits regular security update no new feature added,0
https://www.gsmarena.com/xiaomi_redmi_note_13_pro-reviews-12581,Anonymous,05 Jun 2025,0,"zrazra, 05 Jun 2025why is it saying snapdragon, isn't it Helio G99-Ultra?That's 4G","zrazra, 05 Jun 2025why is it saying snapdragon, is not it Helio G99-Ultra?That is 4G",15,Neutral,0.0,zrazra jun saying snapdragon not helio gultrathat,1
https://www.gsmarena.com/xiaomi_redmi_note_13_pro-reviews-12581,LxSFurry,02 Apr 2025,0,"Anonymous, 02 Apr 2025I recently bought this phone, it's performing well but I am not able to upgrade to hyper ...moremake sure you are on Android 14 to be on HyperOS 1.0, then check for updates, if there are no updates, then wait somedays until they show up","Anonymous, 02 Apr 2025I recently bought this phone, it is performing well but I am not able to upgrade to hyper ...moremake sure you are on Android 14 to be on HyperOS 1.0, then check for updates, if there are no updates, then wait somedays until they show up",49,Positive,0.1779,anonymous apr recently bought phone performing well but not able upgrade hyper moremake sure android hyperos check update no update wait somedays show,2
https://www.gsmarena.com/realme_c55-reviews-12159,Anonymous,07 Apr 2023,0,Camera quality is very poor waste of money,Camera quality is very poor waste of money,8,Negative,-0.7559,camera quality poor waste money,0
https://www.gsmarena.com/xiaomi_redmi_note_13_pro-reviews-12581,Anonymous,27 Mar 2026,0,"Anonymous, 18 Mar 2026I did receive it today and installed it. Big mistake, now I have a permanent section/block on ...moreyou can turn it off with Canta and it requires wireless adb with Shizuku, search up a tutorial, and search up how to remove the navigation bar, it's possible.","Anonymous, 18 Mar 2026I did receive it today and installed it. Big mistake, now I have a permanent section/block on ...moreyou can turn it off with Canta and it requires wireless adb with Shizuku, search up a tutorial, and search up how to remove the navigation bar, it is possible.",50,Negative,-0.34,anonymous mar receive today installed big mistake permanent sectionblock moreyou turn canta requires wireless adb shizuku search tutorial search remove navigation bar possible,0
https://www.gsmarena.com/samsung_galaxy_s24_ultra-reviews-12771,Sam799,03 Feb 2026,0,They had the signature note design from S22 Ultra till S24 Ultra.,They had the signature note design from S22 Ultra till S24 Ultra.,12,Neutral,0.0,signature note design ultra till ultra,1
https://www.gsmarena.com/apple_iphone_15_pro_max-reviews-12548,Anonymous,15 Nov 2024,0,"Chharale, 14 Nov 2024Iphone 15 Pro max best deal in 2024-2025i dont believe it","Chharale, 14 Nov 2024Iphone 15 Pro max best deal in 2024-2025i do not believe it",15,Positive,0.6369,chharale nov iphone pro max best deal not believe,2
https://www.gsmarena.com/apple_iphone_se_(2022)-reviews-11410,gh9rxsae,02 Nov 2023,0,"Anonymous, 26 Oct 2023I hope Apple never discontinues the SE series. It's not good for a heavy user, but my mai...moreThey already did. All SE's gone out of stores. Dropping teabags and pills is the new normal. They even dropped one on a 2023 macbook with 14.2 inch screen with bezels. The agenda here is clear. Sho sum Lve for big Bro watchin ya!","Anonymous, 26 Oct 2023I hope Apple never discontinues the SE series. It is not good for a heavy user, but my mai...moreThey already did. All SE's gone out of stores. Dropping teabags and pills is the new normal. They even dropped one on a 2023 macbook with 14.2 inch screen with bezels. The agenda here is clear. Sho sum Lve for big Bro watchin ya!",65,Positive,0.6045,anonymous oct hope apple never discontinues se series not good heavy user but maimorethey already s gone store dropping teabags pill new normal even dropped one macbook inch screen bezel agenda clear sho sum lve big bro watchin ya,2
https://www.gsmarena.com/apple_iphone_se_(2022)-reviews-11410,Anonymous,25 Aug 2023,0,"Pogorwa, 26 Aug 2022It sounds like you’re trying to find a problem with a carpenter’s hammer because it isn’t a sl...moreI agree","Pogorwa, 26 Aug 2022It sounds like you are trying to find a problem with a carpenters hammer because it is not a sl...moreI agree",24,Negative,-0.3204,pogorwa aug sound like trying find problem carpenter hammer not slmorei agree,0
https://www.gsmarena.com/samsung_galaxy_s24_ultra-reviews-12771,Anonymous,08 Jan 2026,0,"The most feature rich Samsung device that Samsung has to offer at the moment.Not the newest, but the one with the most features.","The most feature rich Samsung device that Samsung has to offer at the moment.Not the newest, but the one with the most features.",23,Positive,0.3483,feature rich samsung device samsung offer momentnot newest but one feature,2
https://www.gsmarena.com/xiaomi_redmi_note_13_pro-reviews-12581,Anonymous,07 Feb 2025,0,"Zero, 05 Feb 2025What is the OS Version? You can check the phone model and OS Version via phone Settings, then ...moreI am pretty sure it is 5g with snapdragon, i just don't know if it is able to be unlocked to flash different romsMy 2nd question is if there are any disadvantages of getting the chinese or indian version","Zero, 05 Feb 2025What is the OS Version? You can check the phone model and OS Version via phone Settings, then ...moreI am pretty sure it is 5g with snapdragon, i just do not know if it is able to be unlocked to flash different romsMy 2nd question is if there are any disadvantages of getting the chinese or indian version",61,Positive,0.4215,zero feb o version check phone model o version via phone setting morei pretty sure snapdragon not know able unlocked flash different romsmy nd question disadvantage getting chinese indian version,2
https://www.gsmarena.com/apple_iphone_15_pro_max-reviews-12548,romanson,10 Aug 2024,0,"64G, 10 Aug 2024Slight heating issues can happen if you’re using a laptop/desktop charger to charge it, or (if...moreWhy would I lie…..Why would anyone lie here ……If I have an issue or a comment I simply say it , we exgange expiriences …That is all….","64G, 10 Aug 2024Slight heating issues can happen if you are using a laptop/desktop charger to charge it, or (if...moreWhy would I lie..Why would anyone lie here If I have an issue or a comment I simply say it , we exgange expiriences That is all.",46,Neutral,0.0,aug slight heating issue happen using laptopdesktop charger charge ifmorewhy would liewhy would anyone lie issue comment simply say exgange expiriences,1
https://www.gsmarena.com/apple_iphone_15_pro_max-reviews-12548,Anonymous,25 Apr 2024,0,"Anonymous, 25 Apr 2024Same goes for funny people in this opinion section. People trying to be funny never is funnyget the latest iphone 15 pro max Android OS. now available. Ganges rivers shop instock right now.","Anonymous, 25 Apr 2024Same goes for funny people in this opinion section. People trying to be funny never is funnyget the latest iphone 15 pro max Android OS. now available. Ganges rivers shop instock right now.",36,Positive,0.7003,anonymous apr go funny people opinion section people trying funny never funnyget latest iphone pro max android o available ganges river shop instock right,2
https://www.gsmarena.com/apple_iphone_15_pro_max-reviews-12548,Anonymous,31 May 2024,0,"SonyFanNumberOne, 27 May 2024No aux, no sd card.... No buy. Even infrared is missing.Hahahahhaha You must be kidding! Consider of taking motorola or panasonic with infrared system!!! 🤣🤣🤣🤣🤣🤣🤣🤣🤣","SonyFanNumberOne, 27 May 2024No aux, no sd card.... No buy. Even infrared is missing.Hahahahhaha You must be kidding! Consider of taking motorola or panasonic with infrared system!!!",27,Negative,-0.6331,sonyfannumberone may no aux no sd card no buy even infrared missinghahahahhaha must kidding consider taking motorola panasonic infrared system,0
https://www.gsmarena.com/apple_iphone_15_pro_max-reviews-12548,QaqTon,13 May 2024,0,"Shadab, 17 Apr 2024Can it run Angry birds?Apple should be angry with you 🤣","Shadab, 17 Apr 2024Can it run Angry birds?Apple should be angry with you",13,Negative,-0.765,shadab apr run angry birdsapple angry,0
https://www.gsmarena.com/samsung_galaxy_s24_ultra-reviews-12771,Anonymous,21 Jul 2026,0,"Sam799, 21 Jul 2026Yes!! Got it yesterday.Congratulations","Sam799, 21 Jul 2026Yes!! Got it yesterday.Congratulations",7,Neutral,0.0,sam jul yes got yesterdaycongratulations,1
https://www.gsmarena.com/samsung_galaxy_s24_ultra-reviews-12771,Anonymous,23 Jul 2026,0,"Maggs, 21 Jul 2026I also received july update it today.Great.","Maggs, 21 Jul 2026I also received july update it today.Great.",10,Neutral,0.0,maggs jul also received july update todaygreat,1
https://www.gsmarena.com/samsung_galaxy_s24_ultra-reviews-12771,Sam799,03 Jun 2026,0,"Maggs, 02 Jun 2026Just received May security update just now in uk.Great!! It was quite late than usual, I thought they skipped it due to one UI 8.5 but better late than never 😊","Maggs, 02 Jun 2026Just received May security update just now in uk.Great!! It was quite late than usual, I thought they skipped it due to one UI 8.5 but better late than never",33,Positive,0.7298,maggs jun received may security update ukgreat quite late usual thought skipped due one ui but better late never,2
https://www.gsmarena.com/samsung_galaxy_s24_ultra-reviews-12771,Anonymous,21 Feb 2026,0,"Ay, 20 Feb 2026Since I update my  S24u to January update, I've not been able to use it again 
My networ...moreTake the phone to your network provider, maybe they can help and find a solution.","Ay, 20 Feb 2026Since I update my S24u to January update, I have not been able to use it again My networ...moreTake the phone to your network provider, maybe they can help and find a solution.",36,Positive,0.6124,ay feb since update su january update not able use networmoretake phone network provider maybe help find solution,2
https://www.gsmarena.com/realme_c55-reviews-12159,Anonymous,24 Mar 2024,0,"Anonymous, 08 Mar 2024If you didn't like the size and design then you shouldn't have bought it in the firs...moreSometimes you have to try things before judging them. If human beings had that wisdom (you have), the world would be a good place to live.","Anonymous, 08 Mar 2024If you did not like the size and design then you should not have bought it in the firs...moreSometimes you have to try things before judging them. If human beings had that wisdom (you have), the world would be a good place to live.",47,Positive,0.6358,anonymous mar not like size design not bought firsmoresometimes try thing judging human being wisdom world would good place live,2
https://www.gsmarena.com/xiaomi_redmi_note_13_pro-reviews-12581,ofotografoamericano,05 Dec 2024,0,"Mik3, 28 Nov 2024Note 10X Pro has OIS.What is OIS?","Mik3, 28 Nov 2024Note 10X Pro has OIS.What is OIS?",10,Neutral,0.0,mik nov note pro oiswhat ois,1
https://www.gsmarena.com/realme_c55-reviews-12159,Anonymous,26 Jun 2024,0,"Hello, I have a problem where I bought this phones and it says it has 256gb of storage where in fact it has 128gb when I checked with other apps and when I tried to clean up, does anyone has this happened to them ?","Hello, I have a problem where I bought this phones and it says it has 256gb of storage where in fact it has 128gb when I checked with other apps and when I tried to clean up, does anyone has this happened to them ?",45,Neutral,0.0,hello problem bought phone say gb storage fact gb checked apps tried clean anyone happened,1
https://www.gsmarena.com/apple_iphone_15_pro_max-reviews-12548,Anonymous,22 Jul 2024,0,"user, 19 Jul 2024I used Apple for a long time and constantly noticed how it purposefully slows down gadgets so ...moreEvery company do that don't blame iPhone only.","user, 19 Jul 2024I used Apple for a long time and constantly noticed how it purposefully slows down gadgets so ...moreEvery company do that do not blame iPhone only.",29,Positive,0.2584,user jul used apple long time constantly noticed purposefully slows gadget moreevery company not blame iphone,2
https://www.gsmarena.com/apple_iphone_15_pro_max-reviews-12548,olicruz30,08 Jun 2024,0,"Anonymous, 25 Apr 2024Why apple don't makes the main camera 200 megapixels samsung made the s24 ultra that have...more200 MP on a camera,,i used to take photos of the drink or food / pastry that i did get in the past year while having a planned staying in mode in starbucks and then post it on FBwell, that was when i used to have FB..just me taking a normal photo..making sure that the photo will not be crooked and there are times that i would even consider then using the portrait mode just to have a blurred background effectnow, 200 MP on a camera..why so??is that so i can take photos of the neighbors that are like kilometers away while they're doing the nasty??why boast a phone having a camera with 200 MP??is the first that you do when you wake up in the AM, grabbing your 200 MP camera phone then heading outside to take a photo of the beautiful morning sky and making sure that you have your phones camera all the way to that 200 MP??also do provide yourself with the answer to this question. rate it from 1-10 how often you plan to use the 200 MP of your camera phone on a daily basissince you're boasting about the 200 MP that camera phone currently has, you shouldn't even drop lower than 8/10 when using the 200 MP of your camera phone","Anonymous, 25 Apr 2024Why apple do not makes the main camera 200 megapixels samsung made the s24 ultra that have...more200 MP on a camera,,i used to take photos of the drink or food / pastry that i did get in the past year while having a planned staying in mode in starbucks and then post it on FBwell, that was when i used to have FB..just me taking a normal photo..making sure that the photo will not be crooked and there are times that i would even consider then using the portrait mode just to have a blurred background effectnow, 200 MP on a camera..why so??is that so i can take photos of the neighbors that are like kilometers away while they are doing the nasty??why boast a phone having a camera with 200 MP??is the first that you do when you wake up in the AM, grabbing your 200 MP camera phone then heading outside to take a photo of the beautiful morning sky and making sure that you have your phones camera all the way to that 200 MP??also do provide yourself with the answer to this question. rate it from 1-10 how often you plan to use the 200 MP of your camera phone on a daily basissince you are boasting about the 200 MP that camera phone currently has, you should not even drop lower than 8/10 when using the 200 MP of your camera phone",240,Positive,0.9282,anonymous apr apple not make main camera megapixels samsung made ultra havemore mp camerai used take photo drink food pastry get past year planned staying mode starbucks post fbwell used fbjust taking normal photomaking sure photo not crooked time would even consider using portrait mode blurred background effectnow mp camerawhy sois take photo neighbor like kilometer away nastywhy boast phone camera mpis first wake grabbing mp camera phone heading outside take photo beautiful morning sky making sure phone camera way mpalso provide answer question rate often plan use mp camera phone daily basissince boasting mp camera phone currently not even drop lower using mp camera phone,2
https://www.gsmarena.com/realme_c55-reviews-12159,Anonymous,07 Mar 2023,0,"Got it yesterday for only $159 (Indonesian price) 6/128.Overall this is a best budget phone. Wide screen, nice design, square frame, quite thin, has NFC, camera is surprisingly good, speaker output is pretty clear and loud.The only drawback is on the quality of power button.  Looks cheap and shaky/not solid. But anyhow it is recommended for those low budget.  Really love this phone.","Got it yesterday for only $159 (Indonesian price) 6/128.Overall this is a best budget phone. Wide screen, nice design, square frame, quite thin, has NFC, camera is surprisingly good, speaker output is pretty clear and loud.The only drawback is on the quality of power button. Looks cheap and shaky/not solid. But anyhow it is recommended for those low budget. Really love this phone.",63,Positive,0.9215,got yesterday indonesian price overall best budget phone wide screen nice design square frame quite thin nfc camera surprisingly good speaker output pretty clear loudthe drawback quality power button look cheap shakynot solid but anyhow recommended low budget really love phone,2
https://www.gsmarena.com/samsung_galaxy_s24_ultra-reviews-12771,Sam799,02 Jun 2026,0,I'm loving this flat screen after having curved ones for so long! It's so much easier to find tempered glass and full-protection cases that cover the sides 😊,I am loving this flat screen after having curved ones for so long! It is so much easier to find tempered glass and full-protection cases that cover the sides,29,Positive,0.8058,loving flat screen curved one long much easier find tempered glass fullprotection case cover side,2
https://www.gsmarena.com/realme_c55-reviews-12159,Anonymous,26 Aug 2024,0,"Collins , 27 Jul 2024I bought this phone at Bullets Jos after a nice lady staked her honour on its performance. I w...moreI bought C55 for gaming in January 2024 and can say that it did better in first months compared to later with every update in fact a year ago on release with 8 + 256 the phone been one of the best for its price and chip compared to other phonesWhat not to do:Dont play when battery saving is not onDont play when custom core is deactivated 3 vs 6 minutesNever update and most of all only charge from 0 once in 2 months not every month like i did","Collins , 27 Jul 2024I bought this phone at Bullets Jos after a nice lady staked her honour on its performance. I w...moreI bought C55 for gaming in January 2024 and can say that it did better in first months compared to later with every update in fact a year ago on release with 8 + 256 the phone been one of the best for its price and chip compared to other phonesWhat not to do:Do Not play when battery saving is not onDont play when custom core is deactivated 3 vs 6 minutesNever update and most of all only charge from 0 once in 2 months not every month like i did",113,Positive,0.8562,collins jul bought phone bullet jos nice lady staked honour performance wmorei bought gaming january say better first month compared later every update fact year ago release phone one best price chip compared phoneswhat not dodo not play battery saving not ondont play custom core deactivated v minutesnever update charge month not every month like,2
https://www.gsmarena.com/samsung_galaxy_s24_ultra-reviews-12771,Anonymous,19 May 2026,0,"CamoGeko-XDA, 19 May 2026It still feels better sorted than most of rhe flagship today, especially considering it uses a...moreI agree with your comment.","CamoGeko-XDA, 19 May 2026It still feels better sorted than most of rhe flagship today, especially considering it uses a...moreI agree with your comment.",23,Positive,0.7239,camogekoxda may still feel better sorted rhe flagship today especially considering us amorei agree comment,2
https://www.gsmarena.com/apple_iphone_se_(2022)-reviews-11410,Anonymous,11 May 2024,0,"JeyEme, 12 Apr 2024I wonder why Apple insist to produce this phoneCarriers were pushing Apple to make an affordable 5G phone","JeyEme, 12 Apr 2024I wonder why Apple insist to produce this phoneCarriers were pushing Apple to make an affordable 5G phone",21,Neutral,0.0,jeyeme apr wonder apple insist produce phonecarriers pushing apple make affordable phone,1
https://www.gsmarena.com/realme_c55-reviews-12159,Anonymous,08 Mar 2023,0,this is better than infinix hot 11S 🙄,this is better than infinix hot 11S,7,Positive,0.4404,better infinix hot,2
https://www.gsmarena.com/samsung_galaxy_s24_ultra-reviews-12771,Anonymous,09 Feb 2026,0,"Narazumono, 27 Jan 2024I finally got my hands on it and the first thing i checked are the bezels. For some reason the...moreI have the yellow and it's nice.","Narazumono, 27 Jan 2024I finally got my hands on it and the first thing i checked are the bezels. For some reason the...moreI have the yellow and it is nice.",30,Positive,0.4215,narazumono jan finally got hand first thing checked bezel reason themorei yellow nice,2
https://www.gsmarena.com/realme_c55-reviews-12159,fufurena25,15 Mar 2026,0,"tony, 04 Jun 2025it was recently updated to android 15how good is the phone with android 15?","tony, 04 Jun 2025it was recently updated to android 15how good is the phone with android 15?",17,Positive,0.4404,tony jun recently updated android good phone android,2
https://www.gsmarena.com/realme_c55-reviews-12159,Anonymous,30 Mar 2023,0,It is worth it to buy realme c55? Please tell me😕,It is worth it to buy realme c55? Please tell me,11,Positive,0.4939,worth buy realme please tell,2
https://www.gsmarena.com/samsung_galaxy_s24_ultra-reviews-12771,SteveUk,14 Mar 2026,0,"Abhy06, 11 Mar 2026Its giving 5hrs SOTInteresting... I still get over 9 hours from 70% (...I keep it between 15% and 85%).Maybe test the battery: Device Care > Diagnostics >  Phone Diagnostics > Battery Status...if everything's OK, it should read ""Normal"" and ""Life: Good"". If not, it might be worth contacting Samsung about it(?)","Abhy06, 11 Mar 2026Its giving 5hrs SOTInteresting... I still get over 9 hours from 70% (...I keep it between 15% and 85%).Maybe test the battery: Device Care > Diagnostics > Phone Diagnostics > Battery Status...if everything's OK, it should read ""Normal"" and ""Life: Good"". If not, it might be worth contacting Samsung about it(?)",54,Positive,0.8567,abhy mar giving hr sotinteresting still get hour keep maybe test battery device care diagnostics phone diagnostics battery statusif everythings ok read normal life good not might worth contacting samsung,2
https://www.gsmarena.com/apple_iphone_15_pro_max-reviews-12548,Anonymous,07 Dec 2024,0,"I'm a lurker and never been brave enough to comment but this phone has been an expensive disaster and I can't send it back now so thought i'd share this so u can make the right choice.In a nut shell if you have to get Iphone, 16 pro max is not significantly bigger or heavier and better in every way ( pretty much the 15 pro max S ).This isn't better value, they are both bad value and you end up paying for accessories anyway. I was too scared to get an android and now I will when my old phone, which I'm using again, dies.Screen graininess. Not sure how common this is but my iphone has a faint like grain due to poor quality control of the OLED. I am trying to get a screen replacement.Everyday use of the camera is underwhelming. The zoom is useful but don't expect mega detail when you look closer at the image. I read the camera was amazing but it is only good which is not acceptable at this price range.Ios 18 bugs such as disappearing buttons in control centre. Colour icons don't work for some apps which defeats the whole point of matching icons.Eye strain looking at the screen. I read about this but have used OLEDs phones twice before (nokia lumia & S7) & other devices so thought i'd be fine. Its not something you notice immediately but its just unpleasant to use this phone lots, at-least for me.Overheating has not occurred and it doesn't heat up from charging 20W wired but wireless it does heat a bit.Don't buy an iphone for ""privacy"", all the social media apps used make that meaningless. Just turn off activity history on android thats what I will do.Waiting until next year when android will finally offer decent support length of 5 years.","I am a lurker and never been brave enough to comment but this phone has been an expensive disaster and I cannot send it back now so thought i would share this so you can make the right choice.In a nut she will if you have to get Iphone, 16 pro max is not significantly bigger or heavier and better in every way ( pretty much the 15 pro max S ).This is not better value, they are both bad value and you end up paying for accessories anyway. I was too scared to get an android and now I will when my old phone, which I am using again, dies.Screen graininess. Not sure how common this is but my iphone has a faint like grain due to poor quality control of the OLED. I am trying to get a screen replacement.Everyday use of the camera is underwhelming. The zoom is useful but do not expect mega detail when you look closer at the image. I read the camera was amazing but it is only good which is not acceptable at this price range.Ios 18 bugs such as disappearing buttons in control centre. Colour icons do not work for some apps which defeats the whole point of matching icons.Eye strain looking at the screen. I read about this but have used OLEDs phones twice before (nokia lumia & S7) & other devices so thought i would be fine. Its not something you notice immediately but its just unpleasant to use this phone lots, at-least for me.Overheating has not occurred and it does not heat up from charging 20W wired but wireless it does heat a bit.Do not buy an iphone for ""privacy"", all the social media apps used make that meaningless. Just turn off activity history on android that is what I will do.Waiting until next year when android will finally offer decent support length of 5 years.",318,Negative,-0.5325,lurker never brave enough comment but phone expensive disaster not send back thought would share make right choicein nut get iphone pro max not significantly bigger heavier better every way pretty much pro max not better value bad value end paying accessory anyway scared get android old phone using diesscreen graininess not sure common but iphone faint like grain due poor quality control oled trying get screen replacementeveryday use camera underwhelming zoom useful but not expect mega detail look closer image read camera amazing but good not acceptable price rangeios bug disappearing button control centre colour icon not work apps defeat whole point matching iconseye strain looking screen read but used oled phone twice nokia lumia device thought would fine not something notice immediately but unpleasant use phone lot atleast meoverheating not occurred not heat charging wired but wireless heat bitdo not buy iphone privacy social medium apps used make meaningless turn activity history android dowaiting next year android finally offer decent support length year,0
https://www.gsmarena.com/xiaomi_redmi_note_13_pro-reviews-12581,Anonymous,23 Sep 2025,0,"xelha, 21 Sep 2025Still using this phone and it's still great. I just wish I could get rid of Google TV, Go...moreUse Shizuku + Canta to debloat","xelha, 21 Sep 2025Still using this phone and it is still great. I just wish I could get rid of Google TV, Go...moreUse Shizuku + Canta to debloat",28,Positive,0.7783,xelha sep still using phone still great wish could get rid google tv gomoreuse shizuku canta debloat,2
https://www.gsmarena.com/samsung_galaxy_s24_ultra-reviews-12771,Anonymous,07 Dec 2025,0,"Anonymous897, 26 Nov 2025Is it a big upgrade coming from an s10? My battery life sucks and chipset is starting to show ...moreBig upgrade yes, allround great phone. You will miss the heart rate sensor and spo2 sensor but the rest is much much better","Anonymous897, 26 Nov 2025Is it a big upgrade coming from an s10? My battery life sucks and chipset is starting to show ...moreBig upgrade yes, allround great phone. You will miss the heart rate sensor and spo2 sensor but the rest is much much better",45,Positive,0.7351,anonymous nov big upgrade coming battery life suck chipset starting show morebig upgrade yes allround great phone miss heart rate sensor spo sensor but rest much much better,2
https://www.gsmarena.com/xiaomi_redmi_note_13_pro-reviews-12581,PhoneViewer004,09 Mar 2025,0,Does it have limited or level_3 camera2api support?,Does it have limited or level_3 camera2api support?,8,Positive,0.2023,limited level cameraapi support,2
https://www.gsmarena.com/samsung_galaxy_s24_ultra-reviews-12771,Anonymous,20 Mar 2026,0,"if anyone in 2026 is considering buying this phone then let me tell you this... GO FOR IT!  this phone is an absolute beast, haven't had any issues ever since i bought it.","if anyone in 2026 is considering buying this phone then let me tell you this... GO FOR IT! this phone is an absolute beast, have not had any issues ever since i bought it.",34,Neutral,0.0,anyone considering buying phone let tell go phone absolute beast not issue ever since bought,1
https://www.gsmarena.com/samsung_galaxy_a54-reviews-12070,Anonymous,22 Aug 2024,0,MediaTek 8020 from Edge 40 ( UFS 3.1) it's Superior to This Exynos 1380 from A54 and A35.Sam this continue to this More and big heavy phone in Middle Class A series probably lose a part of the Costumers!.And Sam No have a single Phone with Qualcomm in A+ Series only all it's Exynos it's not possible!,MediaTek 8020 from Edge 40 ( UFS 3.1) it is Superior to This Exynos 1380 from A54 and A35.Sam this continue to this More and big heavy phone in Middle Class A series probably lose a part of the Costumers!.And Sam No have a single Phone with Qualcomm in A+ Series only all it is Exynos it is not possible!,60,Negative,-0.2462,mediatek edge ufs superior exynos asam continue big heavy phone middle class series probably lose part costumersand sam no single phone qualcomm series exynos not possible,0
https://www.gsmarena.com/apple_iphone_15_pro_max-reviews-12548,Anonymous,01 Dec 2024,0,"I’m going to give my 1 year opinion on this iPhone 15 pro max 256gb unlocked from Apple USA. I got this phone back when it came out and was preordered. Soon as I set it up it was heating up like crazy after a few months still getting hot but Apple released an update that “fixed” the issue but it really underclocked the device, after that I kept the phone and it was very glitchy and kept restarting even the keyboard felt slow at longer texts. Now after a year I have dropped battery capacity and I can really say it does not last a full day ! . Now that Apple intelligence came out Siri is useless on this phone it feels it can’t handle it and restarts after a conversation with Siri still gets hot after normal use and if I use the camera this phone will lag insane. I’m not going to upgrade to the 16 just because I bought this device in cash and I spent a lot of my money but I’m very unsatisfied with my unit and now the warranty is over after a year. I’m going to wait a couple years to upgrade and hopefully Apple does not make the same mistake that happen with this iPhone get the 14pro max or the 16 pro max avoid the 15 pro max model in my opinion","I Am going to give my 1 year opinion on this iPhone 15 pro max 256gb unlocked from Apple USA. I got this phone back when it came out and was preordered. Soon as I set it up it was heating up like crazy after a few months still getting hot but Apple released an update that fixed the issue but it really underclocked the device, after that I kept the phone and it was very glitchy and kept restarting even the keyboard felt slow at longer texts. Now after a year I have dropped battery capacity and I can really say it does not last a full day ! . Now that Apple intelligence came out Siri is useless on this phone it feels it cannot handle it and restarts after a conversation with Siri still gets hot after normal use and if I use the camera this phone will lag insane. I Am not going to upgrade to the 16 just because I bought this device in cash and I spent a lot of my money but I Am very unsatisfied with my unit and now the warranty is over after a year. I Am going to wait a couple years to upgrade and hopefully Apple does not make the same mistake that happen with this iPhone get the 14pro max or the 16 pro max avoid the 15 pro max model in my opinion",237,Negative,-0.915,going give year opinion iphone pro max gb unlocked apple usa got phone back came preordered soon set heating like crazy month still getting hot but apple released update fixed issue but really underclocked device kept phone glitchy kept restarting even keyboard felt slow longer text year dropped battery capacity really say not last full day apple intelligence came siri useless phone feel not handle restarts conversation siri still get hot normal use use camera phone lag insane not going upgrade bought device cash spent lot money but unsatisfied unit warranty year going wait couple year upgrade hopefully apple not make mistake happen iphone get pro max pro max avoid pro max model opinion,0
https://www.gsmarena.com/apple_iphone_se_(2022)-reviews-11410,Anonymous,24 Aug 2023,0,Batterie IS a jock,Batterie IS a jock,4,Neutral,0.0,batterie jock,1
https://www.gsmarena.com/xiaomi_redmi_note_13_pro-reviews-12581,uranium star,04 Feb 2026,0,has anyone got the os 3 version or not yet? i read somewhere that the update was coming at a max period of the end of January but i still haven't got it.,has anyone got the os 3 version or not yet? i read somewhere that the update was coming at a max period of the end of January but i still have not got it.,34,Neutral,0.0,anyone got o version not yet read somewhere update coming max period end january but still not got,1
https://www.gsmarena.com/apple_iphone_se_(2022)-reviews-11410,Michael McCarthy,03 Jul 2025,0,"AnonD-838133, 03 Jul 2025Yes. spaceship is perfect phone, flagship is something currently best of manufacturer.So they’re not the same thing? One’s perfect (spaceship) and one’s best of manufacturer (flagship)? Can’t a phone be both?","AnonD-838133, 03 Jul 2025Yes. spaceship is perfect phone, flagship is something currently best of manufacturer.So they are not the same thing? Ones perfect (spaceship) and ones best of manufacturer (flagship)? Cannot a phone be both?",35,Positive,0.9568,anond jul yes spaceship perfect phone flagship something currently best manufacturerso not thing one perfect spaceship one best manufacturer flagship not phone,2
https://www.gsmarena.com/samsung_galaxy_a54-reviews-12070,Anonymous,13 Dec 2024,0,"after update to latest firmware touch screen dont response, reboot factory reset not work at all!","after update to latest firmware touch screen do not response, reboot factory reset not work at all!",17,Neutral,0.0,update latest firmware touch screen not response reboot factory reset not work,1
https://www.gsmarena.com/apple_iphone_15_pro_max-reviews-12548,Cobby,06 Nov 2025,0,"jiro, 05 Nov 2025this or the iPhone 17? which has better performance?I will choose iPhone 17","jiro, 05 Nov 2025this or the iPhone 17? which has better performance?I will choose iPhone 17",16,Positive,0.504,jiro nov iphone better performancei choose iphone,2
https://www.gsmarena.com/apple_iphone_15_pro_max-reviews-12548,Anonymous,11 Oct 2025,0,"Lamusiqa, 24 Sep 2025iPhone 15 Pro Max user here. Upgraded to iOS 26 for almost a week now and everything still run...moreHelpful review, thank u","Lamusiqa, 24 Sep 2025iPhone 15 Pro Max user here. Upgraded to iOS 26 for almost a week now and everything still run...moreHelpful review, thank you",25,Positive,0.3612,lamusiqa sep iphone pro max user upgraded io almost week everything still runmorehelpful review thank,2
https://www.gsmarena.com/apple_iphone_15_pro_max-reviews-12548,Anonymous,24 Jun 2024,0,"Jagganatha, 19 Jun 2024I shall just have to go on waiting, because to me the idea of anultrawide lens with only possi...moreAny smartphone even with a thousand megapixels will take worse photos than the 12 megapixel Nikon d700 from 2008 simply because megapixels themselves mean nothing","Jagganatha, 19 Jun 2024I shall just have to go on waiting, because to me the idea of anultrawide lens with only possi...moreAny smartphone even with a thousand megapixels will take worse photos than the 12 megapixel Nikon d700 from 2008 simply because megapixels themselves mean nothing",46,Negative,-0.4767,jagganatha jun shall go waiting idea anultrawide lens possimoreany smartphone even thousand megapixels take worse photo megapixel nikon simply megapixels mean nothing,0
https://www.gsmarena.com/samsung_galaxy_s24_ultra-reviews-12771,Anonymous,20 Feb 2026,0,"Since I update my  S24u to January update, I've not been able to use it againMy network is locked.,,.,.Please help","Since I update my S24u to January update, I have not been able to use it againMy network is locked.,,.,.Please help",21,Positive,0.4019,since update su january update not able use againmy network lockedplease help,2
https://www.gsmarena.com/apple_iphone_15_pro_max-reviews-12548,Anonymous,08 May 2025,0,"Debkumar, 20 Oct 2024My 15 pro max over heating while using camera and video shoot, is there any solution or all ph...moreSolution you must upgred the latest model","Debkumar, 20 Oct 2024My 15 pro max over heating while using camera and video shoot, is there any solution or all ph...moreSolution you must upgred the latest model",28,Neutral,-0.0258,debkumar oct pro max heating using camera video shoot solution phmoresolution must upgred latest model,1
https://www.gsmarena.com/samsung_galaxy_a54-reviews-12070,Anonymous,30 Sep 2024,0,"Vans79, 28 Sep 2024But the battery life is insane with 60hz. For two days the eye get used to the lower refresh rateI don't care, honestly. As long as the phone gives me full day of battery life, I'm using full potential and 120Hz.","Vans79, 28 Sep 2024But the battery life is insane with 60hz. For two days the eye get used to the lower refresh rateI do not care, honestly. As long as the phone gives me full day of battery life, I am using full potential and 120Hz.",46,Negative,-0.8405,van sep but battery life insane hz two day eye get used lower refresh ratei not care honestly long phone give full day battery life using full potential hz,0
https://www.gsmarena.com/apple_iphone_se_(2022)-reviews-11410,Michael McCarthy,07 May 2025,0,"Michael McCarthy, 28 Apr 2025I don’t really think it’s the greatest upgrade for my 8 Plus (A1864 RED 256GB) because the dis...moreI suppose it’s alright if you prefer smaller phones and don’t mind having a lower resolution. I don’t mind larger phones myself. I can’t afford to buy a new phone outright at the moment though so I’m just gonna stay with my 8 Plus (A1864 RED 256GB) as long as I can, then I’ll look for and buy another great phone. Maybe in a couple of years or so. I imagine that by then, if I get another flagship phone, it’ll be like having a supercomputer in my pocket.","Michael McCarthy, 28 Apr 2025I do not really think its the greatest upgrade for my 8 Plus (A1864 RED 256GB) because the dis...moreI suppose its alright if you prefer smaller phones and do not mind having a lower resolution. I do not mind larger phones myself. I cannot afford to buy a new phone outright at the moment though so I Am just going to stay with my 8 Plus (A1864 RED 256GB) as long as I can, then Ill look for and buy another great phone. Maybe in a couple of years or so. I imagine that by then, if I get another flagship phone, it will be like having a supercomputer in my pocket.",116,Positive,0.906,michael mccarthy apr not really think greatest upgrade plus red gb dismorei suppose alright prefer smaller phone not mind lower resolution not mind larger phone not afford buy new phone outright moment though going stay plus red gb long ill look buy another great phone maybe couple year imagine get another flagship phone like supercomputer pocket,2
https://www.gsmarena.com/samsung_galaxy_a54-reviews-12070,Anonymous,22 Mar 2025,0,"Nuruddin Sarker , 09 Dec 2024I purchased Samsung galaxy A54 last week from Aliexpress  it's showing custom made and un...moreAnyone who can help me how to fix my A54 the touch is not functioning have tried to change the screen and it has no tempered glass but still nothing is working. I can't just do anything with it because of the frozen screen","Nuruddin Sarker , 09 Dec 2024I purchased Samsung galaxy A54 last week from Aliexpress it is showing custom made and un...moreAnyone who can help me how to fix my A54 the touch is not functioning have tried to change the screen and it has no tempered glass but still nothing is working. I cannot just do anything with it because of the frozen screen",64,Positive,0.0644,nuruddin sarker dec purchased samsung galaxy last week aliexpress showing custom made unmoreanyone help fix touch not functioning tried change screen no tempered glass but still nothing working not anything frozen screen,2
https://www.gsmarena.com/samsung_galaxy_a54-reviews-12070,Anonymous,19 Aug 2024,0,"Anonymous, 19 Aug 2024If you play with the air conditioner on, that explains the temperatures you wrote down. Try pl...moreI meant to write try playing or watching youtube with the air conditioner off, no fan.","Anonymous, 19 Aug 2024If you play with the air conditioner on, that explains the temperatures you wrote down. Try pl...moreI meant to write try playing or watching youtube with the air conditioner off, no fan.",35,Positive,0.5106,anonymous aug play air conditioner explains temperature wrote try plmorei meant write try playing watching youtube air conditioner no fan,2
https://www.gsmarena.com/apple_iphone_se_(2022)-reviews-11410,Anonymous,01 Jun 2025,0,"Frisky, 13 May 2025I have the se 2020 and i love it...maybe i buy the se 2022 next year...Next year? good luck finding a brand new one to buy :)","Frisky, 13 May 2025I have the se 2020 and i love it...maybe i buy the se 2022 next year...Next year? good luck finding a brand new one to buy :)",30,Positive,0.9337,frisky may se love itmaybe buy se next yearnext year good luck finding brand new one buy,2
https://www.gsmarena.com/xiaomi_redmi_note_13_pro-reviews-12581,PureViewer4t1,07 Mar 2025,0,I recently updated to HyperOS 2 and I feel the battery life has improved. But the new launcher layout is horrendous. I had to hide app names to make it look better.Other than that you might experience problems with Bluetooth like my car sound system doesn't play when I press the button but it's more of an app problem and I guess it's because of Android 15 compatibility and not a HyperOS issue.,I recently updated to HyperOS 2 and I feel the battery life has improved. But the new launcher layout is horrendous. I had to hide app names to make it look better.Other than that you might experience problems with Bluetooth like my car sound system does not play when I press the button but it is more of an app problem and I guess it is because of Android 15 compatibility and not a HyperOS issue.,76,Negative,-0.9119,recently updated hyperos feel battery life improved but new launcher layout horrendous hide app name make look betterother might experience problem bluetooth like car sound system not play press button but app problem guess android compatibility not hyperos issue,0
https://www.gsmarena.com/xiaomi_redmi_note_13_pro-reviews-12581,Anonymous,07 Mar 2025,0,"Zero, 15 Feb 2025Yes. But other online games such as Ragnarok Mobile, Solo Leveling & Genshin Impact, I wou...morewhy you don't recommend this phone","Zero, 15 Feb 2025Yes. But other online games such as Ragnarok Mobile, Solo Leveling & Genshin Impact, I wou...morewhy you do not recommend this phone",25,Negative,-0.395,zero feb yes but online game ragnarok mobile solo leveling genshin impact woumorewhy not recommend phone,0
https://www.gsmarena.com/apple_iphone_15_pro_max-reviews-12548,Kriegsherr,31 Jul 2024,0,"user, 31 Jul 2024A case that costs $1 on AliExpress starts to cost $8-10 on Amazon. 👍thats true but why only amazon?","user, 31 Jul 2024A case that costs $1 on AliExpress starts to cost $8-10 on Amazon. that is true but why only amazon?",23,Positive,0.5106,user jul case cost aliexpress start cost amazon true but amazon,2
https://www.gsmarena.com/samsung_galaxy_a54-reviews-12070,s35ym.,05 Mar 2025,0,To all :Good phone. Buy it before the price increases because there is no memory card slot in the A36 and A56 models.,To all :Good phone. Buy it before the price increases because there is no memory card slot in the A36 and A56 models.,23,Positive,0.1779,good phone buy price increase no memory card slot model,2
https://www.gsmarena.com/samsung_galaxy_a54-reviews-12070,Anonymous,02 Oct 2024,0,"Vitko, 26 Sep 2024That is ... questionable :)

Mine does overheat. But I have a tpu/silicone case on it, which...moreSamsung S24 battery doesn't last, you lose camera quality over a year. Not the best when it comes to self. Nonetheless never overheats atleast.","Vitko, 26 Sep 2024That is ... questionable :) Mine does overheat. But I have a tpu/silicone case on it, which...moreSamsung S24 battery does not last, you lose camera quality over a year. Not the best when it comes to self. Nonetheless never overheats atleast.",44,Negative,-0.3105,vitko sep questionable mine overheat but tpusilicone case whichmoresamsung battery not last lose camera quality year not best come self nonetheless never overheats atleast,0
https://www.gsmarena.com/realme_c55-reviews-12159,Anonymous,04 Aug 2023,0,"Best cheap phone. Its good for editing with capcut, streaming, gaming and office.","Best cheap phone. Its good for editing with capcut, streaming, gaming and office.",13,Positive,0.7964,best cheap phone good editing capcut streaming gaming office,2
https://www.gsmarena.com/apple_iphone_se_(2022)-reviews-11410,Anonymous,22 Dec 2023,0,Got one with a BH 90 (now its at 87) and on ios 17.1.2 this phone is a heatfest. 5h1t gets too hot,Got one with a BH 90 (now its at 87) and on ios 17.1.2 this phone is a heatfest. 5h1t gets too hot,23,Neutral,0.0,got one bh io phone heatfest ht get hot,1
https://www.gsmarena.com/realme_c55-reviews-12159,pelicethekitty,02 May 2023,0,"Finch92, 01 May 2023oww.. so sweetdont ship me with him","Finch92, 01 May 2023oww.. so sweetdont ship me with him",10,Neutral,0.0,finch may oww sweetdont ship,1
https://www.gsmarena.com/samsung_galaxy_s24_ultra-reviews-12771,maks-rs,14 Jul 2026,0,"Silvers, 13 Jul 2026What is the On screen time of S24 ultra.
Especially Battery backup.Everything between 3 and 10 hours, very much depending on the usage. For example, camera + gaming + navigation and mobile data give 3-4 hours of use, and light use for browsing, video and social networks on wifi with dark display mode gives even 10 hours of use. It has been behaving like this for the past 2 and a half years and one charge lasts me on average 2 days.","Silvers, 13 Jul 2026What is the On screen time of S24 ultra. Especially Battery backup.Everything between 3 and 10 hours, very much depending on the usage. For example, camera + gaming + navigation and mobile data give 3-4 hours of use, and light use for browsing, video and social networks on wifi with dark display mode gives even 10 hours of use. It has been behaving like this for the past 2 and a half years and one charge lasts me on average 2 days.",85,Positive,0.3612,silver jul screen time ultra especially battery backupeverything hour much depending usage example camera gaming navigation mobile data give hour use light use browsing video social network wifi dark display mode give even hour use behaving like past half year one charge last average day,2
https://www.gsmarena.com/apple_iphone_15_pro_max-reviews-12548,Anonymous,06 Jul 2024,0,"Nas, 05 Jul 2024I've switched from the 12 Pro model to the 15 Pro Max, and I'm telling you it's...moreis it apple employee the best for you?","Nas, 05 Jul 2024I've switched from the 12 Pro model to the 15 Pro Max, and I am telling you it is...moreis it apple employee the best for you?",29,Positive,0.6369,na jul ive switched pro model pro max telling ismoreis apple employee best,2
https://www.gsmarena.com/samsung_galaxy_s24_ultra-reviews-12771,Anonymous,31 Jul 2026,0,I bought one a yellow one I hope to get soon it was quite cheap! it is going to be my 1st galaxy,I bought one a yellow one I hope to get soon it was quite cheap! it is going to be my 1st galaxy,23,Positive,0.4926,bought one yellow one hope get soon quite cheap going st galaxy,2
https://www.gsmarena.com/realme_c55-reviews-12159,Anonymous,24 Aug 2023,0,when Realme launch this device in Pakistan still we were not get a device in India they launch early april and 4 months ago no response from the realme  company take a action why they doing this to us,when Realme launch this device in Pakistan still we were not get a device in India they launch early april and 4 months ago no response from the realme company take a action why they doing this to us,39,Negative,-0.296,realme launch device pakistan still not get device india launch early april month ago no response realme company take action u,0
https://www.gsmarena.com/samsung_galaxy_s24_ultra-reviews-12771,Anonymous,08 Feb 2026,0,I wish this phone was in all red colour it would have looked pretty awesome,I wish this phone was in all red colour it would have looked pretty awesome,15,Positive,0.875,wish phone red colour would looked pretty awesome,2
https://www.gsmarena.com/apple_iphone_15_pro_max-reviews-12548,romanson,06 Aug 2024,0,"romanson, 06 Aug 2024So , after 5 days of usage …..
1) heating issue , present , nothing drastic , but heating goe...moreWhat is my general pool.Does any of you have issues with iphone pro max 15 , if yes , with what , if no , that is ok","romanson, 06 Aug 2024So , after 5 days of usage .. 1) heating issue , present , nothing drastic , but heating goe...moreWhat is my general pool.Does any of you have issues with iphone pro max 15 , if yes , with what , if no , that is ok",50,Positive,0.5499,romanson aug day usage heating issue present nothing drastic but heating goemorewhat general pooldoes issue iphone pro max yes no ok,2
https://www.gsmarena.com/apple_iphone_15_pro_max-reviews-12548,Anonymous,04 Jul 2024,0,"chuk trid khrobongho, 03 Jul 2024Yes, now can, because jailbreak easy with this device. can make your own IOS.I doubt you can make your own IOS. But you can customize IOS to your liking more likely.","chuk trid khrobongho, 03 Jul 2024Yes, now can, because jailbreak easy with this device. can make your own IOS.I doubt you can make your own IOS. But you can customize IOS to your liking more likely.",36,Positive,0.5789,chuk trid khrobongho jul yes jailbreak easy device make iosi doubt make io but customize io liking likely,2
https://www.gsmarena.com/apple_iphone_15_pro_max-reviews-12548,Anonymous,25 Apr 2024,0,"Anonymous, 24 Apr 2024You will never, ever see any genuine Apple iPhone with Android OS.apple now use android OS. for the selected version. can get it at ganges rivers shop . get update first.","Anonymous, 24 Apr 2024You will never, ever see any genuine Apple iPhone with Android OS.apple now use android OS. for the selected version. can get it at ganges rivers shop . get update first.",34,Neutral,0.0,anonymous apr never ever see genuine apple iphone android osapple use android o selected version get ganges river shop get update first,1
https://www.gsmarena.com/apple_iphone_15_pro_max-reviews-12548,Anonymous,14 Aug 2025,0,Guys iPhone 15 Pm or SS s25 Ultra which one I should choose,Guys iPhone 15 Pm or SS s25 Ultra which one I should choose,13,Neutral,0.0,guy iphone pm s ultra one choose,1
https://www.gsmarena.com/apple_iphone_15_pro_max-reviews-12548,Anonymous,28 Jul 2024,0,"user, 28 Jul 2024So it is a fact that an iPhone can be more reliable, but not everyone has money for a new iPho...moreAnd the reliability of Apple gadgets does not speak about the reliability of Apple accessories such as cables and covers. You also cannot turn off fast charging in the IOS settings, unlike Android. 20W PD kills the battery very quickly and generally leads to faster discharge :(","user, 28 Jul 2024So it is a fact that an iPhone can be more reliable, but not everyone has money for a new iPho...moreAnd the reliability of Apple gadgets does not speak about the reliability of Apple accessories such as cables and covers. You also cannot turn off fast charging in the IOS settings, unlike Android. 20W PD kills the battery very quickly and generally leads to faster discharge :(",70,Negative,-0.8625,user jul fact iphone reliable but not everyone money new iphomoreand reliability apple gadget not speak reliability apple accessory cable cover also not turn fast charging io setting unlike android pd kill battery quickly generally lead faster discharge,0
https://www.gsmarena.com/samsung_galaxy_s24_ultra-reviews-12771,Sam799,21 Jul 2026,0,"Aadrian, 20 Jul 2026The July patch is here for the S24 Ultra: 486MB in size.Yes!! Got it yesterday.","Aadrian, 20 Jul 2026The July patch is here for the S24 Ultra: 486MB in size.Yes!! Got it yesterday.",18,Neutral,0.0,aadrian jul july patch ultra mb sizeyes got yesterday,1
https://www.gsmarena.com/apple_iphone_15_pro_max-reviews-12548,Anonymous,19 Jul 2024,0,"Anonymous, 19 Jul 2024comfort yourselfI used Apple for a long time and constantly noticed how it purposefully slows down gadgets so that people go to buy new ones. I didn't notice it on Pixels and Galaxy.I noticed this on Android only on some failed models of Chinese smartphones such as Realme and Xiaomi. In addition, some Xiaomis are very reliable, except for their speakerphone, which over time began to work poorly.","Anonymous, 19 Jul 2024comfort yourselfI used Apple for a long time and constantly noticed how it purposefully slows down gadgets so that people go to buy new ones. I did not notice it on Pixels and Galaxy.I noticed this on Android only on some failed models of Chinese smartphones such as Realme and Xiaomi. In addition, some Xiaomis are very reliable, except for their speakerphone, which over time began to work poorly.",72,Negative,-0.5106,anonymous jul comfort yourselfi used apple long time constantly noticed purposefully slows gadget people go buy new one not notice pixel galaxyi noticed android failed model chinese smartphones realme xiaomi addition xiaomis reliable except speakerphone time began work poorly,0
https://www.gsmarena.com/realme_c55-reviews-12159,Anonymous,03 Nov 2024,0,"Unknown , 30 May 2024If your having heating problems and problem with the battery life just do some research on You...morethis advice is like ""if your pc screen is black, try turning it on""","Unknown , 30 May 2024If your having heating problems and problem with the battery life just do some research on You...morethis advice is like ""if your pc screen is black, try turning it on""",34,Negative,-0.4404,unknown may heating problem problem battery life research youmorethis advice like pc screen black try turning,0
https://www.gsmarena.com/apple_iphone_15_pro_max-reviews-12548,CardboardHuman,16 Feb 2025,0,Why is the telephoto labeled as a periscope telephoto? it appears to be a traditional telephoto both in person and in promo materials.,Why is the telephoto labeled as a periscope telephoto? it appears to be a traditional telephoto both in person and in promo materials.,23,Neutral,0.0,telephoto labeled periscope telephoto appears traditional telephoto person promo material,1
https://www.gsmarena.com/realme_c55-reviews-12159,Anonymous,12 Apr 2023,0,"slay, 10 Apr 2023okay...this review is confusing me...I just want a good phone to use...now bfrr..is it bad or ...moreI play COD & MLBB on it myself. It's pretty good, there are no fps drops on MLBB and COD on the highest settings the phone can support. I do not play PUBG, but im sure it's just as reliable for it.","slay, 10 Apr 2023okay...this review is confusing me...I just want a good phone to use...now bfrr..is it bad or ...moreI play COD & MLBB on it myself. It is pretty good, there are no fps drops on MLBB and COD on the highest settings the phone can support. I do not play PUBG, but i am sure it is just as reliable for it.",64,Positive,0.7935,slay apr okaythis review confusing mei want good phone usenow bfrris bad morei play cod mlbb pretty good no fps drop mlbb cod highest setting phone support not play pubg but sure reliable,2
https://www.gsmarena.com/samsung_galaxy_a54-reviews-12070,s35ym,05 Apr 2026,0,"idk, 03 Apr 2026nah, finally i am going to go with a 2nd hand m34 5g 
it looks okay in the reviews in gsmarena :)If India, buy oldsold dot in website.","i do not know, 03 Apr 2026nah, finally i am going to go with a 2nd hand m34 5g it looks okay in the reviews in gsmarena :)If India, buy oldsold dot in website.",34,Positive,0.6249,not know apr nah finally going go nd hand look okay review gsmarena india buy oldsold dot website,2
https://www.gsmarena.com/apple_iphone_15_pro_max-reviews-12548,Anonymous,06 Feb 2025,0,"prowting45, 31 Dec 2024Look here guys I'm trying to be sensible here. I'm not a gamer or a big user only th...morei totally disagree, my iphone 15 pro max is a lot quicker and faster than my Note 10+. opening apps and games, iphone 15 pro max is very fast and scrolling on my iphone 15 is 120hz compared to s10+ and note 10+ 60hz screen.","prowting45, 31 Dec 2024Look here guys I am trying to be sensible here. I am not a gamer or a big user only th...morei totally disagree, my iphone 15 pro max is a lot quicker and faster than my Note 10+. opening apps and games, iphone 15 pro max is very fast and scrolling on my iphone 15 is 120hz compared to s10+ and note 10+ 60hz screen.",68,Negative,-0.4391,prowting dec look guy trying sensible not gamer big user thmorei totally disagree iphone pro max lot quicker faster note opening apps game iphone pro max fast scrolling iphone hz compared note hz screen,0
https://www.gsmarena.com/apple_iphone_15_pro_max-reviews-12548,Anonymous,17 Feb 2025,0,"Andd, 12 Feb 2025As a long time Android user, should I buy the 15 PM or 16PM? They said that the 16 is not a ma...morewhy chosing ios over android?","Andd, 12 Feb 2025As a long time Android user, should I buy the 15 PM or 16PM? They said that the 16 is not a ma...morewhy chosing ios over android?",30,Neutral,0.0,andd feb long time android user buy pm pm said not mamorewhy chosing io android,1
https://www.gsmarena.com/xiaomi_redmi_note_13_pro-reviews-12581,Anonymous,12 Mar 2025,0,"Zero, 11 Mar 2025Just updated to 2.0.4.0 and so far so good. The lag part has been partially fixed. But still, ...moreHas battery life improved ?","Zero, 11 Mar 2025Just updated to 2.0.4.0 and so far so good. The lag part has been partially fixed. But still, ...moreHas battery life improved ?",26,Positive,0.7053,zero mar updated far good lag part partially fixed but still morehas battery life improved,2
https://www.gsmarena.com/xiaomi_redmi_note_13_pro-reviews-12581,PureViewer4t1,17 Dec 2024,0,"Doctor Phil, 14 Dec 2024Coming from a midrange Samsung, I got this phone to give it a try. Can't say that I am 10...moreExactly. The hardware is brilliant but the software leaves a lot to be desired. You just have to learn to get used to it.Regarding the calendar notifications, go to settings and search for ""autostart"". Then allow the calendar to autostart everytime it's killed. Also set battery saver to ""No restrictions"" in the calendar system settings.","Doctor Phil, 14 Dec 2024Coming from a midrange Samsung, I got this phone to give it a try. Cannot say that I am 10...moreExactly. The hardware is brilliant but the software leaves a lot to be desired. You just have to learn to get used to it.Regarding the calendar notifications, go to settings and search for ""autostart"". Then allow the calendar to autostart everytime it is killed. Also set battery saver to ""No restrictions"" in the calendar system settings.",79,Negative,-0.5647,doctor phil dec coming midrange samsung got phone give try not say moreexactly hardware brilliant but software leaf lot desired learn get used itregarding calendar notification go setting search autostart allow calendar autostart everytime killed also set battery saver no restriction calendar system setting,0
https://www.gsmarena.com/apple_iphone_15_pro_max-reviews-12548,Anonymous,06 Apr 2025,0,"jsdutch, 04 Apr 2025i have a question do iphone 15 pm still overheat with ios 18.4Yeah","jsdutch, 04 Apr 2025i have a question do iphone 15 pm still overheat with ios 18.4Yeah",16,Neutral,0.0,jsdutch apr question iphone pm still overheat io yeah,1
https://www.gsmarena.com/samsung_galaxy_a54-reviews-12070,s35ym.,23 Mar 2025,0,"Nuruddin Sarker , 09 Dec 2024I purchased Samsung galaxy A54 last week from Aliexpress  it's showing custom made and un...moreSpend some money and try to flash the official firmware from the Samsung authorized service center from your place.","Nuruddin Sarker , 09 Dec 2024I purchased Samsung galaxy A54 last week from Aliexpress it is showing custom made and un...moreSpend some money and try to flash the official firmware from the Samsung authorized service center from your place.",39,Neutral,0.0,nuruddin sarker dec purchased samsung galaxy last week aliexpress showing custom made unmorespend money try flash official firmware samsung authorized service center place,1
https://www.gsmarena.com/realme_c55-reviews-12159,Anonymous,07 Aug 2023,0,"Bluewave, 25 Jul 2023Waiting for Realme C66 with Mediatek G99, Android 14 best phone ever 👍👍🙏It's c65 with helio g99 6m, 68 or 45 watts, dual speaker, 6.78 inch display with 120hz RR, 108 or maybe still 64 mp camera. Likely 2023 Q4 or 2024 Q1 to be announcements.","Bluewave, 25 Jul 2023Waiting for Realme C66 with Mediatek G99, Android 14 best phone ever It is c65 with helio g99 6m, 68 or 45 watts, dual speaker, 6.78 inch display with 120hz RR, 108 or maybe still 64 mp camera. Likely 2023 Q4 or 2024 Q1 to be announcements.",50,Positive,0.6369,bluewave jul waiting realme mediatek android best phone ever helio watt dual speaker inch display hz rr maybe still mp camera likely announcement,2
https://www.gsmarena.com/samsung_galaxy_a54-reviews-12070,Anonymous,03 Sep 2024,0,"Kashef., 05 Jun 2024The hardware is trash, and by hardware I mean the Exynos + Mali trash. Coming from an M52 5G. ...moreAfter one year using my a54 5g I can say it's horrible phone, laggy, over heating while doing basic tasks and the battery is disappointing. I will never buy Samsung phone again👎🏼👎🏼","Kashef., 05 Jun 2024The hardware is trash, and by hardware I mean the Exynos + Mali trash. Coming from an M52 5G. ...moreAfter one year using my a54 5g I can say it is horrible phone, laggy, over heating while doing basic tasks and the battery is disappointing. I will never buy Samsung phone again",55,Negative,-0.7717,kashef jun hardware trash hardware mean exynos mali trash coming moreafter one year using say horrible phone laggy heating basic task battery disappointing never buy samsung phone,0
https://www.gsmarena.com/apple_iphone_15_pro_max-reviews-12548,Anonymous,18 Jan 2026,0,"Is this 15 Pro Max working fine these days, is it still a good buy??","Is this 15 Pro Max working fine these days, is it still a good buy??",15,Positive,0.6199,pro max working fine day still good buy,2
https://www.gsmarena.com/samsung_galaxy_s24_ultra-reviews-12771,Anonymous,11 Aug 2026,0,"Anonymous, 09 Aug 2026Galaxy S24 ultra vs Oppo K13 Turbo pro ?

Which you would you opt.?this is too easy, s24 ultra because tests show the active cooling inside the k13 turbo pro doesn't actually work","Anonymous, 09 Aug 2026Galaxy S24 ultra vs Oppo K13 Turbo pro ? Which you would you opt.?this is too easy, s24 ultra because tests show the active cooling inside the k13 turbo pro does not actually work",37,Positive,0.7149,anonymous aug galaxy ultra v oppo turbo pro would optthis easy ultra test show active cooling inside turbo pro not actually work,2
https://www.gsmarena.com/apple_iphone_se_(2022)-reviews-11410,P650SE,25 Apr 2024,0,"nooneinpart, 25 Apr 2024Interesting, my screen looks too blue with True Tone disabled. I'd suggest comparing it t...moreThanks, interesting! I compared the screen against my 1st Gen SE by putting both phones side-by-side on the settings menu, with white theme enabled. The 1st Gen actually looks slightly more yellow like this, whereas the 3rd Gen has a very noticeable 'reddish' hue. The weird thing is, when I return to the homescreen, the 1st Gen SE looks far more natural and clearer (it doesn't look yellow hardly at all) whereas the 3rd Gen has a very noticeable yellow/reddish tint to the colours. The 1st Gen feels easier to look at and less straining on the eyes.I'll see if I can find another 3rd Gen in the store to compare it to.","nooneinpart, 25 Apr 2024Interesting, my screen looks too blue with True Tone disabled. I would suggest comparing it t...moreThanks, interesting! I compared the screen against my 1st Gen SE by putting both phones side-by-side on the settings menu, with white theme enabled. The 1st Gen actually looks slightly more yellow like this, whereas the 3rd Gen has a very noticeable 'reddish' hue. The weird thing is, when I return to the homescreen, the 1st Gen SE looks far more natural and clearer (it does not look yellow hardly at all) whereas the 3rd Gen has a very noticeable yellow/reddish tint to the colours. The 1st Gen feels easier to look at and less straining on the eyes.I will see if I can find another 3rd Gen in the store to compare it to.",133,Positive,0.8805,nooneinpart apr interesting screen look blue true tone disabled would suggest comparing tmorethanks interesting compared screen against st gen se putting phone sidebyside setting menu white theme enabled st gen actually look slightly yellow like whereas rd gen noticeable reddish hue weird thing return homescreen st gen se look far natural clearer not look yellow hardly whereas rd gen noticeable yellowreddish tint colour st gen feel easier look less straining eyesi see find another rd gen store compare,2
https://www.gsmarena.com/apple_iphone_se_(2022)-reviews-11410,Anonymous,23 Feb 2025,0,"Craddan, 19 Feb 2025Just got this phone and let me tell you this phone has a terrible battery life don’t buy this ...morethanks for sharing. i was planning to buy this","Craddan, 19 Feb 2025Just got this phone and let me tell you this phone has a terrible battery life do not buy this ...morethanks for sharing. i was planning to buy this",32,Negative,-0.0772,craddan feb got phone let tell phone terrible battery life not buy morethanks sharing planning buy,0
https://www.gsmarena.com/samsung_galaxy_s24_ultra-reviews-12771,Abhy06,03 Mar 2026,0,"Samsung S24 Ultra the last true ''Note'' device from Samsung2 years in still going strong, battery has taken a hit though but who cares just charge it multiple times a day.","Samsung S24 Ultra the last true ''Note'' device from Samsung2 years in still going strong, battery has taken a hit though but who cares just charge it multiple times a day.",31,Positive,0.7935,samsung ultra last true note device samsung year still going strong battery taken hit though but care charge multiple time day,2
https://www.gsmarena.com/xiaomi_redmi_note_13_pro-reviews-12581,Anonymous,17 Apr 2025,0,"waseem, 28 Mar 2025Facing fast charging issue after Android 15 update,Phone battery unable to charge fastly as cl...morewell, what do you expect for a china phone? Don't expect too much as china products are always inaccurate 🤣","waseem, 28 Mar 2025Facing fast charging issue after Android 15 update,Phone battery unable to charge fastly as cl...morewell, what do you expect for a china phone? Do not expect too much as china products are always inaccurate",37,Neutral,0.0,waseem mar facing fast charging issue android updatephone battery unable charge fastly clmorewell expect china phone not expect much china product always inaccurate,1
https://www.gsmarena.com/samsung_galaxy_a54-reviews-12070,Gino76ph,05 Oct 2024,0,"Vans79, 04 Oct 2024You might read all the same about A54. But it heats up extremely rare and overall performance ...moreRight now my choices for next phone are the A54 and S23 FE. I think we all know the differences between the two. For me it's finding that ""balance"".We've heard all about these overheating and poor battery life on the S23 FE. But after all the updates and doing all these battery saving tips known to man...would you still choose the S23 FE 256GB with UFS 4.0 over the A54 256GB with UFS 3.1/4.0?","Vans79, 04 Oct 2024You might read all the same about A54. But it heats up extremely rare and overall performance ...moreRight now my choices for next phone are the A54 and S23 FE. I think we all know the differences between the two. For me it is finding that ""balance"".We have heard all about these overheating and poor battery life on the S23 FE. But after all the updates and doing all these battery saving tips known to man...would you still choose the S23 FE 256GB with UFS 4.0 over the A54 256GB with UFS 3.1/4.0?",96,Negative,-0.631,van oct might read but heat extremely rare overall performance moreright choice next phone fe think know difference two finding balancewe heard overheating poor battery life fe but update battery saving tip known manwould still choose fe gb ufs gb ufs,0
https://www.gsmarena.com/samsung_galaxy_s24_ultra-reviews-12771,Anonymous,27 Jan 2026,0,"The Samsung S24 Ultra is indeed a commendable phone. My primary concern, however, revolves around the battery's capacity and density. Given its extensive features, utilizing them all, particularly during travel, makes charging the device every 6-8 hours quite challenging. This is a matter that I believe warrants urgent attention and an upgrade.Using this phone since October 2025.Date: 27 Jan 2025","The Samsung S24 Ultra is indeed a commendable phone. My primary concern, however, revolves around the battery's capacity and density. Given its extensive features, utilizing them all, particularly during travel, makes charging the device every 6-8 hours quite challenging. This is a matter that I believe warrants urgent attention and an upgrade.Using this phone since October 2025.Date: 27 Jan 2025",60,Positive,0.4201,samsung ultra indeed commendable phone primary concern however revolves around battery capacity density given extensive feature utilizing particularly travel make charging device every hour quite challenging matter believe warrant urgent attention upgradeusing phone since october date jan,2
https://www.gsmarena.com/xiaomi_redmi_note_13_pro-reviews-12581,Anonymous,18 Jan 2025,0,"At first it was very sluggish and very slow. Especially the keyboard and control center. But after an overnight, it goes back to normal. I still want to factory reset it maybe on Monday due to it is a major update. The only things I don't like are you can't clear the system cache and icons are sooo fuckin small even at largest icon setting. So far so good but I am missing the people lock screen style which is the only reason i upgraded","At first it was very sluggish and very slow. Especially the keyboard and control center. But after an overnight, it goes back to normal. I still want to factory reset it maybe on Monday due to it is a major update. The only things I do not like are you cannot clear the system cache and icons are sooo fuckin small even at largest icon setting. So far so good but I am missing the people lock screen style which is the only reason i upgraded",86,Negative,-0.2917,first sluggish slow especially keyboard control center but overnight go back normal still want factory reset maybe monday due major update thing not like not clear system cache icon sooo fuckin small even largest icon setting far good but missing people lock screen style reason upgraded,0
https://www.gsmarena.com/xiaomi_redmi_note_13_pro-reviews-12581,Anonymous,03 Dec 2024,0,"Mik3, 03 Dec 2024Personal testimony or just talk...It's personal testimony in my case.","Mik3, 03 Dec 2024Personal testimony or just talk...It is personal testimony in my case.",14,Neutral,0.0,mik dec personal testimony talkit personal testimony case,1
https://www.gsmarena.com/apple_iphone_15_pro_max-reviews-12548,Anonymous,22 Apr 2025,0,"Emman, 12 Apr 2025Does the iPhone 15 pro max still overheating on 18.4Yes, switching to 4g helps to reduce heat","Emman, 12 Apr 2025Does the iPhone 15 pro max still overheating on 18.4Yes, switching to 4g helps to reduce heat",20,Positive,0.3818,emman apr iphone pro max still overheating yes switching help reduce heat,2
https://www.gsmarena.com/samsung_galaxy_a54-reviews-12070,Akhlan,15 Jul 2026,0,"Ficey, 15 Jul 2026Since updating my Galaxy A54 to One UI 8.5, my battery drains way faster than before, even w...moreI'm seeing the exact same issue on my Galaxy A54 after updating to One UI 8.5. Before the update, standby battery drain was minimal, but now it's losing battery much faster even when the phone is completely idle. I've also noticed that the phone stays slightly warm at times and doesn't seem to enter deep sleep properly. Battery usage doesn't point to any specific app either, so it feels like a system-level issue. I'm hoping it's a firmware bug and that Samsung fixes it in a future update.","Ficey, 15 Jul 2026Since updating my Galaxy A54 to One UI 8.5, my battery drains way faster than before, even w...moreI'm seeing the exact same issue on my Galaxy A54 after updating to One UI 8.5. Before the update, standby battery drain was minimal, but now it is losing battery much faster even when the phone is completely idle. I have also noticed that the phone stays slightly warm at times and does not seem to enter deep sleep properly. Battery usage does not point to any specific app either, so it feels like a system-level issue. I am hoping it is a firmware bug and that Samsung fixes it in a future update.",114,Positive,0.7056,ficey jul since updating galaxy one ui battery drain way faster even wmoreim seeing exact issue galaxy updating one ui update standby battery drain minimal but losing battery much faster even phone completely idle also noticed phone stay slightly warm time not seem enter deep sleep properly battery usage not point specific app either feel like systemlevel issue hoping firmware bug samsung fix future update,2
https://www.gsmarena.com/apple_iphone_15_pro_max-reviews-12548,Anonymous,08 Feb 2026,0,"Anonymous, 18 Jan 2026Is this 15 Pro Max working fine these days, is it still a good buy??Yes the iPhone 15pro max  is one of the best iPhone I’ve ever used and it has an insanely strong battery just get a good vendor and watch out for copies they’re everywhereI guarantee you that iPhone 15pm is the best iPhone for a long run and yes it’s very much valid in 2026","Anonymous, 18 Jan 2026Is this 15 Pro Max working fine these days, is it still a good buy??Yes the iPhone 15pro max is one of the best iPhone I Have ever used and it has an insanely strong battery just get a good vendor and watch out for copies they are everywhereI guarantee you that iPhone 15pm is the best iPhone for a long run and yes its very much valid in 2026",73,Positive,0.9731,anonymous jan pro max working fine day still good buyyes iphone pro max one best iphone ever used insanely strong battery get good vendor watch copy everywherei guarantee iphone pm best iphone long run yes much valid,2
https://www.gsmarena.com/xiaomi_redmi_note_13_pro-reviews-12581,Anonymous,07 Sep 2025,0,"s.ghaem, 12 Jul 2025very slow in file transfer from flash memory!
Does anyone have a solution to fix the problem?Maybe don't  buy a phone with UFS 2.2 storage and usb 2.0 port.","s.ghaem, 12 Jul 2025very slow in file transfer from flash memory! Does anyone have a solution to fix the problem?Maybe do not buy a phone with UFS 2.2 storage and usb 2.0 port.",33,Positive,0.3802,sghaem jul slow file transfer flash memory anyone solution fix problemmaybe not buy phone ufs storage usb port,2
https://www.gsmarena.com/apple_iphone_se_(2022)-reviews-11410,Michael McCarthy,02 Jul 2025,0,"AnonD-838133, 17 Jun 2025No, but performance yes.🤔😕😐🤷‍♂️🫤 So spaceship and flagship are two different things?","AnonD-838133, 17 Jun 2025No, but performance yes. So spaceship and flagship are two different things?",15,Positive,0.6752,anond jun no but performance yes spaceship flagship two different thing,2
https://www.gsmarena.com/apple_iphone_15_pro_max-reviews-12548,Anonymous,13 May 2024,0,"Anonymous, 03 May 2024Probably already waiting for 16 pro max to buy it for 0.001seconds faster instagram opening?Bravo for comment","Anonymous, 03 May 2024Probably already waiting for 16 pro max to buy it for 0.001seconds faster instagram opening?Bravo for comment",20,Neutral,0.0,anonymous may probably already waiting pro max buy second faster instagram openingbravo comment,1
https://www.gsmarena.com/realme_c55-reviews-12159,Anonymous,07 Mar 2023,0,"Gilles, 07 Mar 2023I'm almost sure it has NFC.Yes Indonesia has NFC for 160 euro","Gilles, 07 Mar 2023I'm almost sure it has NFC.Yes Indonesia has NFC for 160 euro",15,Negative,-0.5308,gilles mar im almost sure nfcyes indonesia nfc euro,0
https://www.gsmarena.com/realme_c55-reviews-12159,Anonymous,23 Jun 2023,0,"Anna, 13 Jun 2023Which is better than xiaomi or realme
I don't know what should I buy?always pick realme rather on xiaomi, realme has better value for price, stable UI system and cheaper than xiaomi phones that gives the same specs","Anna, 13 Jun 2023Which is better than xiaomi or realme I do not know what should I buy?always pick realme rather on xiaomi, realme has better value for price, stable UI system and cheaper than xiaomi phones that gives the same specs",42,Positive,0.8555,anna jun better xiaomi realme not know buyalways pick realme rather xiaomi realme better value price stable ui system cheaper xiaomi phone give spec,2
https://www.gsmarena.com/xiaomi_redmi_note_13_pro-reviews-12581,Anonymous,03 Jan 2025,0,"why does the Redmi Note 14 series line up look that bad in design, I think as a brand xiaomi should stick to the redmi note 13 series design because of the good design of the note 13 pro, and the sub brands they are confusing, they have the redmi line up, Redmi Note, poco x line up, poco f line up, poco m line up and I saw a redmi A line up earlier before writing this. I got soo confused I bought redmi 14C thinking it was the actual Redmi Note 14 pro. So someone tell me why all the brands in the sub brands, sub brands of sub brand, I think we will all be better off with Redmi Note, redmi, poco F and poco X. I feel out of words to explain my frustration about all this sub brands of sub brands because I’m looking for the perfect phone and now I’m thrown all this different options to choose and don’t know which one, thank god a friend recommended this budget phone. So yah xiaomi needs fewer phones for new buyers like me not to get confused","why does the Redmi Note 14 series line up look that bad in design, I think as a brand xiaomi should stick to the redmi note 13 series design because of the good design of the note 13 pro, and the sub brands they are confusing, they have the redmi line up, Redmi Note, poco x line up, poco f line up, poco m line up and I saw a redmi A line up earlier before writing this. I got soo confused I bought redmi 14C thinking it was the actual Redmi Note 14 pro. So someone tell me why all the brands in the sub brands, sub brands of sub brand, I think we will all be better off with Redmi Note, redmi, poco F and poco X. I feel out of words to explain my frustration about all this sub brands of sub brands because I Am looking for the perfect phone and now I Am thrown all this different options to choose and do not know which one, thank god a friend recommended this budget phone. So yah xiaomi needs fewer phones for new buyers like me not to get confused",194,Positive,0.8176,redmi note series line look bad design think brand xiaomi stick redmi note series design good design note pro sub brand confusing redmi line redmi note poco line poco line poco line saw redmi line earlier writing got soo confused bought redmi thinking actual redmi note pro someone tell brand sub brand sub brand sub brand think better redmi note redmi poco poco feel word explain frustration sub brand sub brand looking perfect phone thrown different option choose not know one thank god friend recommended budget phone yah xiaomi need fewer phone new buyer like not get confused,2
https://www.gsmarena.com/realme_c55-reviews-12159,Anonymous,07 Nov 2023,0,doesnt work with t-mobile :(,does not work with t-mobile :(,6,Negative,-0.4404,not work tmobile,0
https://www.gsmarena.com/samsung_galaxy_a54-reviews-12070,s35ym.,16 Aug 2026,0,I treat my Samsung A54 with humanity (not as a digital garbage bin). So it is working fine.,I treat my Samsung A54 with humanity (not as a digital garbage bin). So it is working fine.,18,Positive,0.5423,treat samsung humanity not digital garbage bin working fine,2
https://www.gsmarena.com/apple_iphone_15_pro_max-reviews-12548,Anonymous,08 Jul 2024,0,"ABC , 08 Jul 2024which phone is worth buying S24 plus or a 15 pro max ?Do your own research. There are plenty of info on google to decide","ABC , 08 Jul 2024which phone is worth buying S24 plus or a 15 pro max ?Do your own research. There are plenty of info on google to decide",29,Positive,0.2263,abc jul phone worth buying plus pro max research plenty info google decide,2
https://www.gsmarena.com/xiaomi_redmi_note_13_pro-reviews-12581,Mik3,25 Nov 2024,0,"Shahid , 08 Sep 2024I recently purchased the Redmi 13 Pro 8/256 GB from the Xiaomi Store in Pakistan, expecting a ...moreI am surprised at so many negative reviews on this model. Then again, the mismatch with expectations is also a big negative. I am pulling away from this phone.","Shahid , 08 Sep 2024I recently purchased the Redmi 13 Pro 8/256 GB from the Xiaomi Store in Pakistan, expecting a ...moreI am surprised at so many negative reviews on this model. Then again, the mismatch with expectations is also a big negative. I am pulling away from this phone.",50,Negative,-0.7939,shahid sep recently purchased redmi pro gb xiaomi store pakistan expecting morei surprised many negative review model mismatch expectation also big negative pulling away phone,0
https://www.gsmarena.com/samsung_galaxy_a54-reviews-12070,Anonymous,14 Oct 2024,0,Today my A54 received Security Patch from 1 October 2024.277 MB approximately A546B EUX .Very quickly this month received Security Patch.  30+ remedying vulnerability in Android and One Ui this patch.Have a good day to all!,Today my A54 received Security Patch from 1 October 2024.277 MB approximately A546B EUX .Very quickly this month received Security Patch. 30+ remedying vulnerability in Android and One Ui this patch.Have a good day to all!,36,Positive,0.7263,today received security patch october mb approximately ab eux quickly month received security patch remedying vulnerability android one ui patchhave good day,2
https://www.gsmarena.com/apple_iphone_se_(2022)-reviews-11410,Anonymous,29 Dec 2023,0,"Anonymous, 28 Dec 2023which phonephone","Anonymous, 28 Dec 2023which phonephone",5,Neutral,0.0,anonymous dec phonephone,1
https://www.gsmarena.com/realme_c55-reviews-12159,Anonymous,19 Mar 2023,0,"Jemlim, 15 Mar 2023Tell me any phones with Amoled Display at this price then?Infinix Note 12 2023","Jemlim, 15 Mar 2023Tell me any phones with Amoled Display at this price then?Infinix Note 12 2023",17,Neutral,0.0,jemlim mar tell phone amoled display price theninfinix note,1
https://www.gsmarena.com/samsung_galaxy_s24_ultra-reviews-12771,Anonymous,20 Jul 2026,0,"GBENGUSPECIAL , 19 Jul 2026Yeah it’s supposed to be for S24 Ultra users but l am seeing others Galaxy users comment. 
Th...moreFor me the titanium frame makes it more durable and resistant to impacts, Ai content is very useful, Bluetooth Spen to take pictures has been very handy to me too, cameras and pictures are so good, pictures come out crisp and clear, colorful too. I have Titanium yellow S24 Ultra but looks like a gold color to me, The boxy look makes it more premium so I watch You Tube videos, Tubi TV (Movies & TV series) on it too and it's just like looking into a small almost 7 inch TV. Pretty much, I love my S24 Ultra and hoping it will last me for at least 7 years.","GBENGUSPECIAL , 19 Jul 2026Yeah its supposed to be for S24 Ultra users but l am seeing others Galaxy users comment. Th...moreFor me the titanium frame makes it more durable and resistant to impacts, Ai content is very useful, Bluetooth Spen to take pictures has been very handy to me too, cameras and pictures are so good, pictures come out crisp and clear, colorful too. I have Titanium yellow S24 Ultra but looks like a gold color to me, The boxy look makes it more premium so I watch You Tube videos, Tubi TV (Movies & TV series) on it too and it is just like looking into a small almost 7 inch TV. Pretty much, I love my S24 Ultra and hoping it will last me for at least 7 years.",132,Positive,0.9879,gbenguspecial jul yeah supposed ultra user but seeing others galaxy user comment thmorefor titanium frame make durable resistant impact ai content useful bluetooth spen take picture handy camera picture good picture come crisp clear colorful titanium yellow ultra but look like gold color boxy look make premium watch tube video tubi tv movie tv series like looking small almost inch tv pretty much love ultra hoping last least year,2
https://www.gsmarena.com/samsung_galaxy_s24_ultra-reviews-12771,Anonymous,08 Jan 2026,0,"Can you use Galaxy AI for editing pics/photos? You have to update the software, which means you have to go from OneUI 6.1 to OneUI 7, then directly to OneUI 8... I'm not ready to say goodbye to the original OneUI 6.1.","Can you use Galaxy AI for editing pics/photos? You have to update the software, which means you have to go from OneUI 6.1 to OneUI 7, then directly to OneUI 8... I am not ready to say goodbye to the original OneUI 6.1.",43,Neutral,0.049,use galaxy ai editing picsphotos update software mean go oneui oneui directly oneui not ready say goodbye original oneui,1
https://www.gsmarena.com/apple_iphone_se_(2022)-reviews-11410,Anonymous,07 Dec 2023,0,"Finn Thaumaturge, 04 Dec 2023Im not a mobile gamer and I love small phones with great specs, planning to buy a new phone th...morethis is good one for you","Finn Thaumaturge, 04 Dec 2023Im not a mobile gamer and I love small phones with great specs, planning to buy a new phone th...morethis is good one for you",29,Positive,0.9042,finn thaumaturge dec im not mobile gamer love small phone great spec planning buy new phone thmorethis good one,2
https://www.gsmarena.com/apple_iphone_15_pro_max-reviews-12548,Leoalbuq,12 Jul 2024,0,"The 15 Pro Max its a fantastic device, I´m using iphones since the 5c and was alternating between some android phones (my last was the S23 Ultra). I came from the 14 pro max and the difference to the 15 pro max it´s huge in performance, camera and battery life.","The 15 Pro Max its a fantastic device, I Am using iphones since the 5c and was alternating between some android phones (my last was the S23 Ultra). I came from the 14 pro max and the difference to the 15 pro max its huge in performance, camera and battery life.",51,Positive,0.7096,pro max fantastic device using iphones since alternating android phone last ultra came pro max difference pro max huge performance camera battery life,2
https://www.gsmarena.com/xiaomi_redmi_note_13_pro-reviews-12581,tehwolf1337,06 Jun 2026,0,"Benino, 01 Jun 2026How is it performing....does it drain your battery?3.0.301.0.wnrmixm battery drain is insane","Benino, 01 Jun 2026How is it performing....does it drain your battery?3.0.301.0.wnrmixm battery drain is insane",15,Negative,-0.4019,benino jun performingdoes drain batterywnrmixm battery drain insane,0
https://www.gsmarena.com/xiaomi_redmi_note_13_pro-reviews-12581,Anonymous,01 Mar 2025,0,"Does anyone facing low WiFi signal strength problem in redmi note 13 pro,my last phone was realme7pro and it's show full signal strength but on the same location this phone is showing 1 bar less.","Does anyone facing low WiFi signal strength problem in redmi note 13 pro,my last phone was realme7pro and it is show full signal strength but on the same location this phone is showing 1 bar less.",36,Positive,0.2023,anyone facing low wifi signal strength problem redmi note promy last phone realmepro show full signal strength but location phone showing bar less,2
https://www.gsmarena.com/samsung_galaxy_s24_ultra-reviews-12771,Anonymous,28 Jul 2026,0,"Anybody using a official Samsung case for this phone and if so, which one and how is the quality?","Anybody using a official Samsung case for this phone and if so, which one and how is the quality?",19,Neutral,0.0,anybody using official samsung case phone one quality,1
https://www.gsmarena.com/samsung_galaxy_a54-reviews-12070,s35ym.,24 Aug 2025,0,"Anonymous, 03 Aug 2025Samsung a54 have screen flickring problem, a34 5g best option also handfeel so goodMy A54 didn't experience such issue.","Anonymous, 03 Aug 2025Samsung a54 have screen flickring problem, a34 5g best option also handfeel so goodMy A54 did not experience such issue.",23,Positive,0.3612,anonymous aug samsung screen flickring problem best option also handfeel goodmy not experience issue,2
https://www.gsmarena.com/xiaomi_redmi_note_13_pro-reviews-12581,Anonymous,20 Feb 2025,0,can you suggest good AUTO call recorder without announcement for redmi note 13 pro,can you suggest good AUTO call recorder without announcement for redmi note 13 pro,14,Positive,0.4404,suggest good auto call recorder without announcement redmi note pro,2
https://www.gsmarena.com/apple_iphone_se_(2022)-reviews-11410,Michael McCarthy,09 Apr 2026,0,"SU-76, 06 Apr 2026Jailbreaking is giving user full privileges over their device, something those locked-down OSe...moreThanks for the info buddy. I’m thinking of getting an SE 2022 myself at some point. As you’re probably well aware, it’s smaller than the 8 Plus with a lower display resolution and smaller battery. That’s my only complaint or whatever.","SU-76, 06 Apr 2026Jailbreaking is giving user full privileges over their device, something those locked-down OSe...moreThanks for the info buddy. I Am thinking of getting an SE 2022 myself at some point. As you are probably well aware, its smaller than the 8 Plus with a lower display resolution and smaller battery. That Is my only complaint or whatever.",59,Positive,0.4019,su apr jailbreaking giving user full privilege device something lockeddown osemorethanks info buddy thinking getting se point probably well aware smaller plus lower display resolution smaller battery complaint whatever,2
https://www.gsmarena.com/samsung_galaxy_a54-reviews-12070,ekkah,02 Jan 2026,0,"I'm willing to buy it just for gaming,","I am willing to buy it just for gaming,",9,Neutral,0.0,willing buy gaming,1
https://www.gsmarena.com/xiaomi_redmi_note_13_pro-reviews-12581,Anonymous,04 Feb 2025,0,"Nick, 03 Feb 2025If it doesn't say 5G then maybe it's the 4G version? The one here.
https://www.gsma...moreno it doesn't look like this one, it actually looks like the 5g and it has the snapdragon chip","Nick, 03 Feb 2025If it does not say 5G then maybe it is the 4G version? The one here. it does not look like this one, it actually looks like the 5g and it has the snapdragon chip",38,Negative,-0.4973,nick feb not say maybe version one not look like one actually look like snapdragon chip,0
https://www.gsmarena.com/samsung_galaxy_s24_ultra-reviews-12771,Anonymous,17 Feb 2026,0,"Hills od, 15 Feb 2026I'm getting this phone in DecemberYou have to wait very long","Hills od, 15 Feb 2026I'm getting this phone in DecemberYou have to wait very long",15,Neutral,0.0,hill od feb im getting phone decemberyou wait long,1
https://www.gsmarena.com/apple_iphone_se_(2022)-reviews-11410,Anonymous,16 Nov 2024,0,"DX.EARTHLING, 03 Nov 2024Currently i have an iphone xr (64gb) and im thinking to switch it up for this one by the end o...moreYou will basically downgrade everything except performance, the iPhone SE 2022 is like an iPhone 7 with the A15 chip","DX.EARTHLING, 03 Nov 2024Currently i have an iphone xr (64gb) and i am thinking to switch it up for this one by the end o...moreYou will basically downgrade everything except performance, the iPhone SE 2022 is like an iPhone 7 with the A15 chip",44,Positive,0.3612,dxearthling nov currently iphone xr gb thinking switch one end omoreyou basically downgrade everything except performance iphone se like iphone chip,2
https://www.gsmarena.com/apple_iphone_se_(2022)-reviews-11410,Anonymous,01 Jun 2023,0,"Hassanwains, 24 May 2023Iphone se 2022 or iphone Xr in 2023 Need Best Advice.SE 2022 obviously.","Hassanwains, 24 May 2023Iphone se 2022 or iphone Xr in 2023 Need Best Advice.SE 2022 obviously.",16,Positive,0.6369,hassanwains may iphone se iphone xr need best advicese obviously,2
https://www.gsmarena.com/realme_c55-reviews-12159,Anonymous,10 Feb 2025,0,"iris, 03 Nov 2024why spread so much hate? im not a realme fan, but it isnt really overpriced for me, and it did...moreYeah true, I have been using a realme phone for 4 years now, and it's still normal","iris, 03 Nov 2024why spread so much hate? i am not a realme fan, but it is not really overpriced for me, and it did...moreYeah true, I have been using a realme phone for 4 years now, and it is still normal",42,Positive,0.1852,iris nov spread much hate not realme fan but not really overpriced didmoreyeah true using realme phone year still normal,2
https://www.gsmarena.com/samsung_galaxy_s24_ultra-reviews-12771,portushit,01 Dec 2025,0,"TechBoye, 10 Nov 2025The one reason Samsung change the design on the Galaxy S25 Ultra is they wanted a much more sm...moreI agree with you.","TechBoye, 10 Nov 2025The one reason Samsung change the design on the Galaxy S25 Ultra is they wanted a much more sm...moreI agree with you.",25,Positive,0.4173,techboye nov one reason samsung change design galaxy ultra wanted much smmorei agree,2
https://www.gsmarena.com/xiaomi_redmi_note_13_pro-reviews-12581,Anonymous,18 Mar 2025,0,"Zealous , 17 Mar 2025I’ve not encountered those issues although I had PayPal keep stopping after the update turning...moreNope. I have already reinstalled the apps, did a factory reset and so on. But nothing helps. I have dived into the web only to discover that my Emerald variant is running a Beta version, that's why it's sooooo buggggyyyy. If you look into the list of OS versions for my phone, it only had 1 stable version and 2 stable betas which is currently installed on my phone. I have already updated twice, and the most recent is 2.0.4.0. Unlike the Garnet which runs the stable version of HyperOS 2","Zealous , 17 Mar 2025Ive not encountered those issues although I had PayPal keep stopping after the update turning...moreNope. I have already reinstalled the apps, did a factory reset and so on. But nothing helps. I have dived into the web only to discover that my Emerald variant is running a Beta version, that is why it is sooooo buggggyyyy. If you look into the list of OS versions for my phone, it only had 1 stable version and 2 stable betas which is currently installed on my phone. I have already updated twice, and the most recent is 2.0.4.0. Unlike the Garnet which runs the stable version of HyperOS 2",111,Positive,0.6782,zealous mar ive not encountered issue although paypal keep stopping update turningmorenope already reinstalled apps factory reset but nothing help dived web discover emerald variant running beta version sooooo buggggyyyy look list o version phone stable version stable beta currently installed phone already updated twice recent unlike garnet run stable version hyperos,2
https://www.gsmarena.com/apple_iphone_se_(2022)-reviews-11410,Guto7011,24 Aug 2023,0,"My phone has a problem with the proximity sensor.  It works slowly, I bought the phone new on 8/22/2023. Does anyone else have this problem?","My phone has a problem with the proximity sensor. It works slowly, I bought the phone new on 8/22/2023. Does anyone else have this problem?",25,Negative,-0.6597,phone problem proximity sensor work slowly bought phone new anyone else problem,0
https://www.gsmarena.com/samsung_galaxy_a54-reviews-12070,Anonymous,24 Sep 2024,0,"I bought the phone when it first came to my country. Hated the screen, lack of pixels, what's wrong with the camera, omg... It's a little heavy, tye o my good thing is that it will have updated for a couple of years and that the battery is good even when using 4G and Bluetooth. Tye design is so similar to other Samsung devices, they using the same method now like iPhone has been using for 6 years..Unfortunately I had to sell the A54, not a good investment at all.","I bought the phone when it first came to my country. Hated the screen, lack of pixels, what is wrong with the camera, omg... It is a little heavy, tye o my good thing is that it will have updated for a couple of years and that the battery is good even when using 4G and Bluetooth. Tye design is so similar to other Samsung devices, they using the same method now like iPhone has been using for 6 years..Unfortunately I had to sell the A54, not a good investment at all.",92,Positive,0.1531,bought phone first came country hated screen lack pixel wrong camera omg little heavy tye good thing updated couple year battery good even using bluetooth tye design similar samsung device using method like iphone using yearsunfortunately sell not good investment,2
https://www.gsmarena.com/samsung_galaxy_s24_ultra-reviews-12771,Sam799,03 Aug 2026,0,"Anonymous, 02 Aug 2026They moved it into the edit pictures section; tap the edit icon, then tap the four-circle thin...moreThanks for the help 😊","Anonymous, 02 Aug 2026They moved it into the edit pictures section; tap the edit icon, then tap the four-circle thin...moreThanks for the help",23,Positive,0.4019,anonymous aug moved edit picture section tap edit icon tap fourcircle thinmorethanks help,2
https://www.gsmarena.com/apple_iphone_15_pro_max-reviews-12548,romanson,10 Aug 2024,0,"64G, 10 Aug 2024Slight heating issues can happen if you’re using a laptop/desktop charger to charge it, or (if...moreI can send you pictures if you wantI have a damn pro max 15 1tb version…..Ih is heating as soon as I start safari….Dont know why with safari but it heats up.I dont get any warning , that phone is too hot , it is simply not plesant to touchi am still waiting my tough armor spigen to arive , until than I um using some cheap silicon case.Maybe it is because of her….It delvers 8 hours screen on time , and trust me ; it is heavy use.So i havent said anything bad it is just warmer…","64G, 10 Aug 2024Slight heating issues can happen if you are using a laptop/desktop charger to charge it, or (if...moreI can send you pictures if you wantI have a damn pro max 15 1tb version..Ih is heating as soon as I start safari.Do Not know why with safari but it heats up.I do not get any warning , that phone is too hot , it is simply not plesant to touchi am still waiting my tough armor spigen to arive , until than I um using some cheap silicon case.Maybe it is because of her.It delvers 8 hours screen on time , and trust me ; it is heavy use.So i have not said anything bad it is just warmer",120,Positive,0.8996,aug slight heating issue happen using laptopdesktop charger charge ifmorei send picture wanti damn pro max tb versionih heating soon start safarido not know safari but heat upi not get warning phone hot simply not plesant touchi still waiting tough armor spigen arive um using cheap silicon casemaybe herit delvers hour screen time trust heavy useso not said anything bad warmer,2
https://www.gsmarena.com/apple_iphone_15_pro_max-reviews-12548,Anonymous,21 Apr 2025,0,I'm using 15 pro max AA/A version i have no problem phone is good.,I am using 15 pro max AA/A version i have no problem phone is good.,15,Negative,-0.25,using pro max aaa version no problem phone good,0
https://www.gsmarena.com/realme_c55-reviews-12159,Anonymous,29 Mar 2023,0,64MP camera and can't record 4k video. Scam in plain sight.,64MP camera and cannot record 4k video. Scam in plain sight.,11,Negative,-0.5719,mp camera not record video scam plain sight,0
https://www.gsmarena.com/apple_iphone_15_pro_max-reviews-12548,Anonymous,09 Aug 2024,0,"romanson, 06 Aug 2024So , after 5 days of usage …..
1) heating issue , present , nothing drastic , but heating goe...moreHello guy stop blabbering. i phone 15 pro max is no even 1/2 of what you are even describing so SHOT OP","romanson, 06 Aug 2024So , after 5 days of usage .. 1) heating issue , present , nothing drastic , but heating goe...moreHello guy stop blabbering. i phone 15 pro max is no even 1/2 of what you are even describing so SHOT OP",44,Negative,-0.6808,romanson aug day usage heating issue present nothing drastic but heating goemorehello guy stop blabbering phone pro max no even even describing shot op,0
https://www.gsmarena.com/apple_iphone_15_pro_max-reviews-12548,juanryfo,30 Jun 2025,0,"e8013585, 27 Jun 2025So far I've been using this phone for 1 year and 4 months. It's absolutely great, no...moredoes the phone overheat easily?! bcuz i've heard rumors says that iP 15 pro/pro max overheat easily if it's true then it sucks","e8013585, 27 Jun 2025So far I have been using this phone for 1 year and 4 months. It is absolutely great, no...moredoes the phone overheat easily?! bcuz i have heard rumors says that iP 15 pro/pro max overheat easily if it is true then it sucks",46,Positive,0.8118,jun far using phone year month absolutely great nomoredoes phone overheat easily bcuz heard rumor say ip propro max overheat easily true suck,2
https://www.gsmarena.com/apple_iphone_15_pro_max-reviews-12548,Anonymous,13 Jul 2024,0,"James Rodriguez , 12 Jul 2024You know nothing about phones if u think 5000 may compulsorily means better battery than 4441 mahyes. because the futuristic phone used 5000 Mah and above, so powerful and better in performance without Bugs fix update every month. So you can choose the better up 5000 Mah power to your best.","James Rodriguez , 12 Jul 2024You know nothing about phones if you think 5000 may compulsorily means better battery than 4441 mahyes. because the futuristic phone used 5000 Mah and above, so powerful and better in performance without Bugs fix update every month. So you can choose the better up 5000 Mah power to your best.",56,Positive,0.9478,james rodriguez jul know nothing phone think may compulsorily mean better battery mahyes futuristic phone used mah powerful better performance without bug fix update every month choose better mah power best,2
https://www.gsmarena.com/samsung_galaxy_s24_ultra-reviews-12771,Anonymous,29 May 2026,0,"Maggs, 28 May 2026Go for the S24 ultra 1TB. I own both s24U and S25U 1TB and there is not a massive difference b...moreI love the boxy design of S24 Ultra, it's a head turner compared to the rounded S25 & S26.","Maggs, 28 May 2026Go for the S24 ultra 1TB. I own both s24U and S25U 1TB and there is not a massive difference b...moreI love the boxy design of S24 Ultra, it is a head turner compared to the rounded S25 & S26.",43,Positive,0.6369,maggs may go ultra tb su su tb not massive difference bmorei love boxy design ultra head turner compared rounded,2
https://www.gsmarena.com/samsung_galaxy_s24_ultra-reviews-12771,Anonymous,29 Apr 2026,0,"Banos, 28 Apr 2026Hi. New to this forum and i think it is brilliant, with lots of experienced wisdom! I love the...moreYeah, I totally agree, a case makes the S24U thicker and heavier. I use an original Samsung silicone case daily and an original standing grip case for trips abroad. Can't really complain though, gotta protect it.For screen protectors, I use a film instead of tempered glass or anything else. Not using the original one right now, even though I have an original one. I'll probably use it sometime this year.","Banos, 28 Apr 2026Hi. New to this forum and i think it is brilliant, with lots of experienced wisdom! I love the...moreYeah, I totally agree, a case makes the S24U thicker and heavier. I use an original Samsung silicone case daily and an original standing grip case for trips abroad. Cannot really complain though, got to protect it.For screen protectors, I use a film instead of tempered glass or anything else. Not using the original one right now, even though I have an original one. I will probably use it sometime this year.",93,Positive,0.979,banos apr hi new forum think brilliant lot experienced wisdom love themoreyeah totally agree case make su thicker heavier use original samsung silicone case daily original standing grip case trip abroad not really complain though got protect itfor screen protector use film instead tempered glass anything else not using original one right even though original one probably use sometime year,2
https://www.gsmarena.com/samsung_galaxy_a54-reviews-12070,s35ym.,06 May 2025,0,Price in amazon India :A54 : 256 GB 8 GB RAM - INR 28948A55 : 256 GB 8 GB RAM - INR 28999A55 : 256 GB 12 GB RAM - INR 30999So it is better to buy A55 than A54.,Price in amazon India :A54 : 256 GB 8 GB RAM - INR 28948A55 : 256 GB 8 GB RAM - INR 28999A55 : 256 GB 12 GB RAM - INR 30999So it is better to buy A55 than A54.,40,Positive,0.5574,price amazon india gb gb ram inr gb gb ram inr gb gb ram inr better buy,2
https://www.gsmarena.com/apple_iphone_15_pro_max-reviews-12548,Anonymous,06 May 2024,0,This phone is an iphone! just to let you know!,This phone is an iphone! just to let you know!,10,Neutral,0.0,phone iphone let know,1
https://www.gsmarena.com/samsung_galaxy_s24_ultra-reviews-12771,Tandy,18 Feb 2026,0,"Finally received the January 1, 2026 Google Play system update today on my S24U. It took a while.","Finally received the January 1, 2026 Google Play system update today on my S24U. It took a while.",18,Positive,0.34,finally received january google play system update today su took,2
https://www.gsmarena.com/realme_c55-reviews-12159,Anonymous,25 May 2024,0,"s10loveee, 13 May 2024DO NOT buy this overpriced crap. The camera is really bad, the performance is the same as an I...moreI have tthis phone realme c55 and in December i got Andriod 14 and realme ui 5.0 update. I think at this price point camera, battery and display are good and performance is also good. And this is my Honest review","s10loveee, 13 May 2024DO NOT buy this overpriced crap. The camera is really bad, the performance is the same as an I...moreI have tthis phone realme c55 and in December i got Andriod 14 and realme ui 5.0 update. I think at this price point camera, battery and display are good and performance is also good. And this is my Honest review",62,Positive,0.4033,sloveee may not buy overpriced crap camera really bad performance imorei tthis phone realme december got andriod realme ui update think price point camera battery display good performance also good honest review,2
https://www.gsmarena.com/xiaomi_redmi_note_13_pro-reviews-12581,Anonymous,15 Sep 2025,0,anyone know how to enable the 5g option?,anyone know how to enable the 5g option?,8,Neutral,0.0,anyone know enable option,1
https://www.gsmarena.com/samsung_galaxy_s24_ultra-reviews-12771,Aadrian,06 Jan 2026,0,"Sam799, 05 Jan 2026Flossy reviews are highly entertaining 😀But first things first, shout out to Shoes, she's back in the building! I love my white Shoes","Sam799, 05 Jan 2026Flossy reviews are highly entertaining But first things first, shout out to Shoes, she is back in the building! I love my white Shoes",27,Positive,0.8477,sam jan flossy review highly entertaining but first thing first shout shoe back building love white shoe,2
https://www.gsmarena.com/samsung_galaxy_s24_ultra-reviews-12771,Anonymous,02 Mar 2026,0,Now I can buy the S24 Ultra 😅,Now I can buy the S24 Ultra,7,Neutral,0.0,buy ultra,1
https://www.gsmarena.com/samsung_galaxy_s24_ultra-reviews-12771,Sam799,01 Aug 2026,0,"After taking pics you could find the ""remaster"" & ""portrait"" options in gallery but now there's only ""live focus' & ""remaster"" available.  Do I need to turn on some settings or is it gone??","After taking pics you could find the ""remaster"" & ""portrait"" options in gallery but now there is only ""live focus' & ""remaster"" available. Do I need to turn on some settings or is it gone??",35,Neutral,0.0,taking pic could find remaster portrait option gallery but live focus remaster available need turn setting gone,1
https://www.gsmarena.com/apple_iphone_se_(2022)-reviews-11410,Anonymous,04 Aug 2023,0,"I really hope that any Major tech review site addresses the issue of 5g antenna design flow on this phone, because only this way Apple will acknowledge the issue.I really like this phone's smooth performance but it's technically 4g only phone if it struggles to connect to various 5g bands in large cities.If you don't believe me then do a test and you will see that on certain street blocks this phone will struggle to produce any download speeds when connected to 5g but when switched to 4g only mode or when having iPhone 12/13 on the same block with the same network , the soeeds are flying fast.This is the only iPhone that has 5g antenna design","I really hope that any Major tech review site addresses the issue of 5g antenna design flow on this phone, because only this way Apple will acknowledge the issue.I really like this phone's smooth performance but it is technically 4g only phone if it struggles to connect to various 5g bands in large cities.If you do not believe me then do a test and you will see that on certain street blocks this phone will struggle to produce any download speeds when connected to 5g but when switched to 4g only mode or when having iPhone 12/13 on the same block with the same network , the soeeds are flying fast.This is the only iPhone that has 5g antenna design",120,Negative,-0.7755,really hope major tech review site address issue antenna design flow phone way apple acknowledge issuei really like phone smooth performance but technically phone struggle connect various band large citiesif not believe test see certain street block phone struggle produce download speed connected but switched mode iphone block network soeeds flying fastthis iphone antenna design,0
https://www.gsmarena.com/samsung_galaxy_s24_ultra-reviews-12771,Anonymous,05 Dec 2025,0,"Anonymous, 03 Dec 2025An amazing mobileI agree 👍🏻 good battery life and a good camera and display, and a good design.","Anonymous, 03 Dec 2025An amazing mobileI agree good battery life and a good camera and display, and a good design.",20,Positive,0.9325,anonymous dec amazing mobilei agree good battery life good camera display good design,2
https://www.gsmarena.com/apple_iphone_se_(2022)-reviews-11410,Anonymous,10 Jun 2025,0,"Anony, 18 Feb 2025I managed to understand what he was saying, here's a translation in english:
""Looki...moreYes, version 4 is here , it’s the 16e","Anony, 18 Feb 2025I managed to understand what he was saying, here is a translation in english: ""Looki...moreYes, version 4 is here , its the 16e",26,Neutral,0.0,anony feb managed understand saying translation english lookimoreyes version,1
https://www.gsmarena.com/samsung_galaxy_a54-reviews-12070,Anonymous,27 May 2025,0,"I got new update android 15 its really cool new features, but in next update fix camera because is not good. Thnx","I got new update android 15 its really cool new features, but in next update fix camera because is not good. Thnx",22,Negative,-0.321,got new update android really cool new feature but next update fix camera not good thnx,0
https://www.gsmarena.com/apple_iphone_se_(2022)-reviews-11410,Anonymous,04 Jun 2023,0,"Anonymous, 04 Jun 2023We need an iPhone SE with iPhone 11 body accompanied with a perfect LCD display.

Waiting fo...moreWell there's the iPhone 11 itself that can still be found new. Although the battery might have gotten weaker by itself, the phone being around since 2019. And will get software updates only till 2025 from now.","Anonymous, 04 Jun 2023We need an iPhone SE with iPhone 11 body accompanied with a perfect LCD display. Waiting fo...moreWell there is the iPhone 11 itself that can still be found new. Although the battery might have gotten weaker by itself, the phone being around since 2019. And will get software updates only till 2025 from now.",57,Positive,0.2023,anonymous jun need iphone se iphone body accompanied perfect lcd display waiting fomorewell iphone still found new although battery might gotten weaker phone around since get software update till,2
https://www.gsmarena.com/samsung_galaxy_s24_ultra-reviews-12771,Dream-buddy,20 Apr 2026,0,"Aadrian, 20 Apr 2026April security patch is here, 465MB, downloading and installing.Ok","Aadrian, 20 Apr 2026April security patch is here, 465MB, downloading and installing.Ok",12,Positive,0.34,aadrian apr april security patch mb downloading installingok,2
https://www.gsmarena.com/apple_iphone_15_pro_max-reviews-12548,Bernard Wong,11 Dec 2024,0,"Cjkitty2010, 14 Nov 202415 pro max can back shatter and become fire hotJust get a casetify case it's unbreakable with it. But it is expensive for one","Cjkitty2010, 14 Nov 202415 pro max can back shatter and become fire hotJust get a casetify case it is unbreakable with it. But it is expensive for one",28,Negative,-0.1779,cjkitty nov pro max back shatter become fire hotjust get casetify case unbreakable but expensive one,0
https://www.gsmarena.com/samsung_galaxy_s24_ultra-reviews-12771,Anonymous,09 Mar 2026,0,This is a good successor for my aging galaxy S20 Ulta,This is a good successor for my aging galaxy S20 Ulta,11,Positive,0.5859,good successor aging galaxy ulta,2
https://www.gsmarena.com/xiaomi_redmi_note_13_pro-reviews-12581,Anonymous,26 Nov 2024,0,"Anonymous, 03 Nov 2024Hi,i want to switch to Xiaomi 13 pro 5G and i have some questions,does the phone beat badly wh...moreI've had the note pro, versions 9, 10 and 12.. the 10 was the best xiaomi ever in my opinion.. it was all downhill from there, but I'm still thinking of getting the 13 pro because of the OIS.","Anonymous, 03 Nov 2024Hi,i want to switch to Xiaomi 13 pro 5G and i have some questions,does the phone beat badly wh...moreI've had the note pro, versions 9, 10 and 12.. the 10 was the best xiaomi ever in my opinion.. it was all downhill from there, but I am still thinking of getting the 13 pro because of the OIS.",61,Positive,0.1779,anonymous nov hii want switch xiaomi pro questionsdoes phone beat badly whmoreive note pro version best xiaomi ever opinion downhill but still thinking getting pro ois,2
https://www.gsmarena.com/apple_iphone_15_pro_max-reviews-12548,Anonymous,24 Jul 2024,0,It's battery king phone in ios,It is battery king phone in ios,7,Neutral,0.0,battery king phone io,1
https://www.gsmarena.com/xiaomi_redmi_note_13_pro-reviews-12581,Anonymous,27 Feb 2025,0,"oeper, 26 Feb 2025i just got hyperos 2 and so far its going greatWell, not for everyone","oeper, 26 Feb 2025i just got hyperos 2 and so far its going greatWell, not for everyone",17,Neutral,0.0,oeper feb got hyperos far going greatwell not everyone,1
https://www.gsmarena.com/samsung_galaxy_s24_ultra-reviews-12771,Anonymous,24 Feb 2026,0,"GroovyStarlight, 23 Feb 2026Anyone upgrading to the new S26 Ultra must be because they want the latest or fastest Samsung ...moreApart from the chipset, no reason to “upgrade”. Even so, it is gonna be a downgrade in some cases.Which is hilarious. It began with S25 Ultra which has no bluetooth s-pen and the reason would be that not many people use it. It is still a downgrade from the S24 Ultra! “But it’s faster with a new chipset” they say, who cares! An app opening 0.23 of a second faster.Samsung is taking away features ever since the the S10 I believe.","GroovyStarlight, 23 Feb 2026Anyone upgrading to the new S26 Ultra must be because they want the latest or fastest Samsung ...moreApart from the chipset, no reason to upgrade. Even so, it is going to be a downgrade in some cases.Which is hilarious. It began with S25 Ultra which has no bluetooth s-pen and the reason would be that not many people use it. It is still a downgrade from the S24 Ultra! But its faster with a new chipset they say, who cares! An app opening 0.23 of a second faster.Samsung is taking away features ever since the the S10 I believe.",102,Positive,0.658,groovystarlight feb anyone upgrading new ultra must want latest fastest samsung moreapart chipset no reason upgrade even going downgrade caseswhich hilarious began ultra no bluetooth spen reason would not many people use still downgrade ultra but faster new chipset say care app opening second fastersamsung taking away feature ever since believe,2
https://www.gsmarena.com/realme_c55-reviews-12159,A.C,07 Mar 2023,0,Pretty good phone for that type of budget.,Pretty good phone for that type of budget.,8,Positive,0.7269,pretty good phone type budget,2
https://www.gsmarena.com/realme_c55-reviews-12159,sonicswink,06 May 2023,0,It's incredibly stupid regarding how much money Realme has spent on advertising for this phone with shitty specs.,It is incredibly stupid regarding how much money Realme has spent on advertising for this phone with shitty specs.,19,Negative,-0.807,incredibly stupid regarding much money realme spent advertising phone shitty spec,0
https://www.gsmarena.com/apple_iphone_15_pro_max-reviews-12548,Anonymous,26 Apr 2024,0,"jui ling keuk yipoit, 26 Apr 2024yes true S4 ultra all the with super OS Android system. Only android can make it.And I'm getting the galaxy a05s the galaxy a05s have a 2 megapixels better main camera so that means the galaxy a05s have a 50 megapixels camera","jui ling keuk yipoit, 26 Apr 2024yes true S4 ultra all the with super OS Android system. Only android can make it.And I am getting the galaxy a05s the galaxy a05s have a 2 megapixels better main camera so that means the galaxy a05s have a 50 megapixels camera",49,Positive,0.8625,jui ling keuk yipoit apr yes true ultra super o android system android make itand getting galaxy galaxy megapixels better main camera mean galaxy megapixels camera,2
https://www.gsmarena.com/apple_iphone_15_pro_max-reviews-12548,Kriegsherr,30 Jul 2024,0,"user, 29 Jul 2024Not everyone knows good cheap indie-brands.come on :) we dont need to know. we could just go to a good electronics store or amazon and you got it.","user, 29 Jul 2024Not everyone knows good cheap indie-brands.come on :) we do not need to know. we could just go to a good electronics store or amazon and you got it.",32,Positive,0.8591,user jul not everyone know good cheap indiebrandscome not need know could go good electronics store amazon got,2
https://www.gsmarena.com/realme_c55-reviews-12159,Anonymous,27 Dec 2023,0,it's good for price but wish use the new option not only for the barrey charge but also for the notification i speak a bout dynamic island,it is good for price but wish use the new option not only for the barrey charge but also for the notification i speak a bout dynamic island,28,Positive,0.836,good price but wish use new option not barrey charge but also notification speak bout dynamic island,2
https://www.gsmarena.com/xiaomi_redmi_note_13_pro-reviews-12581,RIH-Z800,03 May 2026,0,"Anonymous, 18 Mar 2026I did receive it today and installed it. Big mistake, now I have a permanent section/block on ...morehttps://ximitime.com/how-to-remove-the-keyboard-bottom-gap-on-xiaomi-hyperos-94403/I think this could solve your problem.","Anonymous, 18 Mar 2026I did receive it today and installed it. Big mistake, now I have a permanent section/block on ...more think this could solve your problem.",27,Negative,-0.5106,anonymous mar receive today installed big mistake permanent sectionblock think could solve problem,0
https://www.gsmarena.com/apple_iphone_15_pro_max-reviews-12548,romanson,06 Aug 2024,0,"So , after 5 days of usage …..1) heating issue , present , nothing drastic , but heating goes for any major task I do, talknig , web browsing….2) battery life , I am not so sure jet , but for now my opinion is that battery sits somwhere beetween Pro Max 13 (worse than it) , and Pro Max 14 (better than it)For now , that would be all , my ohone is still under testing , and for now , those are two complaints.Heating , and Battery Life.I would like to hear comments from you guys","So , after 5 days of usage ..1) heating issue , present , nothing drastic , but heating goes for any major task I do, talknig , web browsing.2) battery life , I am not so sure jet , but for now my opinion is that battery sits somwhere beetween Pro Max 13 (worse than it) , and Pro Max 14 (better than it)For now , that would be all , my ohone is still under testing , and for now , those are two complaints.Heating , and Battery Life.I would like to hear comments from you guys",98,Neutral,0.0103,day usage heating issue present nothing drastic but heating go major task talknig web browsing battery life not sure jet but opinion battery sits somwhere beetween pro max worse pro max better itfor would ohone still testing two complaintsheating battery lifei would like hear comment guy,1
https://www.gsmarena.com/samsung_galaxy_a54-reviews-12070,Anonymous,18 Sep 2024,0,If you warrant to buy your phone ignore comments on this website and only go with the gsmarena reviews because if you do so you won't make a right choice people here want perfectionism even in budget phones they even go ahead to compare a $100 with a $2000 phone .,If you warrant to buy your phone ignore comments on this website and only go with the gsmarena reviews because if you do so you will not make a right choice people here want perfectionism even in budget phones they even go ahead to compare a $100 with a $2000 phone .,52,Neutral,0.0258,warrant buy phone ignore comment website go gsmarena review not make right choice people want perfectionism even budget phone even go ahead compare phone,1
https://www.gsmarena.com/realme_c55-reviews-12159,Jemlim,04 Apr 2023,0,"no4k-video, 29 Mar 202364MP camera and can't record 4k video. Scam in plain sight.not just the camera. the chipset too","no4k-video, 29 Mar 202364MP camera and cannot record 4k video. Scam in plain sight.not just the camera. the chipset too",20,Negative,-0.5719,nokvideo mar mp camera not record video scam plain sightnot camera chipset,0
https://www.gsmarena.com/realme_c55-reviews-12159,Anonymous,01 May 2023,0,"pelicethekitty, 01 May 2023no reason, i just see you like everywhere on almost  every phone brands that are a bit underra...moreoww.. so sweet","pelicethekitty, 01 May 2023no reason, i just see you like everywhere on almost every phone brands that are a bit underra...moreoww.. so sweet",23,Positive,0.7481,pelicethekitty may no reason see like everywhere almost every phone brand bit underramoreoww sweet,2
https://www.gsmarena.com/apple_iphone_se_(2022)-reviews-11410,smirsoslav67,05 Jun 2026,0,New SE refreshment is needed )),New SE refreshment is needed )),6,Neutral,0.0,new se refreshment needed,1
https://www.gsmarena.com/xiaomi_redmi_note_13_pro-reviews-12581,Anonymous,23 Mar 2025,0,"Zero, 15 Feb 2025Yes. But other online games such as Ragnarok Mobile, Solo Leveling & Genshin Impact, I wou...moreWell genshin impact got 50 to 40 fps on highest graphics on my redmi note 13 pro 5g because it has 650k antutu score.","Zero, 15 Feb 2025Yes. But other online games such as Ragnarok Mobile, Solo Leveling & Genshin Impact, I wou...moreWell genshin impact got 50 to 40 fps on highest graphics on my redmi note 13 pro 5g because it has 650k antutu score.",42,Neutral,0.0,zero feb yes but online game ragnarok mobile solo leveling genshin impact woumorewell genshin impact got fps highest graphic redmi note pro antutu score,1
https://www.gsmarena.com/apple_iphone_se_(2022)-reviews-11410,Michael McCarthy,04 Jul 2025,0,"AnonD-838133, 04 Jul 2025It can but not always. Even perfect phone is not always perfect. On one side it can be perfect...moreRighteo.","AnonD-838133, 04 Jul 2025It can but not always. Even perfect phone is not always perfect. On one side it can be perfect...moreRighteo.",22,Negative,-0.8399,anond jul but not always even perfect phone not always perfect one side perfectmorerighteo,0
https://www.gsmarena.com/samsung_galaxy_a54-reviews-12070,Anonymous,30 Oct 2025,0,one ui 8 makes A54 feel very fast,one ui 8 makes A54 feel very fast,8,Neutral,0.0,one ui make feel fast,1
https://www.gsmarena.com/realme_c55-reviews-12159,pelicethekitty,30 Apr 2023,0,"AnonD-1043101, 28 Apr 2023did you bought it new?
if so, give it a time. helio chipsets can drain battery at first time ...moreWhy do i see you everywhere","AnonD-1043101, 28 Apr 2023did you bought it new? if so, give it a time. helio chipsets can drain battery at first time ...moreWhy do i see you everywhere",28,Neutral,0.0,anond apr bought new give time helio chipsets drain battery first time morewhy see everywhere,1
https://www.gsmarena.com/apple_iphone_15_pro_max-reviews-12548,romanson,16 Aug 2024,0,"So , I promised that I will post my opinion after I finish testing my Pro Max 15 , 1TBSo , cammera is a little better than Pro Max 14 , but nothing significant.Battery is the same as the Pro Max 14 , to me same.So , if you own a Pro Max 13 , or Pro Max 14 , its not an ugrade ….It is the same device.And the only issue that I have with it is the heating , whilo browsing reddits ,and ect web sites , and doing just basic work on it.It heats.It is not overheating but yeah , it does heats , and I think that apple should fix that for the owners of 15 pro max , because it is not ok that we soend 1500 , and after we can iron a t-sirth with a phone","So , I promised that I will post my opinion after I finish testing my Pro Max 15 , 1TBSo , cammera is a little better than Pro Max 14 , but nothing significant.Battery is the same as the Pro Max 14 , to me same.So , if you own a Pro Max 13 , or Pro Max 14 , its not an ugrade .It is the same device.And the only issue that I have with it is the heating , whilo browsing reddits ,and ect web sites , and doing just basic work on it.It heats.It is not overheating but yeah , it does heats , and I think that apple should fix that for the owners of 15 pro max , because it is not ok that we soend 1500 , and after we can iron a t-sirth with a phone",143,Negative,-0.2415,promised post opinion finish testing pro max tbso cammera little better pro max but nothing significantbattery pro max sameso pro max pro max not ugrade deviceand issue heating whilo browsing reddits ect web site basic work itit heatsit not overheating but yeah heat think apple fix owner pro max not ok soend iron tsirth phone,0
https://www.gsmarena.com/apple_iphone_se_(2022)-reviews-11410,Anonymous,18 Oct 2025,0,"Watermelon Cat, 07 Oct 2025What did you except with upgrading to iOS 26 on a budget iphone with very small battery? Of co...moreHe upgraded to iOS 17 not 26 lol","Watermelon Cat, 07 Oct 2025What did you except with upgrading to iOS 26 on a budget iphone with very small battery? Of co...moreHe upgraded to iOS 17 not 26 lol",30,Negative,-0.3252,watermelon cat oct except upgrading io budget iphone small battery comorehe upgraded io not lol,0
https://www.gsmarena.com/xiaomi_redmi_note_13_pro-reviews-12581,Anonymous,25 Jan 2025,0,"YAKUBU S, 25 Jan 2025My Redmi note 13pro has not received the Hyperos2. it is an indian version.
When should it arrive?You can try to switch the country to Argentina, restart the phone, then go to the about section in the settings, tap on the word Xiaomi HyperOS at the very top to access the update option. If no update posted, tap on the 3 dots and download package. Make sure to back your stuff up before doing anything to your phone. If still no update, then just revert the country back to your country and just wait for the update","YAKUBU S, 25 Jan 2025My Redmi note 13pro has not received the Hyperos2. it is an indian version. When should it arrive?You can try to switch the country to Argentina, restart the phone, then go to the about section in the settings, tap on the word Xiaomi HyperOS at the very top to access the update option. If no update posted, tap on the 3 dots and download package. Make sure to back your stuff up before doing anything to your phone. If still no update, then just revert the country back to your country and just wait for the update",101,Neutral,-0.0018,yakubu jan redmi note pro not received hyperos indian version arriveyou try switch country argentina restart phone go section setting tap word xiaomi hyperos top access update option no update posted tap dot download package make sure back stuff anything phone still no update revert country back country wait update,1
https://www.gsmarena.com/samsung_galaxy_s24_ultra-reviews-12771,Anonymous,14 May 2026,0,"Anonymous, 13 May 2026Anyone who has received one UI 8.5?Not received","Anonymous, 13 May 2026Anyone who has received one UI 8.5?Not received",11,Neutral,0.0,anonymous may anyone received one ui not received,1
https://www.gsmarena.com/apple_iphone_15_pro_max-reviews-12548,Anonymous,29 May 2024,0,"Azu10157, 29 May 2024Apple has had none of these aside from a 3.5mm jack.That's why sony number 1. Selling overpriced tech but at least they have sd card and aux!","Azu10157, 29 May 2024Apple has had none of these aside from a 3.5mm jack.That is why sony number 1. Selling overpriced tech but at least they have sd card and aux!",31,Positive,0.1134,azu may apple none aside mm jackthat sony number selling overpriced tech but least sd card aux,2
https://www.gsmarena.com/samsung_galaxy_s24_ultra-reviews-12771,Anonymous,14 Jul 2026,0,"SAM, 06 Jul 2026Thanks for the help Maggs!!You're very welcome SAM:)","SAM, 06 Jul 2026Thanks for the help Maggs!!You are very welcome SAM:)",12,Positive,0.7634,sam jul thanks help maggsyou welcome sam,2
https://www.gsmarena.com/apple_iphone_15_pro_max-reviews-12548,Globe,07 Dec 2025,0,"Globe, 10 Nov 2025only cpu/gpu performance = 17

Everything else or overall better device = Thisrealised 15 pro max have 6gpu core and 17 have 5 - so here as well I guess both may be equal or 15pm better","Globe, 10 Nov 2025only cpu/gpu performance = 17 Everything else or overall better device = Thisrealised 15 pro max have 6gpu core and 17 have 5 - so here as well I guess both may be equal or 15pm better",40,Positive,0.8,globe nov cpugpu performance everything else overall better device thisrealised pro max gpu core well guess may equal pm better,2
https://www.gsmarena.com/realme_c55-reviews-12159,Jemlim,15 Mar 2023,0,"Why would they even need a dynamic island? Like, people can just download 'DynamicSpot'","Why would they even need a dynamic island? Like, people can just download 'DynamicSpot'",14,Positive,0.6249,would even need dynamic island like people download dynamicspot,2
https://www.gsmarena.com/xiaomi_redmi_note_13_pro-reviews-12581,Mersi,16 Nov 2025,0,This is the best phone I've ever seen in terms of every thing (every specs & affordability).,This is the best phone I have ever seen in terms of every thing (every specs & affordability).,18,Positive,0.6369,best phone ever seen term every thing every spec affordability,2
https://www.gsmarena.com/apple_iphone_se_(2022)-reviews-11410,Anonymous,17 Jun 2025,0,"Anonymous, 17 Jun 2025Flagship lol 😂No, but performance yes.","Anonymous, 17 Jun 2025Flagship lol No, but performance yes.",9,Positive,0.5927,anonymous jun flagship lol no but performance yes,2
https://www.gsmarena.com/apple_iphone_15_pro_max-reviews-12548,Anonymous,26 Apr 2024,0,"jui ling keuk yipoit, 26 Apr 2024yes true S4 ultra all the with super OS Android system. Only android can make it.So do you think samsung is better? I think so","jui ling keuk yipoit, 26 Apr 2024yes true S4 ultra all the with super OS Android system. Only android can make it.So do you think samsung is better? I think so",31,Positive,0.8625,jui ling keuk yipoit apr yes true ultra super o android system android make itso think samsung better think,2
https://www.gsmarena.com/apple_iphone_se_(2022)-reviews-11410,Fajr,29 Oct 2025,0,"Great phone and i love it, small but powerfull, i buy a couple day, second phone but i like it","Great phone and i love it, small but powerfull, i buy a couple day, second phone but i like it",20,Positive,0.8126,great phone love small but powerfull buy couple day second phone but like,2
https://www.gsmarena.com/apple_iphone_15_pro_max-reviews-12548,Anonymous,01 May 2025,0,Why this phone was not prodided with finger print.,Why this phone was not prodided with finger print.,9,Neutral,0.0,phone not prodided finger print,1
https://www.gsmarena.com/apple_iphone_15_pro_max-reviews-12548,Anonymous,26 Apr 2024,0,"jui ling keuk yipoit, 26 Apr 2024yes true S4 ultra all the with super OS Android system. Only android can make it.And the iphone 14 Pro max even don't have a macro camera and the galaxy a05s does have a macro camera","jui ling keuk yipoit, 26 Apr 2024yes true S4 ultra all the with super OS Android system. Only android can make it.And the iphone 14 Pro max even do not have a macro camera and the galaxy a05s does have a macro camera",43,Positive,0.7717,jui ling keuk yipoit apr yes true ultra super o android system android make itand iphone pro max even not macro camera galaxy macro camera,2
https://www.gsmarena.com/samsung_galaxy_a54-reviews-12070,Anonymous,02 Sep 2024,0,I have Samsung a54 and with August update battery drain fast  make next update to fix battery drain bye,I have Samsung a54 and with August update battery drain fast make next update to fix battery drain bye,19,Neutral,0.0,samsung august update battery drain fast make next update fix battery drain bye,1
https://www.gsmarena.com/samsung_galaxy_s24_ultra-reviews-12771,Anonymous,03 Aug 2026,0,"Anonymous, 03 Aug 2026Hello! I want to upgrade from my Samsung A54 to one of this three phones; S24 Ultra, S25+ and ...moreS24 ultra is best for you","Anonymous, 03 Aug 2026Hello! I want to upgrade from my Samsung A54 to one of this three phones; S24 Ultra, S25+ and ...moreS24 ultra is best for you",28,Positive,0.6996,anonymous aug hello want upgrade samsung one three phone ultra more ultra best,2
https://www.gsmarena.com/samsung_galaxy_s24_ultra-reviews-12771,Anonymous,27 Feb 2026,0,The February security update removes the feature wipe cache partition. I got it on my s25 ultra. Rebooted into recovery mode and it just shows wipe data and factory reset So s24 ultra will lose this feature when we get the February  security update.,The February security update removes the feature wipe cache partition. I got it on my s25 ultra. Rebooted into recovery mode and it just shows wipe data and factory reset So s24 ultra will lose this feature when we get the February security update.,44,Positive,0.2732,february security update remove feature wipe cache partition got ultra rebooted recovery mode show wipe data factory reset ultra lose feature get february security update,2
https://www.gsmarena.com/xiaomi_redmi_note_13_pro-reviews-12581,Anonymous,07 Oct 2025,0,"sus, 07 Oct 2025Should I buy this or 14 pro ? . its obviously a downgrade but i want a curve display phone.If you want curved then you want 13 Pro+ or 14 Pro or 14 Pro+. This has a flat screen.","sus, 07 Oct 2025Should I buy this or 14 pro ? . its obviously a downgrade but i want a curve display phone.If you want curved then you want 13 Pro+ or 14 Pro or 14 Pro+. This has a flat screen.",42,Positive,0.3291,sus oct buy pro obviously downgrade but want curve display phoneif want curved want pro pro pro flat screen,2
https://www.gsmarena.com/xiaomi_redmi_note_13_pro-reviews-12581,Anonymous,11 Nov 2025,0,Does it have 16gb version? I can't find it,Does it have 16gb version? I cannot find it,9,Neutral,0.0,gb version not find,1
https://www.gsmarena.com/samsung_galaxy_s24_ultra-reviews-12771,Sam799,20 Jun 2026,0,"Maggs, 20 Jun 2026Thank you for replying.. A friend of mine got it which is a surprise as I  haven't receiv...moreYou're welcome 😊 good to hear that your friend received it, means we will also be able to get in the coming week or so.","Maggs, 20 Jun 2026Thank you for replying.. A friend of mine got it which is a surprise as I have not receiv...moreYou're welcome good to hear that your friend received it, means we will also be able to get in the coming week or so.",45,Positive,0.5594,maggs jun thank replying friend mine got surprise not receivmoreyoure welcome good hear friend received mean also able get coming week,2
https://www.gsmarena.com/samsung_galaxy_a54-reviews-12070,Anonymous,23 Dec 2025,0,"qwerty67, 15 Dec 2025My dad wants to buy this phone is it a good phone?i've had it for 2 years now works perfectly lasts me all day i still don't see myself upgrading it's very smooth","qwerty67, 15 Dec 2025My dad wants to buy this phone is it a good phone?i have had it for 2 years now works perfectly lasts me all day i still do not see myself upgrading it is very smooth",39,Positive,0.7964,qwerty dec dad want buy phone good phonei year work perfectly last day still not see upgrading smooth,2
https://www.gsmarena.com/samsung_galaxy_s24_ultra-reviews-12771,Anonymous,21 Jan 2026,0,"Maggs, 09 Jan 2026Stay on 6.1 as long as you can. Samsung are beginning to look like apple phones.Plan to update OneUi 8.5 stable if widely available. General speaking, .5 is usually the TOP....hope so LOL","Maggs, 09 Jan 2026Stay on 6.1 as long as you can. Samsung are beginning to look like apple phones.Plan to update OneUi 8.5 stable if widely available. General speaking, .5 is usually the TOP....hope so LOL",36,Positive,0.8494,maggs jan stay long samsung beginning look like apple phonesplan update oneui stable widely available general speaking usually tophope lol,2
https://www.gsmarena.com/samsung_galaxy_a54-reviews-12070,Ultima 9,27 May 2025,0,does battery drain more after one ui 7. it already gave battery backup about an hour less compared to when it was new. now it seems to be giving less than that now or will it get better as i use my phone more and more?,does battery drain more after one ui 7. it already gave battery backup about an hour less compared to when it was new. now it seems to be giving less than that now or will it get better as i use my phone more and more?,46,Positive,0.6486,battery drain one ui already gave battery backup hour less compared new seems giving less get better use phone,2
https://www.gsmarena.com/samsung_galaxy_a54-reviews-12070,Vans79,03 Oct 2024,0,"Gino76ph, 02 Oct 2024Would you say you the older Galaxy A54 is a better value than the newer S23 FE because of the ...moreS23 FE is better .. and its price will drop after the release of S24 FE","Gino76ph, 02 Oct 2024Would you say you the older Galaxy A54 is a better value than the newer S23 FE because of the ...moreS23 FE is better .. and its price will drop after the release of S24 FE",39,Positive,0.7269,ginoph oct would say older galaxy better value newer fe more fe better price drop release fe,2
https://www.gsmarena.com/samsung_galaxy_s24_ultra-reviews-12771,Aadrian,01 Jun 2026,0,"Sam799, 01 Jun 2026Finally received the May update today.Great, same here! 1st of June and the May patch arrives. Only had it once or twice before.","Sam799, 01 Jun 2026Finally received the May update today.Great, same here! 1st of June and the May patch arrives. Only had it once or twice before.",26,Neutral,0.0,sam jun finally received may update todaygreat st june may patch arrives twice,1
https://www.gsmarena.com/apple_iphone_se_(2022)-reviews-11410,Anonymous,02 Jul 2024,0,"I switched from an iPhone 15 Plus to the 3rd Gen SE, and at first I thought I was gonna struggle but I love the phone now. It's size is my favorite thing. Super compact, easy to use, and honestly the battery life is not horrible considering I've come from using the biggest battery iPhone ever had. Two charges a day gets me by and honestly I do heavy gaming daily. It's a beast. Sadly it doesn't have 0.5 but I'm anticipating the release of SE 4. Hoping it has 0.5 both front and back, but still the same body.","I switched from an iPhone 15 Plus to the 3rd Gen SE, and at first I thought I was going to struggle but I love the phone now. It is size is my favorite thing. Super compact, easy to use, and honestly the battery life is not horrible considering I have come from using the biggest battery iPhone ever had. Two charges a day gets me by and honestly I do heavy gaming daily. It is a beast. Sadly it does not have 0.5 but I am anticipating the release of SE 4. Hoping it has 0.5 both front and back, but still the same body.",106,Positive,0.9841,switched iphone plus rd gen se first thought going struggle but love phone size favorite thing super compact easy use honestly battery life not horrible considering come using biggest battery iphone ever two charge day get honestly heavy gaming daily beast sadly not but anticipating release se hoping front back but still body,2
https://www.gsmarena.com/apple_iphone_se_(2022)-reviews-11410,AStupidMidge,10 Jul 2023,0,"Mat, 29 Jun 2023Which is best for few more years of usage 
se 3 brandnew vs 11 pro 256gb used bh 85%Depends on your usage.If you’re looking for a small, powerful phone with the intent to take calls, surf the Internet, play games for like an hour a day and take basic photos, then the SE3 will suffice but definitely not at the current price Apple provides. Try searching at a third party marketplace(EBay, or similar) or a reputable refurbished reseller as they may provide a better price range.If you want a bigger, better quality screen to watch content and a much better battery life, as well as take photos on a variety of different lighting conditions the 11Pro might work for you provided it’s selling price you’re buying from is cheaper than the SE3. The only downside is the 11 Pro has a weaker chip then the SE3 but with the 11’s bigger battery your usage will last way longer in all fronts(such as playing games or watching content)","Mat, 29 Jun 2023Which is best for few more years of usage se 3 brandnew vs 11 pro 256gb used bh 85%Depends on your usage.If you are looking for a small, powerful phone with the intent to take calls, surf the Internet, play games for like an hour a day and take basic photos, then the SE3 will suffice but definitely not at the current price Apple provides. Try searching at a third party marketplace(EBay, or similar) or a reputable refurbished reseller as they may provide a better price range.If you want a bigger, better quality screen to watch content and a much better battery life, as well as take photos on a variety of different lighting conditions the 11Pro might work for you provided its selling price you are buying from is cheaper than the SE3. The only downside is the 11 Pro has a weaker chip then the SE3 but with the 11s bigger battery your usage will last way longer in all fronts(such as playing games or watching content)",172,Positive,0.9737,mat jun best year usage se brandnew v pro gb used bh depends usageif looking small powerful phone intent take call surf internet play game like hour day take basic photo se suffice but definitely not current price apple provides try searching third party marketplaceebay similar reputable refurbished reseller may provide better price rangeif want bigger better quality screen watch content much better battery life well take photo variety different lighting condition pro might work provided selling price buying cheaper se downside pro weaker chip se but bigger battery usage last way longer frontssuch playing game watching content,2
https://www.gsmarena.com/apple_iphone_se_(2022)-reviews-11410,Anonymous,03 Jun 2024,0,I like this new phone,I like this new phone,5,Positive,0.3612,like new phone,2
https://www.gsmarena.com/samsung_galaxy_s24_ultra-reviews-12771,Anonymous,07 Mar 2026,0,"Marcus, 07 Mar 2026Samsung Galaxy S24 Ultra will eventually get an update on privacy display as well as all A.I n...moreWe will be able to get the updates from S26 Ultra eventually in future updates but I definitely doubt that we get the privacy screen update because our screen (display) is not like S26 Ultra, S26 Ultra display was prepared for privacy but not ours, so I doubt it, but I do know we might get AI features and other updates from the S26 Ultra on S24 Ultra.","Marcus, 07 Mar 2026Samsung Galaxy S24 Ultra will eventually get an update on privacy display as well as all A.I n...moreWe will be able to get the updates from S26 Ultra eventually in future updates but I definitely doubt that we get the privacy screen update because our screen (display) is not like S26 Ultra, S26 Ultra display was prepared for privacy but not ours, so I doubt it, but I do know we might get AI features and other updates from the S26 Ultra on S24 Ultra.",88,Negative,-0.4049,marcus mar samsung galaxy ultra eventually get update privacy display well ai nmorewe able get update ultra eventually future update but definitely doubt get privacy screen update screen display not like ultra ultra display prepared privacy but not doubt but know might get ai feature update ultra ultra,0
https://www.gsmarena.com/realme_c55-reviews-12159,Anonymous,28 Apr 2023,0,"Burg, 24 Apr 2023I'll go back on other day to report my battery drain problem cus i really dont know why.did you bought it new?if so, give it a time. helio chipsets can drain battery at first time use. (experienced it previously when i first got the realme c3 at launch) if you only do day to day tasks such as social media, video and music streaming for few months, the device would learn your usage very well.","Burg, 24 Apr 2023I'll go back on other day to report my battery drain problem cus i really do not know why.did you bought it new?if so, give it a time. helio chipsets can drain battery at first time use. (experienced it previously when i first got the realme c3 at launch) if you only do day to day tasks such as social media, video and music streaming for few months, the device would learn your usage very well.",79,Negative,-0.079,burg apr ill go back day report battery drain problem cu really not know whydid bought newif give time helio chipsets drain battery first time use experienced previously first got realme launch day day task social medium video music streaming month device would learn usage well,0
https://www.gsmarena.com/samsung_galaxy_a54-reviews-12070,Vans79,06 Oct 2024,0,"Gino76ph, 05 Oct 2024Right now my choices for next phone are the A54 and S23 FE. I think we all know the difference...moreA54 is good and reliable phone. So is S23FE. If you are casual user go for A54 and save some money. If you love taking pictures and playing demanding games FE is slightly better choice","Gino76ph, 05 Oct 2024Right now my choices for next phone are the A54 and S23 FE. I think we all know the difference...moreA54 is good and reliable phone. So is S23FE. If you are casual user go for A54 and save some money. If you love taking pictures and playing demanding games FE is slightly better choice",57,Positive,0.9275,ginoph oct right choice next phone fe think know differencemorea good reliable phone sfe casual user go save money love taking picture playing demanding game fe slightly better choice,2
https://www.gsmarena.com/apple_iphone_se_(2022)-reviews-11410,Anonymous,03 Oct 2024,0,"Anonymous, 23 Sep 2024Its technically an iPhone 13 mini in an iPhone 8 bodyhttps://m.gsmarena.com/compare.php3?idPhone1=11410&idPhone2=8573","Anonymous, 23 Sep 2024Its technically an iPhone 13 mini in an iPhone 8 body",14,Neutral,0.0,anonymous sep technically iphone mini iphone body,1
https://www.gsmarena.com/realme_c55-reviews-12159,Anonymous,14 Mar 2023,0,"WoW, 11 Mar 2023Great phone for 170 dollars with good main camera. Front camera average. Good screen and speak...morethey only need to improve the storage chip. emmc is slow and fits only to low end phones. just need helio g95 and ufs 2.1. this would be a great deal","WoW, 11 Mar 2023Great phone for 170 dollars with good main camera. Front camera average. Good screen and speak...morethey only need to improve the storage chip. emmc is slow and fits only to low end phones. just need helio g95 and ufs 2.1. this would be a great deal",49,Positive,0.9382,wow mar great phone dollar good main camera front camera average good screen speakmorethey need improve storage chip emmc slow fit low end phone need helio ufs would great deal,2
https://www.gsmarena.com/apple_iphone_15_pro_max-reviews-12548,Anonymous,17 Sep 2025,0,Anyone updated to ios26? Does it heat a lot? Cause mine on iOS 18 heats up a lot than in ios17. People says ios26 take a lot more powerAnd how is the battery?,Anyone updated to ios26? Does it heat a lot? Because mine on iOS 18 heats up a lot than in ios17. People says ios26 take a lot more powerAnd how is the battery?,33,Neutral,0.0,anyone updated io heat lot mine io heat lot io people say io take lot powerand battery,1
https://www.gsmarena.com/xiaomi_redmi_note_13_pro-reviews-12581,xelha,28 Apr 2025,0,"I've had the Redmi Note 13 Pro for about a year now. It's great.  It takes nice pictures, decent video, works fine with social media, it's good enough for occasional gaming. And it now has Hyper OS 2.0 and still works fine.  Best phone under $300 from 2024!","I have had the Redmi Note 13 Pro for about a year now. It is great. It takes nice pictures, decent video, works fine with social media, it is good enough for occasional gaming. And it now has Hyper OS 2.0 and still works fine. Best phone under $300 from 2024!",51,Positive,0.9508,redmi note pro year great take nice picture decent video work fine social medium good enough occasional gaming hyper o still work fine best phone,2
https://www.gsmarena.com/samsung_galaxy_a54-reviews-12070,NlMA,13 Mar 2025,0,"s35ym., 10 Mar 2025To the genuine users :
Camera clarity only : Are A54 and A55 the same?.They technically have different sensors for main camera, but there is not much difference. I prefer the a54 though.","s35ym., 10 Mar 2025To the genuine users : Camera clarity only : Are A54 and A55 the same?.They technically have different sensors for main camera, but there is not much difference. I prefer the a54 though.",36,Positive,0.2144,sym mar genuine user camera clarity samethey technically different sensor main camera but not much difference prefer though,2
https://www.gsmarena.com/xiaomi_redmi_note_13_pro-reviews-12581,ashrobb,02 Dec 2024,0,"After a few days of testing, I've found battery life to be very, very good... If you fix the refresh rate to 60hz lolThen you can achieve 7-8 hours SoT consistently.","After a few days of testing, I have found battery life to be very, very good... If you fix the refresh rate to 60hz lolThen you can achieve 7-8 hours SoT consistently.",32,Neutral,0.0,day testing found battery life good fix refresh rate hz lolthen achieve hour sot consistently,1
https://www.gsmarena.com/apple_iphone_se_(2022)-reviews-11410,Anonymous,27 Aug 2023,0,Does this phone support apple magsafe battery pack,Does this phone support apple magsafe battery pack,8,Positive,0.4019,phone support apple magsafe battery pack,2
https://www.gsmarena.com/apple_iphone_se_(2022)-reviews-11410,Anonymous,06 Oct 2024,0,"Anonymous, 23 Sep 2024Its technically an iPhone 13 mini in an iPhone 8 body-Has iPhone 8 outdated design (which is barely different from the 2015 iPhone 6)-Has iPhone 8 terrible display (LCD, 60hz, tiny 4,7inch display, not even FHD+, the WORST screen of any 300$-500$ phone of the market by far and it's not even a comparison)-Has iPhone 8 terrible battery (The WORST battery of any 2022-2024 phone by far)-Has iPhone 8 terrible camera setup (12mp main camera, 7mp selfie camera and not even a ultrawide camera is the biggest joke for a 300$-500$ phone)The only thing that shares with the iPhone 13 mini is the A15 bionic, which is easily the best chip in 300$-500$ phones, but even then, you can't do too much with that terrible screen and that terrible batteryThe iPhone SE 2022 is by far, the worst value for money phone that exists right now, except for the chip, everything of this phone is way worse than any 150$ Android phone, supposedly, this phone's niche is for old people that need Touch ID, but literally any modern Android phone has fingerprint sensor (and face recognition if you need it), even in low end phones, and some of them have better fingerprint sensor than the iPhone SE 2022","Anonymous, 23 Sep 2024Its technically an iPhone 13 mini in an iPhone 8 body-Has iPhone 8 outdated design (which is barely different from the 2015 iPhone 6)-Has iPhone 8 terrible display (LCD, 60hz, tiny 4,7inch display, not even FHD+, the WORST screen of any 300$-500$ phone of the market by far and it is not even a comparison)-Has iPhone 8 terrible battery (The WORST battery of any 2022-2024 phone by far)-Has iPhone 8 terrible camera setup (12mp main camera, 7mp selfie camera and not even a ultrawide camera is the biggest joke for a 300$-500$ phone)The only thing that shares with the iPhone 13 mini is the A15 bionic, which is easily the best chip in 300$-500$ phones, but even then, you cannot do too much with that terrible screen and that terrible batteryThe iPhone SE 2022 is by far, the worst value for money phone that exists right now, except for the chip, everything of this phone is way worse than any 150$ Android phone, supposedly, this phone's niche is for old people that need Touch ID, but literally any modern Android phone has fingerprint sensor (and face recognition if you need it), even in low end phones, and some of them have better fingerprint sensor than the iPhone SE 2022",212,Negative,-0.9651,anonymous sep technically iphone mini iphone bodyhas iphone outdated design barely different iphone iphone terrible display lcd hz tiny inch display not even fhd worst screen phone market far not even comparisonhas iphone terrible battery worst battery phone farhas iphone terrible camera setup mp main camera mp selfie camera not even ultrawide camera biggest joke phonethe thing share iphone mini bionic easily best chip phone but even not much terrible screen terrible batterythe iphone se far worst value money phone exists right except chip everything phone way worse android phone supposedly phone niche old people need touch id but literally modern android phone fingerprint sensor face recognition need even low end phone better fingerprint sensor iphone se,0
https://www.gsmarena.com/xiaomi_redmi_note_13_pro-reviews-12581,Aristeidis,19 Nov 2024,0,This phone is meh 👎👎I would rather buy a Samsung phone with 7 years of android support it will last me longer,This phone is meh I would rather buy a Samsung phone with 7 years of android support it will last me longer,22,Positive,0.34,phone meh would rather buy samsung phone year android support last longer,2
https://www.gsmarena.com/samsung_galaxy_a54-reviews-12070,Anonymous,18 Sep 2024,0,"Asim Siddiq, 09 Sep 2024Planning to buy A54 but reading a lot of negative comments about heating and lagging, is that ...moreI am using this phone since 15 month. No lag and no heating no any issue i am playing also pubg low setting not any lag exynos 1380 on papper not good but in real very good experiance.and camera 10/10","Asim Siddiq, 09 Sep 2024Planning to buy A54 but reading a lot of negative comments about heating and lagging, is that ...moreI am using this phone since 15 month. No lag and no heating no any issue i am playing also pubg low setting not any lag exynos 1380 on papper not good but in real very good experiance.and camera 10/10",61,Negative,-0.9817,asim siddiq sep planning buy but reading lot negative comment heating lagging morei using phone since month no lag no heating no issue playing also pubg low setting not lag exynos papper not good but real good experianceand camera,0
https://www.gsmarena.com/nokia_g22-reviews-12145,Anonymous,12 Jun 2023,0,Wher to buy in EU?,Wher to buy in EU?,5,Neutral,0.0,wher buy eu,1
https://www.gsmarena.com/apple_iphone_15_pro_max-reviews-12548,Anonymous,28 Jul 2024,0,"Kriegsherr, 28 Jul 2024but these cables are pretty cheap to buy. you dont need to buy original apple too, so many chi...more$19 for cable is not cheap. Samsung and Xiaomi cable's are more reliable and cheaper.","Kriegsherr, 28 Jul 2024but these cables are pretty cheap to buy. you do not need to buy original apple too, so many chi...more$19 for cable is not cheap. Samsung and Xiaomi cable's are more reliable and cheaper.",37,Positive,0.6705,kriegsherr jul but cable pretty cheap buy not need buy original apple many chimore cable not cheap samsung xiaomi cable reliable cheaper,2
https://www.gsmarena.com/samsung_galaxy_a54-reviews-12070,Anonymous,17 Aug 2024,0,"Thanks for the answers. I narrowed down the choice to A54 and RN13PRO 5G, the price is similar! A54 got One Ui 6.1 and RN13PRO 5G HyperOs! What are your impressions now, are there any improvements in operation, is there still overheating, battery leakage and chopping in operation, how are the cameras?! Thank you.","Thanks for the answers. I narrowed down the choice to A54 and RN13PRO 5G, the price is similar! A54 got One Ui 6.1 and RN13PRO 5G HyperOs! What are your impressions now, are there any improvements in operation, is there still overheating, battery leakage and chopping in operation, how are the cameras?! Thank you.",54,Positive,0.8582,thanks answer narrowed choice rnpro price similar got one ui rnpro hyperos impression improvement operation still overheating battery leakage chopping operation camera thank,2
https://www.gsmarena.com/samsung_galaxy_s24_ultra-reviews-12771,Anonymous,09 Apr 2026,0,"PsalmmY, 09 Apr 2026Guys, ypu will lose the wipe cache data in the recovery mode if you update to the February sec...moreI miss that feature.  But it will be removed when you update to 8.5. So holding back Feb security update wont make any difference.  Either way the wipe cache portion is removed.","PsalmmY, 09 Apr 2026Guys, ypu will lose the wipe cache data in the recovery mode if you update to the February sec...moreI miss that feature. But it will be removed when you update to 8.5. So holding back Feb security update will not make any difference. Either way the wipe cache portion is removed.",54,Positive,0.2382,psalmmy apr guy ypu lose wipe cache data recovery mode update february secmorei miss feature but removed update holding back feb security update not make difference either way wipe cache portion removed,2
https://www.gsmarena.com/apple_iphone_15_pro_max-reviews-12548,Anonymous,01 Jul 2024,0,"mike, 30 Jun 2024i have no issuses with my iphone 15 pro max if you not a heavy user your battery  will last longerNoted. The battery not tough and unable to maintain the sustainable energy efficiency.","mike, 30 Jun 2024i have no issuses with my iphone 15 pro max if you not a heavy user your battery will last longerNoted. The battery not tough and unable to maintain the sustainable energy efficiency.",36,Positive,0.4157,mike jun no issus iphone pro max not heavy user battery last longernoted battery not tough unable maintain sustainable energy efficiency,2
https://www.gsmarena.com/samsung_galaxy_a54-reviews-12070,Anonymous,04 Dec 2025,0,When i update my Phone One UI 8.0 my Cellphone unit was Heat batterry was Overheat and fast drain.this is happen wgen you take update to one ui 8.0,When i update my Phone One UI 8.0 my Cellphone unit was Heat batterry was Overheat and fast drain.this is happen wgen you take update to one ui 8.0,29,Neutral,0.0,update phone one ui cellphone unit heat batterry overheat fast drainthis happen wgen take update one ui,1
https://www.gsmarena.com/samsung_galaxy_s24_ultra-reviews-12771,Anonymous,26 Nov 2025,0,What are the major advantages of S24U over S23U other than SD version?,What are the major advantages of S24U over S23U other than SD version?,13,Positive,0.3612,major advantage su su sd version,2
https://www.gsmarena.com/samsung_galaxy_s24_ultra-reviews-12771,Anonymous,26 Jul 2026,0,"Anonymous, 25 Jul 2026Don't buy Samsung. After 3 years you will face greenline issue.Yeah sure, not. Had 5 Samsungs and had 0 issues with screens. Do not mislead with false information.","Anonymous, 25 Jul 2026Don't buy Samsung. After 3 years you will face greenline issue.Yeah sure, not. Had 5 Samsungs and had 0 issues with screens. Do not mislead with false information.",31,Positive,0.3182,anonymous jul dont buy samsung year face greenline issueyeah sure not samsungs issue screen not mislead false information,2
https://www.gsmarena.com/apple_iphone_15_pro_max-reviews-12548,Anonymous,29 Aug 2024,0,"I was using iphone 14 pro and i bought this phone this year, everything about it is amazing, it's a really good phone.","I was using iphone 14 pro and i bought this phone this year, everything about it is amazing, it is a really good phone.",24,Positive,0.7902,using iphone pro bought phone year everything amazing really good phone,2
https://www.gsmarena.com/samsung_galaxy_s24_ultra-reviews-12771,SteveUk,04 Feb 2026,0,"Anonymous, 02 Feb 2026S24 Ultra is Note design 
S25 Ultra is iPhone design
S26 Ultra even more iPhone design 
95%...moreYeah, the Note design was so classy and premium-looking... I thought they may go back to it with the S26U - but they seem to have gone in the other direction and made it even MORE rounded. It just looks like every other phone now 🤷‍♂️.","Anonymous, 02 Feb 2026S24 Ultra is Note design S25 Ultra is iPhone design S26 Ultra even more iPhone design 95%...moreYeah, the Note design was so classy and premium-looking... I thought they may go back to it with the S26U - but they seem to have gone in the other direction and made it even MORE rounded. It just looks like every other phone now .",65,Positive,0.6829,anonymous feb ultra note design ultra iphone design ultra even iphone design moreyeah note design classy premiumlooking thought may go back su but seem gone direction made even rounded look like every phone,2
https://www.gsmarena.com/apple_iphone_se_(2022)-reviews-11410,Anonymous,11 Aug 2023,0,"rRadD, 07 Aug 2023I have no issue with 5g.. what's going on?1) It also depends on which city/town you are in and therefore which 5g bands T-Mobile is using in that city / town.2) I believe that when connected to 1900 MHz on T-Mobille'd network it's really an LTE instead of 5g despite being shown as 5g.3) This phone clearly doesn't have 5g antenna lines on a side of the phone like every other 5g iPhone has.  This phone clearly has issues when connecting to T-Mobile's 2500 MHz 5g band.Anyway , I already know that no major Tech site will cover this issues with this iPhone.    They get paid by Apple and therefore will not bring  up any Major issues that iPhone might have.Again it's a perfect fast phone when connected to 4g only but has undisputed issues with connecting to certain 5g bands because of the lack of certain 5g antenna strips that are suppose to be located on a side of the phone.","rRadD, 07 Aug 2023I have no issue with 5g.. what is going on?1) It also depends on which city/town you are in and therefore which 5g bands T-Mobile is using in that city / town.2) I believe that when connected to 1900 MHz on T-Mobille'd network it is really an LTE instead of 5g despite being shown as 5g.3) This phone clearly does not have 5g antenna lines on a side of the phone like every other 5g iPhone has. This phone clearly has issues when connecting to T-Mobile's 2500 MHz 5g band.Anyway , I already know that no major Tech site will cover this issues with this iPhone. They get paid by Apple and therefore will not bring up any Major issues that iPhone might have.Again it is a perfect fast phone when connected to 4g only but has undisputed issues with connecting to certain 5g bands because of the lack of certain 5g antenna strips that are suppose to be located on a side of the phone.",169,Positive,0.714,rradd aug no issue going also depends citytown therefore band tmobile using city town believe connected mhz tmobilled network really lte instead despite shown phone clearly not antenna line side phone like every iphone phone clearly issue connecting tmobiles mhz bandanyway already know no major tech site cover issue iphone get paid apple therefore not bring major issue iphone might haveagain perfect fast phone connected but undisputed issue connecting certain band lack certain antenna strip suppose located side phone,2
https://www.gsmarena.com/apple_iphone_15_pro_max-reviews-12548,Anonymous,13 Jul 2024,0,"Leoalbuq, 12 Jul 2024The 15 Pro Max its a fantastic device, I´m using iphones since the 5c and was alternating betw...moreMostly this phone battery life span around 1 year in performance. after that the deformation turn down for the percentage lifetime.","Leoalbuq, 12 Jul 2024The 15 Pro Max its a fantastic device, I Am using iphones since the 5c and was alternating betw...moreMostly this phone battery life span around 1 year in performance. after that the deformation turn down for the percentage lifetime.",42,Positive,0.5574,leoalbuq jul pro max fantastic device using iphones since alternating betwmoremostly phone battery life span around year performance deformation turn percentage lifetime,2
https://www.gsmarena.com/realme_c55-reviews-12159,Anonymous,11 Mar 2023,0,"Anonymous, 08 Mar 2023what about the video quality? is it shaking or not?Yes shaky like an earthquake 7 magnitudes.","Anonymous, 08 Mar 2023what about the video quality? is it shaking or not?Yes shaky like an earthquake 7 magnitudes.",19,Negative,-0.1179,anonymous mar video quality shaking notyes shaky like earthquake magnitude,0
https://www.gsmarena.com/apple_iphone_se_(2022)-reviews-11410,Anonymous,04 Jan 2024,0,"ElRapido, 03 Jan 2024The Bad. Outdated design. Mediocre rear camera. Poor battery life. 
The Okay. Decent selfie c...more“Outdated design” 🤡🤡🤡 🖕","ElRapido, 03 Jan 2024The Bad. Outdated design. Mediocre rear camera. Poor battery life. The Okay. Decent selfie c...moreOutdated design",19,Negative,-0.6908,elrapido jan bad outdated design mediocre rear camera poor battery life okay decent selfie cmoreoutdated design,0
https://www.gsmarena.com/samsung_galaxy_a54-reviews-12070,Anonymous,01 Apr 2025,0,What Formula you use for this much battery life on a54..Because i recently purchased and see the worst battery life..visited customer care they said hardware is OK ..Android 14 software,What Formula you use for this much battery life on a54..Because i recently purchased and see the worst battery life..visited customer care they said hardware is OK ..Android 14 software,30,Positive,0.2577,formula use much battery life abecause recently purchased see worst battery lifevisited customer care said hardware ok android software,2
https://www.gsmarena.com/samsung_galaxy_a54-reviews-12070,Pmm3,24 Sep 2024,0,"Ex Samsung user, 24 Sep 2024I bought the phone when it first came to my country. Hated the screen, lack of pixels, what�...moreYes the design it's Ugly lIke Hell! 19:5:9 format it's s...ks sincerelyMaybe it's good for small device like S24 or iPhone with 6.1"" !20:9 it's best format 8mm thickness 170-180gr maximum! The processor it's not very powerful and GPU it's weakness but display it's OK have HDR 10+ and software update it's ok received monthly !And New A35 it's huge compared with my Edge 40 !! No HDR 10 very big phone 6.6"" in this ugly format and No Software Support Monthly!I want to buy a new Moto G55 because have beautiful design but t's not available yet in Retailers !G55 offers 256Gb/8 ram ,4 years Software Support and Edge 50 Neo 5 years support software! And me I want to sell Sam!And Sammy have a most big icons 😃!!","Ex Samsung user, 24 Sep 2024I bought the phone when it first came to my country. Hated the screen, lack of pixels, what...moreYes the design it is Ugly lIke Hell! 19:5:9 format it is s...ks sincerelyMaybe it is good for small device like S24 or iPhone with 6.1"" !20:9 it is best format 8mm thickness 170-180gr maximum! The processor it is not very powerful and GPU it is weakness but display it is OK have HDR 10+ and software update it is ok received monthly !And New A35 it is huge compared with my Edge 40 !! No HDR 10 very big phone 6.6"" in this ugly format and No Software Support Monthly!I want to buy a new Moto G55 because have beautiful design but t's not available yet in Retailers !G55 offers 256Gb/8 ram ,4 years Software Support and Edge 50 Neo 5 years support software! And me I want to sell Sam!And Sammy have a most big icons !!",161,Positive,0.9323,ex samsung user sep bought phone first came country hated screen lack pixel whatmoreyes design ugly like hell format sks sincerelymaybe good small device like iphone best format mm thickness gr maximum processor not powerful gpu weakness but display ok hdr software update ok received monthly new huge compared edge no hdr big phone ugly format no software support monthlyi want buy new moto beautiful design but t not available yet retailer offer gb ram year software support edge neo year support software want sell samand sammy big icon,2
https://www.gsmarena.com/realme_c55-reviews-12159,Anonymous,29 Nov 2023,0,"domar6274, 02 Nov 2023I bought this phone 3 months ago, (6GB RAM and 128GB storage) The phone is nice ,the camera is...moreIs it good to buy real me c55 i am confusing it is worse or worth if i buy...is the processor good and fast?","domar6274, 02 Nov 2023I bought this phone 3 months ago, (6GB RAM and 128GB storage) The phone is nice ,the camera is...moreIs it good to buy real me c55 i am confusing it is worse or worth if i buy...is the processor good and fast?",45,Positive,0.6705,domar nov bought phone month ago gb ram gb storage phone nice camera ismoreis good buy real confusing worse worth buyi processor good fast,2
https://www.gsmarena.com/samsung_galaxy_a54-reviews-12070,Anonymous,09 Sep 2024,0,"Asim Siddiq, 09 Sep 2024Planning to buy A54 but reading a lot of negative comments about heating and lagging, is that ...moreNope it does not over heat or lag, I have had it for sometime now , and can't complain ..","Asim Siddiq, 09 Sep 2024Planning to buy A54 but reading a lot of negative comments about heating and lagging, is that ...moreNope it does not over heat or lag, I have had it for sometime now , and cannot complain ..",41,Negative,-0.8456,asim siddiq sep planning buy but reading lot negative comment heating lagging morenope not heat lag sometime not complain,0
https://www.gsmarena.com/xiaomi_redmi_note_13_pro-reviews-12581,Anonymous,09 Feb 2025,0,"ElPillo, 07 Feb 2025This one or Galaxy A55? Can't decide since daysGo with A55. No need to explain.","ElPillo, 07 Feb 2025This one or Galaxy A55? Cannot decide since daysGo with A55. No need to explain.",18,Negative,-0.296,elpillo feb one galaxy not decide since daysgo no need explain,0
https://www.gsmarena.com/samsung_galaxy_a54-reviews-12070,Ultima 9,18 Dec 2024,0,"Anonymous, 18 Dec 2024I treat my smartphones as a smartphone and not a gaming console. So it does not matter whether...moreDidn't say anything bad about performance just mainly about the battery consumption after 1.5 yearsPerformance is good not the best in its class but decent","Anonymous, 18 Dec 2024I treat my smartphones as a smartphone and not a gaming console. So it does not matter whether...moreDidn't say anything bad about performance just mainly about the battery consumption after 1.5 yearsPerformance is good not the best in its class but decent",45,Positive,0.362,anonymous dec treat smartphones smartphone not gaming console not matter whethermoredidnt say anything bad performance mainly battery consumption yearsperformance good not best class but decent,2
https://www.gsmarena.com/samsung_galaxy_s24_ultra-reviews-12771,Aadrian,06 Jan 2026,0,"Anonymous, 04 Jan 2026Germany? Not sure about itFor the S25 series the beta is also available in Germany, fkr this phone I am not sure.Korea, Poland, Germany, UK and US are the countries where the beta is available for the S25 series.","Anonymous, 04 Jan 2026Germany? Not sure about itFor the S25 series the beta is also available in Germany, fkr this phone I am not sure.Korea, Poland, Germany, UK and US are the countries where the beta is available for the S25 series.",42,Negative,-0.2411,anonymous jan germany not sure itfor series beta also available germany fkr phone not surekorea poland germany uk u country beta available series,0
https://www.gsmarena.com/apple_iphone_se_(2022)-reviews-11410,rRadD,15 Jul 2023,0,"the tap to wake feature should be available in the SE as well! What's wrong with you, Apple?! LOL","the tap to wake feature should be available in the SE as well! What is wrong with you, Apple?! LOL",20,Positive,0.4796,tap wake feature available se well wrong apple lol,2
https://www.gsmarena.com/apple_iphone_se_(2022)-reviews-11410,Anonymous,13 Sep 2024,0,name an android that has this performance with this price.,name an android that has this performance with this price.,10,Neutral,0.0,name android performance price,1
https://www.gsmarena.com/apple_iphone_se_(2022)-reviews-11410,Anonymous,26 Sep 2024,0,"For the first time after a long time I have used Android, I finally switched to this iPhone. It is very comfortable to use with one hand and the performance is very good. The small battery usage is not a problem for me because it supports QC. Previously I used Asus ROG 5 (the phone is still working well and I still use it as a backup phone)","For the first time after a long time I have used Android, I finally switched to this iPhone. It is very comfortable to use with one hand and the performance is very good. The small battery usage is not a problem for me because it supports QC. Previously I used Asus ROG 5 (the phone is still working well and I still use it as a backup phone)",68,Positive,0.9417,first time long time used android finally switched iphone comfortable use one hand performance good small battery usage not problem support qc previously used asus rog phone still working well still use backup phone,2
https://www.gsmarena.com/apple_iphone_se_(2022)-reviews-11410,Anonymous,05 Oct 2025,0,"S.ABiR, 08 Sep 2025Presently I’m using iPhone 8 all white color device from 23rd March, 2023. My device is still ...moreAfter updating to iOS 17, the screen started to cause rapid eye fatigue, and this is more noticeable on the SE 2022 than on other iPhones. The update to iOS 26 added a bunch of bugs and destroyed battery life, making using the iPhone hellish. It's best to stay away from it.","S.ABiR, 08 Sep 2025Presently I Am using iPhone 8 all white color device from 23rd March, 2023. My device is still ...moreAfter updating to iOS 17, the screen started to cause rapid eye fatigue, and this is more noticeable on the SE 2022 than on other iPhones. The update to iOS 26 added a bunch of bugs and destroyed battery life, making using the iPhone hellish. It is best to stay away from it.",74,Negative,-0.6369,sabir sep presently using iphone white color device rd march device still moreafter updating io screen started cause rapid eye fatigue noticeable se iphones update io added bunch bug destroyed battery life making using iphone hellish best stay away,0
https://www.gsmarena.com/apple_iphone_se_(2022)-reviews-11410,Anonymous,15 Jul 2026,0,"Magic007, 14 Jul 2026Not wise decision bro,.. Way too small for today needs!! Iphone x w/ dynamic island and LATEST...moreIt's not too small, unless you watch videos or play games. For messaging it's more than fine, I actually like the smaller form factor more as somebody with ""girly hands""","Magic007, 14 Jul 2026Not wise decision bro,.. Way too small for today needs!! Iphone x w/ dynamic island and LATEST...moreIt's not too small, unless you watch videos or play games. For messaging it is more than fine, I actually like the smaller form factor more as somebody with ""girly hands""",50,Positive,0.9055,magic jul not wise decision bro way small today need iphone dynamic island latestmoreits not small unless watch video play game messaging fine actually like smaller form factor somebody girly hand,2
https://www.gsmarena.com/samsung_galaxy_a54-reviews-12070,Anonymous,18 Oct 2024,0,"Anonymous, 17 Oct 2024Any fixes ?Sincerely I don't know!  it's about only Security Patch Update .What I know is this security patch from October 2024 fix 30+ vulnerability from Android and One UI.","Anonymous, 17 Oct 2024Any fixes ?Sincerely I do not know! it is about only Security Patch Update .What I know is this security patch from October 2024 fix 30+ vulnerability from Android and One UI.",35,Positive,0.7678,anonymous oct fix sincerely not know security patch update know security patch october fix vulnerability android one ui,2
https://www.gsmarena.com/samsung_galaxy_s24_ultra-reviews-12771,Anonymous,04 Feb 2026,0,"CamoGeko-XDA, 03 Feb 2026I need OneUI 8.5 faster Samsung!! Just hurry up!!Me too... just bored with original OneUI 6.1.","CamoGeko-XDA, 03 Feb 2026I need OneUI 8.5 faster Samsung!! Just hurry up!!Me too... just bored with original OneUI 6.1.",19,Positive,0.3331,camogekoxda feb need oneui faster samsung hurry upme bored original oneui,2
https://www.gsmarena.com/apple_iphone_se_(2022)-reviews-11410,Anonymous,05 Jan 2024,0,"iPhone 6S plus user, 04 Jan 2024“Outdated design” 🤡🤡🤡 🖕Your iPhone 6S is outdated too! for $400, you can buy a good mid range android phone or a seccond hand flagship","iPhone 6S plus user, 04 Jan 2024Outdated design Your iPhone 6S is outdated too! for $400, you can buy a good mid range android phone or a seccond hand flagship",30,Positive,0.7777,iphone plus user jan outdated design iphone outdated buy good mid range android phone seccond hand flagship,2
https://www.gsmarena.com/realme_c55-reviews-12159,Anonymous,13 Jun 2023,0,"Anonymous, 20 May 2023The most 3rd class phone. Please do not buy this phone. Not for artists. Mic and speaker quali...moreWhich is better than xiaomi or realmeI don't know what should I buy?","Anonymous, 20 May 2023The most 3rd class phone. Please do not buy this phone. Not for artists. Mic and speaker quali...moreWhich is better than xiaomi or realmeI do not know what should I buy?",34,Positive,0.6369,anonymous may rd class phone please not buy phone not artist mic speaker qualimorewhich better xiaomi realmei not know buy,2
https://www.gsmarena.com/apple_iphone_se_(2022)-reviews-11410,Xqurz,26 Aug 2024,0,s3 have more mAh,s3 have more mAh,4,Neutral,0.0,mah,1
https://www.gsmarena.com/samsung_galaxy_a54-reviews-12070,s35ym.,09 Dec 2024,0,"Nuruddin Sarker , 09 Dec 2024I purchased Samsung galaxy A54 last week from Aliexpress  it's showing custom made and un...moreCountry?","Nuruddin Sarker , 09 Dec 2024I purchased Samsung galaxy A54 last week from Aliexpress it is showing custom made and un...moreCountry?",21,Neutral,0.0,nuruddin sarker dec purchased samsung galaxy last week aliexpress showing custom made unmorecountry,1
https://www.gsmarena.com/samsung_galaxy_s24_ultra-reviews-12771,Sam799,26 Dec 2025,0,"Aadrian, 26 Dec 2025I also like the Note 7/ Note FE. Galaxy top design.I also had the Note FE in blue color which was a cool phone also the S6 edge+ was also one of my favorites in terms of design & camera.","Aadrian, 26 Dec 2025I also like the Note 7/ Note FE. Galaxy top design.I also had the Note FE in blue color which was a cool phone also the S6 edge+ was also one of my favorites in terms of design & camera.",43,Positive,0.8126,aadrian dec also like note note fe galaxy top designi also note fe blue color cool phone also edge also one favorite term design camera,2
https://www.gsmarena.com/apple_iphone_15_pro_max-reviews-12548,Anonymous,09 Jun 2024,0,"Anonymous, 08 Jun 2024s24 ultra
200 MP
8k 30 fps, 4k 120 fps
12GB ram vs 15 pro max's 8GB
Oh, sorry. 15 pro...morebro you thought you cooked. Apple has a better ram management and those camera quality only makes the size bigger not better. who notices alot of different in their screens when both are amoled. you dont look at your screen with a microscope mate","Anonymous, 08 Jun 2024s24 ultra 200 MP 8k 30 fps, 4k 120 fps 12GB ram vs 15 pro max's 8GB Oh, sorry. 15 pro...morebro you thought you cooked. Apple has a better ram management and those camera quality only makes the size bigger not better. who notices alot of different in their screens when both are amoled. you do not look at your screen with a microscope mate",68,Positive,0.6705,anonymous jun ultra mp fps fps gb ram v pro max gb oh sorry promorebro thought cooked apple better ram management camera quality make size bigger not better notice alot different screen amoled not look screen microscope mate,2
https://www.gsmarena.com/apple_iphone_se_(2022)-reviews-11410,Anonymous,26 Oct 2024,0,"Iskandar Sahar, 18 Oct 2024I use Samsung Galaxy J7 Core, a 7 years old Mid-ranger, switch from Samsung Galaxy A23, Even 7...moreAnd I cite from the spec page:Exynos 7870 Octa (14 nm)Octa-core 1.6 GHz Cortex-A53Obvious enough where the money was saved. That’s why this phone is irrelevant today, while the iPhone SE 2022 is not.","Iskandar Sahar, 18 Oct 2024I use Samsung Galaxy J7 Core, a 7 years old Mid-ranger, switch from Samsung Galaxy A23, Even 7...moreAnd I cite from the spec page:Exynos 7870 Octa (14 nm)Octa-core 1.6 GHz Cortex-A53Obvious enough where the money was saved. That Is why this phone is irrelevant today, while the iPhone SE 2022 is not.",56,Positive,0.4215,iskandar sahar oct use samsung galaxy core year old midranger switch samsung galaxy even moreand cite spec pageexynos octa nmoctacore ghz cortexaobvious enough money saved phone irrelevant today iphone se not,2
https://www.gsmarena.com/samsung_galaxy_a54-reviews-12070,tiltil,13 Mar 2025,0,"Anonymous, 13 Mar 2025Absolute rubbish.
After one year of use, the port began to misbehave. The phone is almost imp...morei have experienced this issue recently with the usb moisture detector error.","Anonymous, 13 Mar 2025Absolute rubbish. After one year of use, the port began to misbehave. The phone is almost imp...morei have experienced this issue recently with the usb moisture detector error.",31,Negative,-0.6808,anonymous mar absolute rubbish one year use port began misbehave phone almost impmorei experienced issue recently usb moisture detector error,0
https://www.gsmarena.com/samsung_galaxy_a54-reviews-12070,Anonymous,09 Dec 2024,0,"I purchased Samsung galaxy A54 last week from Aliexpress  it's showing custom made and unable to check any update  due to custom made.Kindly suggest me, is custom made device is safe ?Note : The IME number is found in website.","I purchased Samsung galaxy A54 last week from Aliexpress it is showing custom made and unable to check any update due to custom made.Kindly suggest me, is custom made device is safe ?Note : The IME number is found in website.",41,Positive,0.4939,purchased samsung galaxy last week aliexpress showing custom made unable check update due custom madekindly suggest custom made device safe note ime number found website,2
https://www.gsmarena.com/samsung_galaxy_a54-reviews-12070,Anonymous,05 Nov 2025,0,"Worked fine for about 1.75 years, but now just randomly restarts. Kind of bricked itself i think, either way it wont work. Battery lasted about a day while it worked, but was prone to freezing for short periods of time. Its outdated at this point so i doubt this will benefit anyone. Nice that it includes an SD slot, but i'd reccomend trying to find better.","Worked fine for about 1.75 years, but now just randomly restarts. Kind of bricked itself i think, either way it will not work. Battery lasted about a day while it worked, but was prone to freezing for short periods of time. Its outdated at this point so i doubt this will benefit anyone. Nice that it includes an SD slot, but i would reccomend trying to find better.",68,Positive,0.7899,worked fine year but randomly restarts kind bricked think either way not work battery lasted day worked but prone freezing short period time outdated point doubt benefit anyone nice includes sd slot but would reccomend trying find better,2
https://www.gsmarena.com/realme_c55-reviews-12159,SolidByte,01 Jul 2025,0,"SolidByte, 01 Jul 2025I've had a relative who owned a realme c55 and let me tell you, it's not worth it. R...moreA perfect example is the redmi note 14 4g (8+256gb) at 130 euros, quite literally better at everything just for 10 euros extra","SolidByte, 01 Jul 2025I've had a relative who owned a realme c55 and let me tell you, it is not worth it. R...moreA perfect example is the redmi note 14 4g (8+256gb) at 130 euros, quite literally better at everything just for 10 euros extra",45,Positive,0.7361,solidbyte jul ive relative owned realme let tell not worth rmorea perfect example redmi note gb euro quite literally better everything euro extra,2
https://www.gsmarena.com/xiaomi_redmi_note_13_pro-reviews-12581,Anonymous,25 Mar 2025,0,"Mknown, 23 Mar 2025Well genshin impact got 50 to 40 fps on highest graphics on my redmi note 13 pro 5g because it...moreAnd because 4G and 5g have different specs as well","Mknown, 23 Mar 2025Well genshin impact got 50 to 40 fps on highest graphics on my redmi note 13 pro 5g because it...moreAnd because 4G and 5g have different specs as well",32,Positive,0.2732,mknown mar well genshin impact got fps highest graphic redmi note pro itmoreand different spec well,2
https://www.gsmarena.com/apple_iphone_15_pro_max-reviews-12548,Anonymous,31 Jul 2024,0,"SonyScamNumberOne, 30 Jul 2024Everyone who has an access to internet can google cheaper cables. It's not an excuse to b...moreyes. your answers good for apple user.","SonyScamNumberOne, 30 Jul 2024Everyone who has an access to internet can google cheaper cables. It is not an excuse to b...moreyes. your answers good for apple user.",27,Positive,0.3975,sonyscamnumberone jul everyone access internet google cheaper cable not excuse bmoreyes answer good apple user,2
https://www.gsmarena.com/apple_iphone_15_pro_max-reviews-12548,Anonymous,11 Nov 2024,0,"Got today new 15 pro max should I go with 18.1 or not, I see some battery draining reviews on it","Got today new 15 pro max should I go with 18.1 or not, I see some battery draining reviews on it",21,Neutral,0.0,got today new pro max go not see battery draining review,1
https://www.gsmarena.com/xiaomi_redmi_note_13_pro-reviews-12581,Anonymous,06 Dec 2025,0,"Saqibulfat, 17 Aug 2025Xiaomi redmi note 13 pro has a pathetic, bugged and extremely unreliable software. It can caus...more100. Cn version is more worse. I get messanger or whatsapp notification after only openning the phone. Such garbage autostart or unrestricted battery usage nothing fixes the issue. I probably stop accepting wifi signal after turning off..","Saqibulfat, 17 Aug 2025Xiaomi redmi note 13 pro has a pathetic, bugged and extremely unreliable software. It can caus...more100. Cn version is more worse. I get messanger or whatsapp notification after only openning the phone. Such garbage autostart or unrestricted battery usage nothing fixes the issue. I probably stop accepting wifi signal after turning off..",55,Negative,-0.7713,saqibulfat aug xiaomi redmi note pro pathetic bugged extremely unreliable software causmore cn version worse get messanger whatsapp notification openning phone garbage autostart unrestricted battery usage nothing fix issue probably stop accepting wifi signal turning,0
https://www.gsmarena.com/xiaomi_redmi_note_13_pro-reviews-12581,Romulus-Daniel,13 Dec 2025,0,It is very good for the price. The battery doesn t last so long for medium use: just a day. It is full with adds directly in the os. The camera is under average. Gaming is ok: my children had no problems while playing games. Overall is a good choice for the price.,It is very good for the price. The battery doesn t last so long for medium use: just a day. It is full with adds directly in the os. The camera is under average. Gaming is ok: my children had no problems while playing games. Overall is a good choice for the price.,53,Positive,0.669,good price battery last long medium use day full add directly o camera average gaming ok child no problem playing game overall good choice price,2
https://www.gsmarena.com/samsung_galaxy_s24_ultra-reviews-12771,Anonymous,28 Jul 2026,0,No oleophobic screen coating?? What are we doing samsung??,No oleophobic screen coating?? What are we doing samsung??,9,Negative,-0.4871,no oleophobic screen coating samsung,0
https://www.gsmarena.com/xiaomi_redmi_note_13_pro-reviews-12581,Anonymous,09 Jan 2025,0,"Knightridah, 08 Jan 2025I regret purchasing this. No updates from months on this.
Folks, never spend money on redmi seriesHow are you fining the phone in terms of performance and day to day use ? I have redmi phones for a while with no issues but everyone seems to be complaining about this model.","Knightridah, 08 Jan 2025I regret purchasing this. No updates from months on this. Folks, never spend money on redmi seriesHow are you fining the phone in terms of performance and day to day use ? I have redmi phones for a while with no issues but everyone seems to be complaining about this model.",54,Negative,-0.6486,knightridah jan regret purchasing no update month folk never spend money redmi serieshow fining phone term performance day day use redmi phone no issue but everyone seems complaining model,0
https://www.gsmarena.com/xiaomi_redmi_note_13_pro-reviews-12581,PhoneViewer004,18 May 2025,0,"DBoy, 18 May 2025Anyone knows if it's possible, and how, to take RAW photos in Pro mode with the native app?Use open camera or gcam, the default camera app doesn't have RAW capture mode idk why","DBoy, 18 May 2025Anyone knows if it is possible, and how, to take RAW photos in Pro mode with the native app?Use open camera or gcam, the default camera app does not have RAW capture mode i do not know why",41,Neutral,0.0,dboy may anyone know possible take raw photo pro mode native appuse open camera gcam default camera app not raw capture mode not know,1
https://www.gsmarena.com/samsung_galaxy_s24_ultra-reviews-12771,Aadrian,07 Mar 2026,0,Samsung's on fire with another Google play system update of February and 56MB in size!First you ain't getting such patches for half a year or so and now two in a few weeks.,Samsung's on fire with another Google play system update of February and 56MB in size!First you are not getting such patches for half a year or so and now two in a few weeks.,34,Neutral,0.0,samsungs fire another google play system update february mb sizefirst not getting patch half year two week,1
https://www.gsmarena.com/samsung_galaxy_a54-reviews-12070,Anonymous,21 Aug 2024,0,"Anonymous, 21 Aug 2024Dude, the Oppo phone has the word pro in its name, doesn't that automatically make it sup...moreThanks da.","Anonymous, 21 Aug 2024Dude, the Oppo phone has the word pro in its name, does not that automatically make it sup...moreThanks da.",22,Neutral,0.0,anonymous aug dude oppo phone word pro name not automatically make supmorethanks da,1
https://www.gsmarena.com/apple_iphone_se_(2022)-reviews-11410,Anonymous,06 Mar 2025,0,"Stefan21, 28 Mar 2022Performance is useless when everything else sucks.. it's poorly made, just HD lcd screen,...morePoorly made?Hahhahahaha","Stefan21, 28 Mar 2022Performance is useless when everything else sucks.. it is poorly made, just HD lcd screen,...morePoorly made?Hahhahahaha",19,Negative,-0.4215,stefan mar performance useless everything else suck poorly made hd lcd screenmorepoorly madehahhahahaha,0
https://www.gsmarena.com/apple_iphone_15_pro_max-reviews-12548,Anonymous,05 Jul 2024,0,"I've switched from the 12 Pro model to the 15 Pro Max, and I'm telling you it's a huge upgrade! If you're using the 14 Pro and 14 Pro Max models you won't feel the difference, but if coming from the iPhone 13 and back, you're not going to regret it. Try it out and don't worry, this isn’t an Apple employee trying to sell it to you, lol.","I have switched from the 12 Pro model to the 15 Pro Max, and I am telling you it is a huge upgrade! If you are using the 14 Pro and 14 Pro Max models you will not feel the difference, but if coming from the iPhone 13 and back, you are not going to regret it. Try it out and do not worry, this is not an Apple employee trying to sell it to you, lol.",77,Positive,0.8945,switched pro model pro max telling huge upgrade using pro pro max model not feel difference but coming iphone back not going regret try not worry not apple employee trying sell lol,2
https://www.gsmarena.com/apple_iphone_15_pro_max-reviews-12548,Anonymous,12 Feb 2025,0,"As a long time Android user, should I buy the 15 PM or 16PM? They said that the 16 is not a major upgrade from the 15. Can someone tell me what makes the 16PM a better phone compared to the 15PM?","As a long time Android user, should I buy the 15 PM or 16PM? They said that the 16 is not a major upgrade from the 15. Can someone tell me what makes the 16PM a better phone compared to the 15PM?",42,Positive,0.504,long time android user buy pm pm said not major upgrade someone tell make pm better phone compared pm,2
https://www.gsmarena.com/samsung_galaxy_a54-reviews-12070,Anonymous,18 Dec 2024,0,"Ultima 9, 17 Dec 2024battery consumption has increased a bit after 1.5 years of use(includes pubg codm 60 fps gamin...moreI treat my smartphones as a smartphone and not a gaming console. So it does not matter whether exynos or SD.","Ultima 9, 17 Dec 2024battery consumption has increased a bit after 1.5 years of use(includes pubg codm 60 fps gamin...moreI treat my smartphones as a smartphone and not a gaming console. So it does not matter whether exynos or SD.",40,Positive,0.5756,ultima dec battery consumption increased bit year useincludes pubg codm fps gaminmorei treat smartphones smartphone not gaming console not matter whether exynos sd,2
https://www.gsmarena.com/samsung_galaxy_s24_ultra-reviews-12771,Anonymous,27 Feb 2026,0,"GroovyStarlight, 26 Feb 2026Why did you upgrade to S26 Ultra?Oops, I missed a word. I'm not getting an S26U phone, but I am getting S26U news; that's what I meant. Sorry again. I plan to use my S24U for at least seven years.","GroovyStarlight, 26 Feb 2026Why did you upgrade to S26 Ultra?Oops, I missed a word. I am not getting an S26U phone, but I am getting S26U news; that is what I meant. Sorry again. I plan to use my S24U for at least seven years.",45,Negative,-0.2617,groovystarlight feb upgrade ultraoops missed word not getting su phone but getting su news meant sorry plan use su least seven year,0
https://www.gsmarena.com/samsung_galaxy_a54-reviews-12070,Ultima 9,25 Aug 2024,0,"Anonymous, 25 Aug 2024So how's the new monthly update? Are there any bugs?haven't had any issues in any updates since i bought my phone more than a year ago and august update didn't bring any issue as wellon the plus side got circle to search","Anonymous, 25 Aug 2024So how is the new monthly update? Are there any bugs?have not had any issues in any updates since i bought my phone more than a year ago and august update did not bring any issue as wellon the plus side got circle to search",48,Neutral,0.0,anonymous aug new monthly update bugshave not issue update since bought phone year ago august update not bring issue wellon plus side got circle search,1
https://www.gsmarena.com/realme_c55-reviews-12159,Anonymous,20 May 2024,0,"domar6274, 02 Nov 2023I bought this phone 3 months ago, (6GB RAM and 128GB storage) The phone is nice ,the camera is...moreThat's all I wanted in a phone. Thanks for the honest review","domar6274, 02 Nov 2023I bought this phone 3 months ago, (6GB RAM and 128GB storage) The phone is nice ,the camera is...moreThat's all I wanted in a phone. Thanks for the honest review",33,Positive,0.8402,domar nov bought phone month ago gb ram gb storage phone nice camera ismorethats wanted phone thanks honest review,2
https://www.gsmarena.com/apple_iphone_15_pro_max-reviews-12548,Anonymous,10 Jun 2024,0,"ForumExpert, 10 Jun 2024I think we all can agree that samsung has more features and so on but if you want less feature...moreios setting make confused for their user. be right with samsung almost updated feature. so futuristic.","ForumExpert, 10 Jun 2024I think we all can agree that samsung has more features and so on but if you want less feature...moreios setting make confused for their user. be right with samsung almost updated feature. so futuristic.",38,Negative,-0.1901,forumexpert jun think agree samsung feature but want less featuremoreios setting make confused user right samsung almost updated feature futuristic,0
https://www.gsmarena.com/xiaomi_redmi_note_13_pro-reviews-12581,urban19,21 Jan 2025,0,"Zero, 20 Jan 2025Yeah. Mee too. HyperOS 1 is more stable. And to be honest, almost to none has changed. Same UI...moreFr. Only changes i noticed is preformance and the charging animation but i don't see any other changes.","Zero, 20 Jan 2025Yeah. Mee too. HyperOS 1 is more stable. And to be honest, almost to none has changed. Same UI...moreFr. Only changes i noticed is preformance and the charging animation but i do not see any other changes.",40,Positive,0.4398,zero jan yeah mee hyperos stable honest almost none changed uimorefr change noticed preformance charging animation but not see change,2
https://www.gsmarena.com/xiaomi_redmi_note_13_pro-reviews-12581,Mik3,03 Dec 2024,0,"Anonymous, 02 Dec 2024Try taking photos in low-light, you'll notice a huge difference between the 10X Pro and N...morePersonal testimony or just talk...","Anonymous, 02 Dec 2024Try taking photos in low-light, you will notice a huge difference between the 10X Pro and N...morePersonal testimony or just talk...",24,Positive,0.3182,anonymous dec try taking photo lowlight notice huge difference pro nmorepersonal testimony talk,2
https://www.gsmarena.com/apple_iphone_se_(2022)-reviews-11410,rRadD,07 Aug 2023,0,"Michael , 04 Aug 2023I really hope that any Major tech review site addresses the issue of 5g antenna design flow on...moreI have no issue with 5g.. what's going on?","Michael , 04 Aug 2023I really hope that any Major tech review site addresses the issue of 5g antenna design flow on...moreI have no issue with 5g.. what is going on?",31,Positive,0.2484,michael aug really hope major tech review site address issue antenna design flow onmorei no issue going,2
https://www.gsmarena.com/samsung_galaxy_s24_ultra-reviews-12771,CamoGeko-XDA,02 Dec 2025,0,"SmileyBoy, 30 Nov 2025I've been using this phone for 4 months and it's quite impressive, especially the ex...moreI dont know what kind of apps you're running but my battery is decent on tbe S24U. Sure it isn't as amazing as the new 6000mah+ flagships but it isn't bad either.","SmileyBoy, 30 Nov 2025I've been using this phone for 4 months and it is quite impressive, especially the ex...moreI do not know what kind of apps you are running but my battery is decent on tbe S24U. Sure it is not as amazing as the new 6000mah+ flagships but it is not bad either.",54,Positive,0.6012,smileyboy nov ive using phone month quite impressive especially exmorei not know kind apps running but battery decent tbe su sure not amazing new mah flagship but not bad either,2
https://www.gsmarena.com/realme_c55-reviews-12159,Anonymous,22 Jul 2023,0,"A bad phoneI just received and send it backBad screen protector taking lot fingerprint and tactile is not good, nasty sharp corner , small details which matters in the end.Lot of non desactivable crap/bloat/spy wareSluggish ux, stutter on web scroll. because of lame proc and unoptimized gfx for sure.ColorOs is far from great.Quite a few alternative phones  better for the priceLcd screen is ok otherwise. I prefer good lcd for confort myself.","A bad phoneI just received and send it backBad screen protector taking lot fingerprint and tactile is not good, nasty sharp corner , small details which matters in the end.Lot of non desactivable crap/bloat/spy wareSluggish ux, stutter on web scroll. because of lame proc and unoptimized gfx for sure.ColorOs is far from great.Quite a few alternative phones better for the priceLcd screen is ok otherwise. I prefer good lcd for confort myself.",72,Negative,-0.6108,bad phonei received send backbad screen protector taking lot fingerprint tactile not good nasty sharp corner small detail matter endlot non desactivable crapbloatspy waresluggish ux stutter web scroll lame proc unoptimized gfx surecoloros far greatquite alternative phone better pricelcd screen ok otherwise prefer good lcd confort,0
https://www.gsmarena.com/samsung_galaxy_a54-reviews-12070,Asim Siddiq,09 Sep 2024,0,"Planning to buy A54 but reading a lot of negative comments about heating and lagging, is that all true? Need honest opinions please","Planning to buy A54 but reading a lot of negative comments about heating and lagging, is that all true? Need honest opinions please",23,Positive,0.5267,planning buy but reading lot negative comment heating lagging true need honest opinion please,2
https://www.gsmarena.com/xiaomi_redmi_note_13_pro-reviews-12581,Anonymous,08 Mar 2025,0,"Md. Selim Reza, 08 Mar 2025The Redmi Note 13 Pro is a fantastic mid-range smartphone that offers flagship-level features ...moreThat is also what I thought before. Until HyperOS 2 came in to play and destroyed it","Md. Selim Reza, 08 Mar 2025The Redmi Note 13 Pro is a fantastic mid-range smartphone that offers flagship-level features ...moreThat is also what I thought before. Until HyperOS 2 came in to play and destroyed it",36,Positive,0.4215,md selim reza mar redmi note pro fantastic midrange smartphone offer flagshiplevel feature morethat also thought hyperos came play destroyed,2
https://www.gsmarena.com/xiaomi_redmi_note_13_pro-reviews-12581,PureViewer4t1,18 Feb 2025,0,"I just found out sth. That second chamber for earpiece speaker leaks the voice when your talking to someone, so people can fully hear your conversations 😑","I just found out sth. That second chamber for earpiece speaker leaks the voice when your talking to someone, so people can fully hear your conversations",26,Neutral,0.0,found sth second chamber earpiece speaker leak voice talking someone people fully hear conversation,1
https://www.gsmarena.com/xiaomi_redmi_note_13_pro-reviews-12581,LxSFurry,25 Jun 2025,0,"I had this phone for a year and I must say I wasn't pleased with this hardware, mine battery got swollen, only around 300 sessions of charging, BUT you have to recharge This phone because it's battery lasts a day or 9 hours or it depends on the usage","I had this phone for a year and I must say I was not pleased with this hardware, mine battery got swollen, only around 300 sessions of charging, BUT you have to recharge This phone because it is battery lasts a day or 9 hours or it depends on the usage",51,Negative,-0.1786,phone year must say not pleased hardware mine battery got swollen around session charging but recharge phone battery last day hour depends usage,0
https://www.gsmarena.com/samsung_galaxy_s24_ultra-reviews-12771,Sam799,24 Jul 2026,0,"Peter P. Parker, 24 Jul 2026So I'm buying new phone after 6 years of usage of my previous one. So I previously decide...moreGo for the S24 Ultra & you won't be disappointed. I'm using it & it has been a pleasant experience so far.","Peter P. Parker, 24 Jul 2026So I am buying new phone after 6 years of usage of my previous one. So I previously decide...moreGo for the S24 Ultra & you will not be disappointed. I am using it & it has been a pleasant experience so far.",47,Positive,0.7054,peter parker jul buying new phone year usage previous one previously decidemorego ultra not disappointed using pleasant experience far,2
https://www.gsmarena.com/samsung_galaxy_s24_ultra-reviews-12771,maks-rs,15 May 2026,0,"Maria, 15 May 2026Hopefully it is not getting worse in this old S24U, with new future update.There is no reason for the situation on s24u to get worse after the update, most of the AI ​​things can be turned off. I have been using s24u for 2 years and 3 months, all updates are installed and the phone works much better than the first day, the battery is great and I only miss these new interface customization options that come in oneui 8.5.","Maria, 15 May 2026Hopefully it is not getting worse in this old S24U, with new future update.There is no reason for the situation on s24u to get worse after the update, most of the AI things can be turned off. I have been using s24u for 2 years and 3 months, all updates are installed and the phone works much better than the first day, the battery is great and I only miss these new interface customization options that come in oneui 8.5.",83,Positive,0.8522,maria may hopefully not getting worse old su new future updatethere no reason situation su get worse update ai thing turned using su year month update installed phone work much better first day battery great miss new interface customization option come oneui,2
https://www.gsmarena.com/samsung_galaxy_a54-reviews-12070,Anonymous,21 Aug 2024,0,Need your true suggestions?Samsung A54 or Oppo Find X3 pro.?,Need your true suggestions?Samsung A54 or Oppo Find X3 pro.?,10,Positive,0.4871,need true suggestionssamsung oppo find pro,2
https://www.gsmarena.com/apple_iphone_se_(2022)-reviews-11410,DandyPoruba,09 Apr 2024,0,Love this phone.,Love this phone.,3,Positive,0.6369,love phone,2
https://www.gsmarena.com/samsung_galaxy_a54-reviews-12070,Anonymous,13 Oct 2024,0,Been using the A54 as my daily driver for almost a year. Haven't had a single problem. Great phone.,Been using the A54 as my daily driver for almost a year. Have not had a single problem. Great phone.,20,Positive,0.7475,using daily driver almost year not single problem great phone,2
https://www.gsmarena.com/xiaomi_redmi_note_13_pro-reviews-12581,Anonymous,24 Jul 2026,0,"BATMANN, 19 Jul 2026Better than note 17 pro 💀im using it till 2024, hats off to the camera in this range","BATMANN, 19 Jul 2026Better than note 17 pro i am using it till 2024, hats off to the camera in this range",22,Neutral,0.0,batmann jul better note pro using till hat camera range,1
https://www.gsmarena.com/apple_iphone_15_pro_max-reviews-12548,Kriegsherr,29 Jul 2024,0,"user, 28 Jul 2024$19 for cable is not cheap. Samsung and Xiaomi cable's are more reliable and cheaper.as we all know that none needs to buy the original. you get a decent one for $7/8 which provide the exact same speed.","user, 28 Jul 2024$19 for cable is not cheap. Samsung and Xiaomi cable's are more reliable and cheaper.as we all know that none needs to buy the original. you get a decent one for $7/8 which provide the exact same speed.",41,Positive,0.3182,user jul cable not cheap samsung xiaomi cable reliable cheaperas know none need buy original get decent one provide exact speed,2
https://www.gsmarena.com/realme_c55-reviews-12159,Anonymous,09 Apr 2023,0,"Abdeldjalil Zeghar, 08 Apr 2023Did u use it?!!You don't need to use to comment about design.Some people like design and some not so it's depends on people taste.","Abdeldjalil Zeghar, 08 Apr 2023Did you use it?!!You do not need to use to comment about design.Some people like design and some not so it is depends on people taste.",30,Positive,0.4738,abdeldjalil zeghar apr use ityou not need use comment designsome people like design not depends people taste,2
https://www.gsmarena.com/apple_iphone_se_(2022)-reviews-11410,Anonymous,02 Nov 2023,0,"gh9rxsae, 02 Nov 2023They already did. All SE's gone out of stores. Dropping teabags and pills is the new norm...moreWhat do you mean? You can still buy it from the Apple site.","gh9rxsae, 02 Nov 2023They already did. All SE's gone out of stores. Dropping teabags and pills is the new norm...moreWhat do you mean? You can still buy it from the Apple site.",32,Neutral,0.0,ghrxsae nov already s gone store dropping teabags pill new normmorewhat mean still buy apple site,1
https://www.gsmarena.com/apple_iphone_se_(2022)-reviews-11410,Anonymous,09 Jan 2024,0,garbage .. cant cope and paste text .. overheating alone .. freez almost all the timeI got it new last month and its my first and last iphone,garbage .. cannot cope and paste text .. overheating alone .. freez almost all the timeI got it new last month and its my first and last iphone,28,Negative,-0.25,garbage not cope paste text overheating alone freez almost timei got new last month first last iphone,0
https://www.gsmarena.com/samsung_galaxy_s24_ultra-reviews-12771,Anonymous,27 May 2026,0,Anyone received May security update? S25 ultra got it.,Anyone received May security update? S25 ultra got it.,9,Positive,0.34,anyone received may security update ultra got,2
https://www.gsmarena.com/samsung_galaxy_a54-reviews-12070,SHIRTU,06 May 2025,0,Whether 256 GB pen drive (Dual USB ) can be read with this phone.,Whether 256 GB pen drive (Dual USB ) can be read with this phone.,14,Neutral,0.0,whether gb pen drive dual usb read phone,1
https://www.gsmarena.com/xiaomi_redmi_note_13_pro-reviews-12581,Anonymous,20 Jun 2025,0,"zrazra, 05 Jun 2025why is it saying snapdragon, isn't it Helio G99-Ultra?You should be better impressed by that snapdragon 7s gen 2 because it way much outperforms helio G99","zrazra, 05 Jun 2025why is it saying snapdragon, is not it Helio G99-Ultra?You should be better impressed by that snapdragon 7s gen 2 because it way much outperforms helio G99",30,Positive,0.7184,zrazra jun saying snapdragon not helio gultrayou better impressed snapdragon gen way much outperforms helio,2
https://www.gsmarena.com/realme_c55-reviews-12159,Anonymous,22 Mar 2023,0,"notaspammer, 20 Mar 2023Ufs or emmc for storage?Emmc","notaspammer, 20 Mar 2023Ufs or emmc for storage?Emmc",8,Neutral,0.0,notaspammer mar ufs emmc storageemmc,1
https://www.gsmarena.com/apple_iphone_se_(2022)-reviews-11410,Tnk tech reviews,10 Sep 2025,0,"S.ABiR, 08 Sep 2025Presently I’m using iPhone 8 all white color device from 23rd March, 2023. My device is still ...moreDude what do emean iphone SE is so easy to find they are going tfor less than half the price because people are addicted to bug phones so these ones get a big discount","S.ABiR, 08 Sep 2025Presently I Am using iPhone 8 all white color device from 23rd March, 2023. My device is still ...moreDude what do emean iphone SE is so easy to find they are going tfor less than half the price because people are addicted to bug phones so these ones get a big discount",55,Positive,0.5777,sabir sep presently using iphone white color device rd march device still moredude emean iphone se easy find going tfor less half price people addicted bug phone one get big discount,2
https://www.gsmarena.com/samsung_galaxy_a54-reviews-12070,Pmm3,18 Sep 2024,0,"My opinion is A54 I think it's a little better than newer A35 !Display HDR10 , Sound speakers more clearly, probably Camera it's little better Signal bought the same worst.And a little compact 6.4"" vs 6.6"".A54 have monthly security update A35 I think not monthly because security patch it's 1 July","My opinion is A54 I think it is a little better than newer A35 !Display HDR10 , Sound speakers more clearly, probably Camera it is little better Signal bought the same worst.And a little compact 6.4"" vs 6.6"".A54 have monthly security update A35 I think not monthly because security patch it is 1 July",54,Positive,0.9062,opinion think little better newer display hdr sound speaker clearly probably camera little better signal bought worstand little compact v monthly security update think not monthly security patch july,2
https://www.gsmarena.com/apple_iphone_se_(2022)-reviews-11410,S.ABiR,08 Sep 2025,0,"Presently I’m using iPhone 8 all white color device from 23rd March, 2023. My device is still fresh and looks like new one as I’m using this device my secondary phone. My main phone is Samsung s24 ultra. When my iPhone 8 will expire I’m planning to buy iphone se 2022 product red model as I feel that it has the same uniqueness as iPhone 8 all white colour. Both are very rare to find in hand at present.","Presently I Am using iPhone 8 all white color device from 23rd March, 2023. My device is still fresh and looks like new one as I Am using this device my secondary phone. My main phone is Samsung s24 ultra. When my iPhone 8 will expire I Am planning to buy iphone se 2022 product red model as I feel that it has the same uniqueness as iPhone 8 all white colour. Both are very rare to find in hand at present.",82,Positive,0.7906,presently using iphone white color device rd march device still fresh look like new one using device secondary phone main phone samsung ultra iphone expire planning buy iphone se product red model feel uniqueness iphone white colour rare find hand present,2
https://www.gsmarena.com/samsung_galaxy_s24_ultra-reviews-12771,Aadrian,22 Feb 2026,0,"I received a second Google play system update of 1,5MB this time.","I received a second Google play system update of 1,5MB this time.",12,Positive,0.34,received second google play system update mb time,2
https://www.gsmarena.com/apple_iphone_15_pro_max-reviews-12548,Bval,10 Mar 2025,0,"Tickle, 09 Mar 2025There is a disclaimer. Kindly read itWhere is the disclaimer ?????","Tickle, 09 Mar 2025There is a disclaimer. Kindly read itWhere is the disclaimer ?????",14,Positive,0.6322,tickle mar disclaimer kindly read itwhere disclaimer,2
https://www.gsmarena.com/apple_iphone_se_(2022)-reviews-11410,Firefighter1470,24 Oct 2025,0,I myself like the SE 3rd Gen as a backup phone. I don't like the huge iPhone 11 Pro Max that I had. Only thing I noticed is you won't find one on Amazon for 119.00 anywhere lol,I myself like the SE 3rd Gen as a backup phone. I do not like the huge iPhone 11 Pro Max that I had. Only thing I noticed is you will not find one on Amazon for 119.00 anywhere lol,40,Positive,0.7606,like se rd gen backup phone not like huge iphone pro max thing noticed not find one amazon anywhere lol,2
https://www.gsmarena.com/samsung_galaxy_a54-reviews-12070,Anonymous,24 Jun 2026,0,"as a Samsung veteran ive had the A54 since launch and i will say this phone has done me pretty well. i came from the 52 before and it was kind of a hot mess with the backplate glue coming off and mic barely working. but anyways its probably the last samsung i will ever own due to the company phasing out sd card support on 90% of their phone generations including the budget ones. after some years i will say the battery life is degraded but i honestly kick the heck out of it day and night so probs a me thing. i LOVED the 120hz and sleek design of the phone. the only disapointment id give it is the lack of headphone jack like its earlier counterparts but i GUESS i can live without it. im going to use this thing until it turns to dust lol. but i refuse to own a phone without sd card support i have too many photos and apps to not have one. sadly i will not be buying any new samsung phones unless they randomly decide to come back to sd support so with my last dying breath, sayonara samsung youve done me well since the S5 but it seems youve left behind your budget centered fans","as a Samsung veteran i have had the A54 since launch and i will say this phone has done me pretty well. i came from the 52 before and it was kind of a hot mess with the backplate glue coming off and mic barely working. but anyways its probably the last samsung i will ever own due to the company phasing out sd card support on 90% of their phone generations including the budget ones. after some years i will say the battery life is degraded but i honestly kick the heck out of it day and night so probs a me thing. i LOVED the 120hz and sleek design of the phone. the only disapointment id give it is the lack of headphone jack like its earlier counterparts but i GUESS i can live without it. i am going to use this thing until it turns to dust lol. but i refuse to own a phone without sd card support i have too many photos and apps to not have one. sadly i will not be buying any new samsung phones unless they randomly decide to come back to sd support so with my last dying breath, sayonara samsung you have done me well since the S5 but it seems you have left behind your budget centered fans",220,Positive,0.9802,samsung veteran since launch say phone done pretty well came kind hot mess backplate glue coming mic barely working but anyways probably last samsung ever due company phasing sd card support phone generation including budget one year say battery life degraded but honestly kick heck day night probs thing loved hz sleek design phone disapointment id give lack headphone jack like earlier counterpart but guess live without going use thing turn dust lol but refuse phone without sd card support many photo apps not one sadly not buying new samsung phone unless randomly decide come back sd support last dying breath sayonara samsung done well since but seems left behind budget centered fan,2
https://www.gsmarena.com/samsung_galaxy_a54-reviews-12070,Anonymous,09 Sep 2024,0,"Asim Siddiq, 09 Sep 2024Planning to buy A54 but reading a lot of negative comments about heating and lagging, is that ...moreBattery is not the good option. i brought from 6 month rarely for the heat","Asim Siddiq, 09 Sep 2024Planning to buy A54 but reading a lot of negative comments about heating and lagging, is that ...moreBattery is not the good option. i brought from 6 month rarely for the heat",36,Negative,-0.8959,asim siddiq sep planning buy but reading lot negative comment heating lagging morebattery not good option brought month rarely heat,0
https://www.gsmarena.com/realme_c55-reviews-12159,Anonymous,11 Jun 2023,0,is this otg capable?,is this otg capable?,4,Positive,0.3818,otg capable,2
https://www.gsmarena.com/xiaomi_redmi_note_13_pro-reviews-12581,Anonymous,23 Jan 2025,0,"Zero, 19 Jan 2025UPDATE:

Already did a factory reset yesterday and the phone still sucks. HyperOS 2 is buggy...moreI've not experienced any issues with the update, I had to change the region to Argentina and then force the update that way as here in UK didn't seem to get the update","Zero, 19 Jan 2025UPDATE: Already did a factory reset yesterday and the phone still sucks. HyperOS 2 is buggy...moreI've not experienced any issues with the update, I had to change the region to Argentina and then force the update that way as here in UK did not seem to get the update",52,Negative,-0.3612,zero jan update already factory reset yesterday phone still suck hyperos buggymoreive not experienced issue update change region argentina force update way uk not seem get update,0
https://www.gsmarena.com/realme_c55-reviews-12159,Anonymous,12 Jul 2023,0,It is Dynamic Island?,It is Dynamic Island?,4,Positive,0.3818,dynamic island,2
https://www.gsmarena.com/samsung_galaxy_a54-reviews-12070,s35ym.,09 Jan 2026,0,No problem in my Samsung A54 (latest patch) phone.,No problem in my Samsung A54 (latest patch) phone.,9,Negative,-0.5994,no problem samsung latest patch phone,0
https://www.gsmarena.com/realme_c55-reviews-12159,AldiSaja,07 Mar 2023,0,What storage type is the phone using? UFS 2.1 or eMMC 5.1?,What storage type is the phone using? UFS 2.1 or eMMC 5.1?,12,Neutral,0.0,storage type phone using ufs emmc,1
https://www.gsmarena.com/apple_iphone_15_pro_max-reviews-12548,Anonymous,08 Jun 2024,0,"Bet, 07 Jun 2024Lol No one can touch IPhone ... Its experience is miles ahead of everyone.s24 ultra200 MP8k 30 fps, 4k 120 fps12GB ram vs 15 pro max's 8GBOh, sorry. 15 pro max is better because it has retina. Totally not a made up name for marketing...At least you guys have cheaper repairs now. Oh wait.😶","Bet, 07 Jun 2024Lol No one can touch IPhone ... Its experience is miles ahead of everyone.s24 ultra200 MP8k 30 fps, 4k 120 fps12GB ram vs 15 pro max's 8GBOh, sorry. 15 pro max is better because it has retina. Totally not a made up name for marketing...At least you guys have cheaper repairs now. Oh wait.",57,Positive,0.1027,bet jun lol no one touch iphone experience mile ahead everyones ultra mpk fps fpsgb ram v pro max gboh sorry pro max better retina totally not made name marketingat least guy cheaper repair oh wait,2
https://www.gsmarena.com/samsung_galaxy_s24_ultra-reviews-12771,Anonymous,03 Aug 2026,0,"Hello! I want to upgrade from my Samsung A54 to one of this three phones; S24 Ultra, S25+ and S26. But i really like the S24 Ultra and my budget is 500 Euros max, i am going to buy it used. I want to hear about opinions like is it worth buying and is it great for gaming and everyday use? Thank you!!!","Hello! I want to upgrade from my Samsung A54 to one of this three phones; S24 Ultra, S25+ and S26. But i really like the S24 Ultra and my budget is 500 Euros max, i am going to buy it used. I want to hear about opinions like is it worth buying and is it great for gaming and everyday use? Thank you!!!",63,Positive,0.9698,hello want upgrade samsung one three phone ultra but really like ultra budget euro max going buy used want hear opinion like worth buying great gaming everyday use thank,2
https://www.gsmarena.com/apple_iphone_se_(2022)-reviews-11410,Anonymous,23 Aug 2023,0,"Anonymous, 04 Jun 2023Monster performance? Well the chip inside the iPhone SE may be performant, but that weak batte...moreIos17 kill its battery 😂😂","Anonymous, 04 Jun 2023Monster performance? Well the chip inside the iPhone SE may be performant, but that weak batte...moreIos17 kill its battery",22,Negative,-0.8968,anonymous jun monster performance well chip inside iphone se may performant but weak battemoreios kill battery,0
https://www.gsmarena.com/samsung_galaxy_s24_ultra-reviews-12771,Anonymous,22 Jun 2026,0,"Sam799, 22 Jun 2026Just received the June update around 485 MB.Received the June update this evening.","Sam799, 22 Jun 2026Just received the June update around 485 MB.Received the June update this evening.",16,Neutral,0.0,sam jun received june update around mbreceived june update evening,1
https://www.gsmarena.com/apple_iphone_se_(2022)-reviews-11410,safin asa,06 Jan 2024,0,"bullnene31, 05 Jan 2024Your iPhone 6S is outdated too! for $400, you can buy a good mid range android phone or a secc...moreDont reply to them, they are just blind people that blames someone saying that Iphone wasn't their cup of tea, no matter how you told them, they dont even mind if they infringe the rules.","bullnene31, 05 Jan 2024Your iPhone 6S is outdated too! for $400, you can buy a good mid range android phone or a secc...moreDont reply to them, they are just blind people that blames someone saying that Iphone was not their cup of tea, no matter how you told them, they do not even mind if they infringe the rules.",59,Negative,-0.5983,bullnene jan iphone outdated buy good mid range android phone seccmoredont reply blind people blame someone saying iphone not cup tea no matter told not even mind infringe rule,0
https://www.gsmarena.com/apple_iphone_15_pro_max-reviews-12548,Plainapple287,14 Aug 2025,0,Down to 85% battery health in only a year.. Thank god i have AppleCare to help.,Down to 85% battery health in only a year.. Thank god i have AppleCare to help.,16,Positive,0.743,battery health year thank god applecare help,2
https://www.gsmarena.com/apple_iphone_se_(2022)-reviews-11410,nooneinpart,25 Apr 2024,0,"Checking in after 2 years, this device is pretty solid. 64GB is too low for base storage, I wouldn't really recommend it at MSRP even if it has class-leading performance. Get it with a carrier deal, then it's a really good phone. Battery life is pretty good considering the size, I can get 8 hours of screen time at home at 86% health, but it drops to almost half of that outside on mobile data and full brightness. I suspect the LCD screen quickly loses efficiency at high brightness. No performance or overheating issues on iOS 17.4.1.","Checking in after 2 years, this device is pretty solid. 64GB is too low for base storage, I would not really recommend it at MSRP even if it has class-leading performance. Get it with a carrier deal, then it is a really good phone. Battery life is pretty good considering the size, I can get 8 hours of screen time at home at 86% health, but it drops to almost half of that outside on mobile data and full brightness. I suspect the LCD screen quickly loses efficiency at high brightness. No performance or overheating issues on iOS 17.4.1.",99,Positive,0.7894,checking year device pretty solid gb low base storage would not really recommend msrp even classleading performance get carrier deal really good phone battery life pretty good considering size get hour screen time home health but drop almost half outside mobile data full brightness suspect lcd screen quickly loses efficiency high brightness no performance overheating issue io,2
https://www.gsmarena.com/realme_c55-reviews-12159,SolidByte,01 Jul 2025,0,"I've had a relative who owned a realme c55 and let me tell you, it's not worth it. Realme can make some good models, but when it's about budget phone they fail miserably. There's very little customization (mainly focused on application icons), sluggish animations, unstable wifi and even boot failures, i had to help them boot into recovery mode twice... My advice is to spend a little more than just 120 euros and buy a redmi or a motorola, trust me you won't be disappointed by expading your budget just by a bit.","I have had a relative who owned a realme c55 and let me tell you, it is not worth it. Realme can make some good models, but when it is about budget phone they fail miserably. There is very little customization (mainly focused on application icons), sluggish animations, unstable wifi and even boot failures, i had to help them boot into recovery mode twice... My advice is to spend a little more than just 120 euros and buy a redmi or a motorola, trust me you will not be disappointed by expading your budget just by a bit.",98,Negative,-0.6954,relative owned realme let tell not worth realme make good model but budget phone fail miserably little customization mainly focused application icon sluggish animation unstable wifi even boot failure help boot recovery mode twice advice spend little euro buy redmi motorola trust not disappointed expading budget bit,0
https://www.gsmarena.com/apple_iphone_15_pro_max-reviews-12548,juanryfo,30 Jun 2025,0,"Sika Kai, 29 May 2025iOS 18 is the most pathetic iOS update in Apple history full of bugs and battery drain problem...morelol you still downgraded the ios to 18 what are you saying ios 18 was the worst if you still downgrade it to ios 18","Sika Kai, 29 May 2025iOS 18 is the most pathetic iOS update in Apple history full of bugs and battery drain problem...morelol you still downgraded the ios to 18 what are you saying ios 18 was the worst if you still downgrade it to ios 18",46,Negative,-0.8439,sika kai may io pathetic io update apple history full bug battery drain problemmorelol still downgraded io saying io worst still downgrade io,0
https://www.gsmarena.com/samsung_galaxy_a54-reviews-12070,Anonymous,18 Sep 2024,0,The camera post processing is stressing me out. Samsung is so aggressive on their post processing making it so horrible when taking pictures especially for letters and face structure.,The camera post processing is stressing me out. Samsung is so aggressive on their post processing making it so horrible when taking pictures especially for letters and face structure.,29,Negative,-0.8445,camera post processing stressing samsung aggressive post processing making horrible taking picture especially letter face structure,0
https://www.gsmarena.com/apple_iphone_se_(2022)-reviews-11410,Anonymous,27 Nov 2024,0,"Hi. I am currently using a Samsung a05s. I really like the apple font as well as the UI ? I think... that holds the visual of the phone. I also like appearance of emojis. It looks so clean to me. Now, I plan on using an iphone for my last phone that I will be using through college. I am heavily attracted to this phone for its size. I am not too keen on big phones and I don't really mind the camera. I think choosing this phone over something else is impractical, but I really like this one. Hope someone helps! I have been contemplating my choices on my own and it's not easy. Thanks.","Hi. I am currently using a Samsung a05s. I really like the apple font as well as the UI ? I think... that holds the visual of the phone. I also like appearance of emojis. It looks so clean to me. Now, I plan on using an iphone for my last phone that I will be using through college. I am heavily attracted to this phone for its size. I am not too keen on big phones and I do not really mind the camera. I think choosing this phone over something else is impractical, but I really like this one. Hope someone helps! I have been contemplating my choices on my own and it is not easy. Thanks.",119,Positive,0.8989,hi currently using samsung really like apple font well ui think hold visual phone also like appearance emojis look clean plan using iphone last phone using college heavily attracted phone size not keen big phone not really mind camera think choosing phone something else impractical but really like one hope someone help contemplating choice not easy thanks,2
https://www.gsmarena.com/apple_iphone_se_(2022)-reviews-11410,Anonymous,08 Jan 2026,0,"AnonD-838133, 02 Jun 2025X7 pro
It has faster soc, that's why spaceship, minimum 256gb memory, minimum 8 gb ram, ...moreewwwww poco sucks","AnonD-838133, 02 Jun 2025X7 pro It has faster soc, that is why spaceship, minimum 256gb memory, minimum 8 gb ram, ...moree poco sucks",23,Negative,-0.3612,anond jun pro faster soc spaceship minimum gb memory minimum gb ram moree poco suck,0
https://www.gsmarena.com/realme_c55-reviews-12159,Anonymous,28 Mar 2023,0,how about its camera? anybody know?,how about its camera? anybody know?,6,Neutral,0.0,camera anybody know,1
https://www.gsmarena.com/xiaomi_redmi_note_13_pro-reviews-12581,Anonymous,03 Feb 2025,0,"Zero, 25 Jan 2025You can try to switch the country to Argentina, restart the phone, then go to the about sectio...moreI want to make sure if i buy the chinese version (not stating ""5g"" on the back of the phone next to ""redmi"") can i unlock it and flash different rom?What are the disadvantages of buying the chinese version?","Zero, 25 Jan 2025You can try to switch the country to Argentina, restart the phone, then go to the about sectio...moreI want to make sure if i buy the chinese version (not stating ""5g"" on the back of the phone next to ""redmi"") can i unlock it and flash different rom?What are the disadvantages of buying the chinese version?",59,Negative,-0.1179,zero jan try switch country argentina restart phone go sectiomorei want make sure buy chinese version not stating back phone next redmi unlock flash different romwhat disadvantage buying chinese version,0
https://www.gsmarena.com/apple_iphone_se_(2022)-reviews-11410,Anonymous,18 Oct 2025,0,"Watermelon Cat, 07 Oct 2025What did you except with upgrading to iOS 26 on a budget iphone with very small battery? Of co...moreWait nevermind I didn't read the rest of the comment 💔 My bad","Watermelon Cat, 07 Oct 2025What did you except with upgrading to iOS 26 on a budget iphone with very small battery? Of co...moreWait nevermind I did not read the rest of the comment My bad",35,Negative,-0.5423,watermelon cat oct except upgrading io budget iphone small battery comorewait nevermind not read rest comment bad,0
https://www.gsmarena.com/samsung_galaxy_s24_ultra-reviews-12771,CamoGeko-XDA,24 Nov 2025,0,Just got the November patch today on my S24U.,Just got the November patch today on my S24U.,9,Neutral,0.0,got november patch today su,1
https://www.gsmarena.com/apple_iphone_se_(2022)-reviews-11410,Anonymous,08 Oct 2024,0,"Anonymous, 08 Oct 2024The problem is that you are artifically limited by Apple without any reason, like why you can&...moreAnd I don't understand why is touch ID listed as a pro on the phone review, like literally any Android has it too, and there are phones that use ultrasonic fingerprint sensors which work MUCH better than Apple's Touch ID, yet no one list them as a pro on reviews","Anonymous, 08 Oct 2024The problem is that you are artifically limited by Apple without any reason, like why you can&...moreAnd I do not understand why is touch ID listed as a pro on the phone review, like literally any Android has it too, and there are phones that use ultrasonic fingerprint sensors which work MUCH better than Apple's Touch ID, yet no one list them as a pro on reviews",70,Negative,-0.7286,anonymous oct problem artifically limited apple without reason like canmoreand not understand touch id listed pro phone review like literally android phone use ultrasonic fingerprint sensor work much better apple touch id yet no one list pro review,0
https://www.gsmarena.com/realme_c55-reviews-12159,Anonymous,10 Mar 2023,0,"Anonymous, 08 Mar 2023what about the video quality? is it shaking or not?this phone does not have hardware gyro.. which that is a must for video stabilization","Anonymous, 08 Mar 2023what about the video quality? is it shaking or not?this phone does not have hardware gyro.. which that is a must for video stabilization",27,Negative,-0.264,anonymous mar video quality shaking notthis phone not hardware gyro must video stabilization,0
https://www.gsmarena.com/samsung_galaxy_s24_ultra-reviews-12771,Anonymous,30 May 2026,0,"Sam799, 30 May 2026Did we receive the May update??So far no luck","Sam799, 30 May 2026Did we receive the May update??So far no luck",12,Positive,0.2869,sam may receive may updateso far no luck,2
https://www.gsmarena.com/samsung_galaxy_a54-reviews-12070,Anonymous,19 Dec 2024,0,"AnonD-1176369, 03 Dec 2024they say that it support Esim But i cant find this option in connection menu ?? should i facto...moreI think it is depending on the region","AnonD-1176369, 03 Dec 2024they say that it support Esim But i cannot find this option in connection menu ?? should i facto...moreI think it is depending on the region",29,Positive,0.2982,anond dec say support esim but not find option connection menu factomorei think depending region,2
https://www.gsmarena.com/apple_iphone_15_pro_max-reviews-12548,romanson,09 Aug 2024,0,"Navya Pyare, 09 Aug 2024Hello guy stop blabbering. i phone 15 pro max is no even 1/2 of what you are even describing s...moreI dont understand why would you say to me to shot up because i am saying the facts","Navya Pyare, 09 Aug 2024Hello guy stop blabbering. i phone 15 pro max is no even 1/2 of what you are even describing s...moreI do not understand why would you say to me to shot up because i am saying the facts",42,Negative,-0.5267,navya pyare aug hello guy stop blabbering phone pro max no even even describing smorei not understand would say shot saying fact,0
https://www.gsmarena.com/apple_iphone_15_pro_max-reviews-12548,juanryfo,30 Jun 2025,0,"Nik, 08 May 2025Why my 15pm batery health down 95% after using 10 month.maybe you charging it while playing the phone or your battery wasn't genuine apple","Nik, 08 May 2025Why my 15pm batery health down 95% after using 10 month.maybe you charging it while playing the phone or your battery was not genuine apple",28,Positive,0.2023,nik may pm batery health using monthmaybe charging playing phone battery not genuine apple,2
https://www.gsmarena.com/samsung_galaxy_s24_ultra-reviews-12771,Anonymous,27 Mar 2026,0,Seems lately samsung updating phones quite late every month instead of much sooner as before and for example laat day kf the month you get the latest patch,Seems lately samsung updating phones quite late every month instead of much sooner as before and for example laat day kf the month you get the latest patch,28,Neutral,0.0,seems lately samsung updating phone quite late every month instead much sooner example laat day kf month get latest patch,1
https://www.gsmarena.com/realme_c55-reviews-12159,Anonymous,09 Jan 2024,0,"JaxStar, 18 Dec 2023It is not recommended for gaming only good for budgeted mothers/sister/non gamer father   but ...moreIs it good for roblox?","JaxStar, 18 Dec 2023It is not recommended for gaming only good for budgeted mothers/sister/non gamer father but ...moreIs it good for roblox?",22,Positive,0.6709,jaxstar dec not recommended gaming good budgeted motherssisternon gamer father but moreis good roblox,2
https://www.gsmarena.com/apple_iphone_15_pro_max-reviews-12548,Blaze70,15 Sep 2024,0,"e8013585, 09 Aug 2024This phone has been great since I got it. Despite I'm not a fan of iOS, my experience wit...moreSurely putting a screen protector on and a good case is the first thing you do when you get a new phone. The amount of people who crack screens etc is mind boggling. I’ve never cracked a screen in my whole life","e8013585, 09 Aug 2024This phone has been great since I got it. Despite I am not a fan of iOS, my experience wit...moreSurely putting a screen protector on and a good case is the first thing you do when you get a new phone. The amount of people who crack screens etc is mind boggling. I Have never cracked a screen in my whole life",65,Positive,0.8277,aug phone great since got despite not fan io experience witmoresurely putting screen protector good case first thing get new phone amount people crack screen etc mind boggling never cracked screen whole life,2
https://www.gsmarena.com/samsung_galaxy_s24_ultra-reviews-12771,Anonymous,07 Mar 2026,0,Samsung Galaxy S24 Ultra will eventually get an update on privacy display as well as all A.I new features from Galaxy 26 Ultra within the next 5 updates from Android 16 onwards,Samsung Galaxy S24 Ultra will eventually get an update on privacy display as well as all A.I new features from Galaxy 26 Ultra within the next 5 updates from Android 16 onwards,32,Positive,0.2732,samsung galaxy ultra eventually get update privacy display well ai new feature galaxy ultra within next update android onwards,2
https://www.gsmarena.com/realme_c55-reviews-12159,Anonymous,08 Mar 2023,0,"Anonymous, 08 Mar 2023No FM Radio. Big boring phoneJust buy radio only not phone","Anonymous, 08 Mar 2023No FM Radio. Big boring phoneJust buy radio only not phone",14,Negative,-0.3182,anonymous mar no fm radio big boring phonejust buy radio not phone,0
https://www.gsmarena.com/samsung_galaxy_s24_ultra-reviews-12771,Sam799,29 Nov 2025,0,"Loveforever, 27 Nov 2025Why waiting for January.........?, also Samsung stop making S24 Ultra since March that's ...moreIm my country it's still available in Samsung stores along with the S25 line up at discounted prices.","Loveforever, 27 Nov 2025Why waiting for January.........?, also Samsung stop making S24 Ultra since March that is ...moreIm my country it is still available in Samsung stores along with the S25 line up at discounted prices.",36,Negative,-0.25,loveforever nov waiting january also samsung stop making ultra since march moreim country still available samsung store along line discounted price,0
https://www.gsmarena.com/realme_c55-reviews-12159,Anonymous,08 Mar 2023,0,No FM Radio. Big boring phone,No FM Radio. Big boring phone,6,Negative,-0.5423,no fm radio big boring phone,0
https://www.gsmarena.com/samsung_galaxy_s24_ultra-reviews-12771,Sam799,27 Nov 2025,0,"Anonymous897, 26 Nov 2025Is it a big upgrade coming from an s10? My battery life sucks and chipset is starting to show ...moreIt's a massive upgrade!!","Anonymous897, 26 Nov 2025Is it a big upgrade coming from an s10? My battery life sucks and chipset is starting to show ...moreIt's a massive upgrade!!",26,Negative,-0.4738,anonymous nov big upgrade coming battery life suck chipset starting show moreits massive upgrade,0
https://www.gsmarena.com/apple_iphone_15_pro_max-reviews-12548,osiristheone,16 May 2025,0,"Looking to upgrade to a 17 Pro Max later this year…but to think how little the 16 Pro Max brought after the 15 Pro Max I truly wonder if the 17 PM will even be worth a look.After the 15 Pro Max got Apple Intelligence and Visual Intelligence, those features pretty much future proofed it as it also shares the same 8GB RAM as the 16 Pro Max too, so going forward basically almost any feature the 16 PM gets the 15 PM is most likely to get too.","Looking to upgrade to a 17 Pro Max later this yearbut to think how little the 16 Pro Max brought after the 15 Pro Max I truly wonder if the 17 PM will even be worth a look.After the 15 Pro Max got Apple Intelligence and Visual Intelligence, those features pretty much future proofed it as it also shares the same 8GB RAM as the 16 Pro Max too, so going forward basically almost any feature the 16 PM gets the 15 PM is most likely to get too.",89,Positive,0.9371,looking upgrade pro max later yearbut think little pro max brought pro max truly wonder pm even worth lookafter pro max got apple intelligence visual intelligence feature pretty much future proofed also share gb ram pro max going forward basically almost feature pm get pm likely get,2
https://www.gsmarena.com/apple_iphone_15_pro_max-reviews-12548,Anonymous,19 Jul 2024,0,"[deleted post]Not in all products, but I am switching from Samsung to iPhone because Samsung,  similarly to other manufacturers, is only on the paper for the advertised performance or it lasts maximally for 6 months.P.S. What I am acknowledging to US is strong regulation policy i.e. for wat is written to be as such.","[deleted post]Not in all products, but I am switching from Samsung to iPhone because Samsung, similarly to other manufacturers, is only on the paper for the advertised performance or it lasts maximally for 6 months.P.S. What I am acknowledging to US is strong regulation policy i.e. for wat is written to be as such.",54,Positive,0.6652,deleted postnot product but switching samsung iphone samsung similarly manufacturer paper advertised performance last maximally monthsps acknowledging u strong regulation policy ie wat written,2
https://www.gsmarena.com/apple_iphone_15_pro_max-reviews-12548,Anonymous,02 May 2024,0,Best phone currently available. Switch from s24 ultra. Using 1tb black titanium. Battery life is way better then s24 ultra. Reason I switch is great battery life and software stability .,Best phone currently available. Switch from s24 ultra. Using 1tb black titanium. Battery life is way better then s24 ultra. Reason I switch is great battery life and software stability .,31,Positive,0.9042,best phone currently available switch ultra using tb black titanium battery life way better ultra reason switch great battery life software stability,2
https://www.gsmarena.com/apple_iphone_15_pro_max-reviews-12548,Kriegsherr,28 Jul 2024,0,"user, 28 Jul 2024And the reliability of Apple gadgets does not speak about the reliability of Apple accessories...morebut these cables are pretty cheap to buy. you dont need to buy original apple too, so many chinese 3rd party for half or quarter the price available.fast charging kills battery faster no matter which maker it is, its just simple physics. you force the ions to flow faster, they get tired faster. still last like 2 years or so. not bad though.","user, 28 Jul 2024And the reliability of Apple gadgets does not speak about the reliability of Apple accessories...morebut these cables are pretty cheap to buy. you do not need to buy original apple too, so many chinese 3rd party for half or quarter the price available.fast charging kills battery faster no matter which maker it is, its just simple physics. you force the ions to flow faster, they get tired faster. still last like 2 years or so. not bad though.",81,Positive,0.6518,user jul reliability apple gadget not speak reliability apple accessoriesmorebut cable pretty cheap buy not need buy original apple many chinese rd party half quarter price availablefast charging kill battery faster no matter maker simple physic force ion flow faster get tired faster still last like year not bad though,2
https://www.gsmarena.com/samsung_galaxy_a54-reviews-12070,Anonymous,24 Dec 2024,0,"Engineer , 12 Dec 2024You obviously bought a Chinese ROM version. No update until you change the ROM to global ROM.It's a global version. The problem is device is modified.  Everything is working accept bank apps but I'm serious about the security issues.  None of the bank apps accept this device due to modified .IMIE number issue are solved now","Engineer , 12 Dec 2024You obviously bought a Chinese ROM version. No update until you change the ROM to global ROM.It is a global version. The problem is device is modified. Everything is working accept bank apps but I am serious about the security issues. None of the bank apps accept this device due to modified .IMIE number issue are solved now",62,Positive,0.8176,engineer dec obviously bought chinese rom version no update change rom global romit global version problem device modified everything working accept bank apps but serious security issue none bank apps accept device due modified imie number issue solved,2
https://www.gsmarena.com/realme_c55-reviews-12159,Anonymous,20 Jul 2023,0,One of the best mid-range Realme Smartphones! And with the Android 14 and realmeui 5.0 the mini-capsule will takes full advantage of this appleish feature.😁,One of the best mid-range Realme Smartphones! And with the Android 14 and realmeui 5.0 the mini-capsule will takes full advantage of this appleish feature.,25,Positive,0.7574,one best midrange realme smartphones android realmeui minicapsule take full advantage appleish feature,2
https://www.gsmarena.com/samsung_galaxy_a54-reviews-12070,Anonymous,12 Dec 2024,0,"Nuruddin Sarker , 09 Dec 2024I purchased Samsung galaxy A54 last week from Aliexpress  it's showing custom made and un...moreYou obviously bought a Chinese ROM version. No update until you change the ROM to global ROM.","Nuruddin Sarker , 09 Dec 2024I purchased Samsung galaxy A54 last week from Aliexpress it is showing custom made and un...moreYou obviously bought a Chinese ROM version. No update until you change the ROM to global ROM.",37,Negative,-0.296,nuruddin sarker dec purchased samsung galaxy last week aliexpress showing custom made unmoreyou obviously bought chinese rom version no update change rom global rom,0
https://www.gsmarena.com/apple_iphone_se_(2022)-reviews-11410,Phone user,11 Nov 2023,0,"SERIOUSBLACK47, 24 Oct 2023I don't agree with tablet choice
Ipad mini 5 128gb would suffice well
& A24I challenge you to find an iPad mini 5 with 128gb","SERIOUSBLACK47, 24 Oct 2023I do not agree with tablet choice Ipad mini 5 128gb would suffice well & A24I challenge you to find an iPad mini 5 with 128gb",29,Positive,0.0747,seriousblack oct not agree tablet choice ipad mini gb would suffice well ai challenge find ipad mini gb,2
https://www.gsmarena.com/apple_iphone_se_(2022)-reviews-11410,Minu,26 Mar 2024,0,"Healthyheart, 07 Feb 2024I'm planning to buy it's phone. 

How's it's battery backup

N low lig...moreYou're better off with a Nokia 8 instead. Same camera optics, better display, similar or better camera performance, far better design, smaller bezels, louder speaker and far cheaper.The only reason why I love this rather mediocre Apple-branded Huaqin product is none other than it's design, because I always prefer 16:9 displays to tall giraffes spamming the database daily.","Healthyheart, 07 Feb 2024I'm planning to buy it is phone. How is it is battery backup N low lig...moreYou're better off with a Nokia 8 instead. Same camera optics, better display, similar or better camera performance, far better design, smaller bezels, louder speaker and far cheaper.The only reason why I love this rather mediocre Apple-branded Huaqin product is none other than it is design, because I always prefer 16:9 displays to tall giraffes spamming the database daily.",77,Positive,0.891,healthyheart feb im planning buy phone battery backup low ligmoreyoure better nokia instead camera optic better display similar better camera performance far better design smaller bezel louder speaker far cheaperthe reason love rather mediocre applebranded huaqin product none design always prefer display tall giraffe spamming database daily,2
https://www.gsmarena.com/xiaomi_redmi_note_13_pro-reviews-12581,Anonymous,25 Mar 2025,0,"Aamir , 15 Mar 2025After the update it started to hang a lot and very slowThis is happening to me now as well, the phone was like a rocket under HyperOS after 2 updates, and now it’s started lagging severely. The keyboard can’t keep up when typing, everything is freezing. I’ll have to reset the phone. I feel like I’m using an old Sony Ericsson Arc S right now.","Aamir , 15 Mar 2025After the update it started to hang a lot and very slowThis is happening to me now as well, the phone was like a rocket under HyperOS after 2 updates, and now its started lagging severely. The keyboard cannot keep up when typing, everything is freezing. Ill have to reset the phone. I feel like I Am using an old Sony Ericsson Arc S right now.",70,Negative,-0.296,aamir mar update started hang lot slowthis happening well phone like rocket hyperos update started lagging severely keyboard not keep typing everything freezing ill reset phone feel like using old sony ericsson arc right,0
https://www.gsmarena.com/apple_iphone_15_pro_max-reviews-12548,Anonymous,05 Feb 2026,0,"Globe, 07 Dec 2025realised 15 pro max have 6gpu core and 17 have 5 - so here as well I guess both may be equal o...morethe 17 is better in performance","Globe, 07 Dec 2025realised 15 pro max have 6gpu core and 17 have 5 - so here as well I guess both may be equal o...morethe 17 is better in performance",31,Positive,0.6444,globe dec realised pro max gpu core well guess may equal omorethe better performance,2
https://www.gsmarena.com/samsung_galaxy_a54-reviews-12070,Gino76ph,25 Oct 2024,0,"alexcpass50, 25 Oct 2024I had a Realme GT Master. Is the A54 superior and more modern? Yes, but there's something...moreI think i will agree with you. Lately I noticed the colours of Samsung phones appear washed out and inaccurate compared to say Xiaomi or OnePlus or Motorola. It's either because of poor display tech, poorly calibrated screens, low quality display or poor quality control.It's a shame Realme phones no long trade in my country (the UK). Only OnePlus.","alexcpass50, 25 Oct 2024I had a Realme GT Master. Is the A54 superior and more modern? Yes, but there is something...moreI think i will agree with you. Lately I noticed the colours of Samsung phones appear washed out and inaccurate compared to say Xiaomi or OnePlus or Motorola. It is either because of poor display tech, poorly calibrated screens, low quality display or poor quality control.It is a shame Realme phones no long trade in my country (the UK). Only OnePlus.",81,Negative,-0.8884,alexcpass oct realme gt master superior modern yes but somethingmorei think agree lately noticed colour samsung phone appear washed inaccurate compared say xiaomi oneplus motorola either poor display tech poorly calibrated screen low quality display poor quality controlit shame realme phone no long trade country uk oneplus,0
https://www.gsmarena.com/samsung_galaxy_s24_ultra-reviews-12771,Anonymous,10 May 2026,0,"Blu, 05 May 2026I have this phone when it first launch, i find it too heavy so I decided to sell it after six ...moreThe features are even better than its 2 successors which is unheard of and also very strange at the same time so I can understand you to return to this amazing phone.","Blu, 05 May 2026I have this phone when it first launch, i find it too heavy so I decided to sell it after six ...moreThe features are even better than its 2 successors which is unheard of and also very strange at the same time so I can understand you to return to this amazing phone.",56,Positive,0.813,blu may phone first launch find heavy decided sell six morethe feature even better successor unheard also strange time understand return amazing phone,2
https://www.gsmarena.com/samsung_galaxy_s24_ultra-reviews-12771,Sam799,28 Jun 2026,0,"Dr. Stephen Strange, 27 Jun 2026anybody what settings need to change for erasing subjects in gallary ? I think it has gone and...moreIts very much there in the gallery simply tap the Galaxy AI icon (the sparkling stars) right there in the center when you open pics in gallery or you can click on the pencil icon then click on the four circles to the extreme right there it'll open the object eraser. Hope this helps.","Dr. Stephen Strange, 27 Jun 2026anybody what settings need to change for erasing subjects in gallary ? I think it has gone and...moreIts very much there in the gallery simply tap the Galaxy AI icon (the sparkling stars) right there in the center when you open pics in gallery or you can click on the pencil icon then click on the four circles to the extreme right there it will open the object eraser. Hope this helps.",77,Positive,0.743,dr stephen strange jun anybody setting need change erasing subject gallary think gone andmoreits much gallery simply tap galaxy ai icon sparkling star right center open pic gallery click pencil icon click four circle extreme right open object eraser hope help,2
https://www.gsmarena.com/xiaomi_redmi_note_13_pro-reviews-12581,Anonymous,14 Jan 2025,0,"David , 14 Jan 2025Phone full of bloatware. Just a small thing like changing theme or ringtone you end up clickin...moreYou can easily turn off the ads within the Xiaomi apps. It took me 10 minutes or so.","David , 14 Jan 2025Phone full of bloatware. Just a small thing like changing theme or ringtone you end up clickin...moreYou can easily turn off the ads within the Xiaomi apps. It took me 10 minutes or so.",38,Positive,0.5994,david jan phone full bloatware small thing like changing theme ringtone end clickinmoreyou easily turn ad within xiaomi apps took minute,2
https://www.gsmarena.com/samsung_galaxy_s24_ultra-reviews-12771,Sam799,23 Jun 2026,0,"Maggs, 22 Jun 2026Same here. Im just installing june update now. 484.46mb.Great 👍","Maggs, 22 Jun 2026Same here. I Am just installing june update now. 484.46mb.Great",13,Neutral,0.0,maggs jun installing june update mbgreat,1
https://www.gsmarena.com/samsung_galaxy_s24_ultra-reviews-12771,CamoGeko-XDA,23 Jan 2026,0,"Aadrian, 21 Jan 2026470MB january patch recieved and installed today.Yep, here as well! Sadly it wasn't the OneUI 8.5 update I was hoping for, and just a security patch.","Aadrian, 21 Jan 2026470MB january patch recieved and installed today.Yep, here as well! Sadly it was not the OneUI 8.5 update I was hoping for, and just a security patch.",30,Positive,0.5848,aadrian jan mb january patch recieved installed todayyep well sadly not oneui update hoping security patch,2
https://www.gsmarena.com/apple_iphone_15_pro_max-reviews-12548,Anonymous,12 Jul 2024,0,why their battery still using 4441 Mah? because others futuristic technologies using up 5000 Mah.,why their battery still using 4441 Mah? because others futuristic technologies using up 5000 Mah.,15,Neutral,0.0,battery still using mah others futuristic technology using mah,1
https://www.gsmarena.com/xiaomi_redmi_note_13_pro-reviews-12581,Anonymous,17 Dec 2024,0,"Kaynaat, 02 Dec 2024OnePlus 12R or this Redmi note 13 pro? please advice!
I use my phones for at least 5 years an...moreNote 14 Best phone under 20k","Kaynaat, 02 Dec 2024OnePlus 12R or this Redmi note 13 pro? please advice! I use my phones for at least 5 years an...moreNote 14 Best phone under 20k",28,Positive,0.7777,kaynaat dec oneplus redmi note pro please advice use phone least year anmorenote best phone,2
https://www.gsmarena.com/realme_c55-reviews-12159,Anonymous,28 May 2023,0,Does anyone know what type of storage does this have? Emmc or ufs?,Does anyone know what type of storage does this have? Emmc or ufs?,13,Neutral,0.0,anyone know type storage emmc ufs,1
https://www.gsmarena.com/samsung_galaxy_s24_ultra-reviews-12771,Anonymous,26 Jul 2026,0,"Anonymous, 25 Jul 2026Don't buy Samsung. After 3 years you will face greenline issue.Been using my Note 10+ for 4 years now, no issues","Anonymous, 25 Jul 2026Don't buy Samsung. After 3 years you will face greenline issue.Been using my Note 10+ for 4 years now, no issues",24,Negative,-0.296,anonymous jul dont buy samsung year face greenline issuebeen using note year no issue,0
https://www.gsmarena.com/samsung_galaxy_s24_ultra-reviews-12771,Anonymous,13 May 2026,0,Anyone who has received one UI 8.5?,Anyone who has received one UI 8.5?,7,Neutral,0.0,anyone received one ui,1
https://www.gsmarena.com/apple_iphone_se_(2022)-reviews-11410,Anonymous,17 May 2023,0,"need advice, 17 May 2023Please advise. Iphone SE 2022 or Asus Zenfone 9? 
I need a small phone with monster performance.If your only criteria is- small- best performanceThen the iPhone SE is the better value. The A15 is better while the phone itself is much cheaper (mainly because it has older camera/display components)","need advice, 17 May 2023Please advise. Iphone SE 2022 or Asus Zenfone 9? I need a small phone with monster performance.If your only criteria is- small- best performanceThen the iPhone SE is the better value. The A15 is better while the phone itself is much cheaper (mainly because it has older camera/display components)",53,Positive,0.9081,need advice may please advise iphone se asus zenfone need small phone monster performanceif criterion small best performancethen iphone se better value better phone much cheaper mainly older cameradisplay component,2
https://www.gsmarena.com/apple_iphone_15_pro_max-reviews-12548,Anonymous,05 Sep 2024,0,"Anonymous, 03 Sep 2024So was the 14 Pro... Congrats on buying the same (larger) phone twice...You will only realize its not the same phone, if you have used it.","Anonymous, 03 Sep 2024So was the 14 Pro... Congrats on buying the same (larger) phone twice...You will only realize its not the same phone, if you have used it.",29,Positive,0.5267,anonymous sep pro congrats buying larger phone twiceyou realize not phone used,2
https://www.gsmarena.com/xiaomi_redmi_note_13_pro-reviews-12581,Anonymous,02 Dec 2024,0,Redmi note 13 pro or OnePlus 12R?? please advice?,Redmi note 13 pro or OnePlus 12R?? please advice?,9,Positive,0.4291,redmi note pro oneplus please advice,2
https://www.gsmarena.com/apple_iphone_se_(2022)-reviews-11410,YourLocalPhoneCritic,08 Sep 2024,0,"If you use this phone, do me a favor & turn off 5G & stick to 4G instead to make the battery last longer & heat less...?Let us know if it works","If you use this phone, do me a favor & turn off 5G & stick to 4G instead to make the battery last longer & heat less...?Let us know if it works",32,Positive,0.4019,use phone favor turn stick instead make battery last longer heat lesslet u know work,2
https://www.gsmarena.com/apple_iphone_15_pro_max-reviews-12548,Anonymous,25 Jan 2025,0,"Nozel, 24 Jan 2025I've never tried any iPhones before, but I'm planning to buy one this year. I'm...moreI am using 15pm and friend has 16pm, I like 15pm more size wise and overall.if you want to save money then get 15pm and if you have lots of it, better to get latest.Losing nothing with 15pm though!","Nozel, 24 Jan 2025I've never tried any iPhones before, but I am planning to buy one this year. I am...moreI am using 15pm and friend has 16pm, I like 15pm more size wise and overall.if you want to save money then get 15pm and if you have lots of it, better to get latest.Losing nothing with 15pm though!",58,Positive,0.972,nozel jan ive never tried iphones but planning buy one year ammorei using pm friend pm like pm size wise overallif want save money get pm lot better get latestlosing nothing pm though,2
https://www.gsmarena.com/samsung_galaxy_s24_ultra-reviews-12771,Aadrian,26 Dec 2025,0,"Anonymous, 22 Dec 2025Best looking phone of all time after HTC One M8.I also like the Note 7/ Note FE. Galaxy top design.","Anonymous, 22 Dec 2025Best looking phone of all time after HTC One M8.I also like the Note 7/ Note FE. Galaxy top design.",23,Positive,0.5106,anonymous dec best looking phone time htc one mi also like note note fe galaxy top design,2
https://www.gsmarena.com/apple_iphone_se_(2022)-reviews-11410,Anonymous,13 Jun 2026,0,"people say that this phone is good on iOS 27 soooo,I'M BUYING IT","people say that this phone is good on iOS 27 soooo,I AM BUYING IT",14,Positive,0.4404,people say phone good io sooooi buying,2
https://www.gsmarena.com/realme_c55-reviews-12159,Anonymous,06 May 2023,0,"Crystal, 05 May 2023How'much did you buy yours..??Around 190 US dollars .","Crystal, 05 May 2023How'much did you buy yours..??Around 190 US dollars .",12,Neutral,0.0,crystal may howmuch buy yoursaround u dollar,1
https://www.gsmarena.com/samsung_galaxy_a54-reviews-12070,Anonymous,15 Sep 2024,0,Has anyone experienced the same thing as me? Or is the amoled display often hot 38 and 40 degrees Celsius? Even though the brightness of my phone is only at 5%,Has anyone experienced the same thing as me? Or is the amoled display often hot 38 and 40 degrees Celsius? Even though the brightness of my phone is only at 5%,31,Positive,0.4515,anyone experienced thing amoled display often hot degree celsius even though brightness phone,2
https://www.gsmarena.com/apple_iphone_se_(2022)-reviews-11410,smirsoslav67,27 Jul 2026,0,Can we get a sequel to this phone?It's small.I've never been an apple user but I would buy an updated version of this device.,Can we get a sequel to this phone?It is small.I have never been an apple user but I would buy an updated version of this device.,26,Neutral,0.0,get sequel phoneit smalli never apple user but would buy updated version device,1
https://www.gsmarena.com/realme_c55-reviews-12159,just a smile,01 Jun 2023,0,"Meanwhile there's a third-party app called DynamicSpot which does way more and it's free, making the mini capsule useless.","Meanwhile there is a third-party app called DynamicSpot which does way more and it is free, making the mini capsule useless.",21,Positive,0.128,meanwhile thirdparty app called dynamicspot way free making mini capsule useless,2
https://www.gsmarena.com/xiaomi_redmi_note_13_pro-reviews-12581,Mswahili,30 Jun 2025,0,"LastXiaomi, 22 Jun 2025Who else is seeing a lot of ads in the Mi Music app? Including countdown timers and such?
The...moreOpen your Mi Music App, you will see a sign at the top left corner, I don't know what is it called. Just tap that sign (it's in tge top left corner)After you tap it you will see some options, Tap the option called ""Settings""After tapping settings you will see other options too, Tap an option called ""Advanced Settings""After entering Advanced settings you will see an option called ""Show Ads"", it is turned on by default. So just turn it off and you will never experience ads on Mi Music in your entire life","LastXiaomi, 22 Jun 2025Who else is seeing a lot of ads in the Mi Music app? Including countdown timers and such? The...moreOpen your Mi Music App, you will see a sign at the top left corner, I do not know what is it called. Just tap that sign (it is in tge top left corner)After you tap it you will see some options, Tap the option called ""Settings""After tapping settings you will see other options too, Tap an option called ""Advanced Settings""After entering Advanced settings you will see an option called ""Show Ads"", it is turned on by default. So just turn it off and you will never experience ads on Mi Music in your entire life",117,Positive,0.7149,lastxiaomi jun else seeing lot ad mi music app including countdown timer themoreopen mi music app see sign top left corner not know called tap sign tge top left cornerafter tap see option tap option called settingsafter tapping setting see option tap option called advanced settingsafter entering advanced setting see option called show ad turned default turn never experience ad mi music entire life,2
https://www.gsmarena.com/apple_iphone_se_(2022)-reviews-11410,Anonymous,29 Jun 2024,0,"Still, iPhone SE 2016 was the most popular. Apple knows how to keep it's home button legacy. But using the same model from the previous 2020 is something else. Looks like a car which got modified hence making the power level stronger.","Still, iPhone SE 2016 was the most popular. Apple knows how to keep it is home button legacy. But using the same model from the previous 2020 is something else. Looks like a car which got modified hence making the power level stronger.",43,Positive,0.827,still iphone se popular apple know keep home button legacy but using model previous something else look like car got modified hence making power level stronger,2
https://www.gsmarena.com/samsung_galaxy_a54-reviews-12070,Anonymous,18 Feb 2025,0,"Stanis, 03 Feb 2025Google as released it android 7.0 update to it all supporting pixel phones only samsung is sti...moreOnly Samsung Use this Skin over Android One Ui not ANDROID with Pixel! Pixel Phone received Android 15 ,And received and Moto Edge 50 Fusion,Edge 50 Neo and I think Edge pro 50 and Sony Xperia 10 VI and probably be there more models with Stock Android!","Stanis, 03 Feb 2025Google as released it android 7.0 update to it all supporting pixel phones only samsung is sti...moreOnly Samsung Use this Skin over Android One Ui not ANDROID with Pixel! Pixel Phone received Android 15 ,And received and Moto Edge 50 Fusion,Edge 50 Neo and I think Edge pro 50 and Sony Xperia 10 VI and probably be there more models with Stock Android!",66,Positive,0.5399,stanis feb google released android update supporting pixel phone samsung stimoreonly samsung use skin android one ui not android pixel pixel phone received android received moto edge fusionedge neo think edge pro sony xperia vi probably model stock android,2
https://www.gsmarena.com/apple_iphone_se_(2022)-reviews-11410,Anonymous,11 Jan 2024,0,"I got a iPhone SE 2022 because I prefer Touch ID and because it is in my opinion the most comfortable to handle with one hand. Better than the Mini-Series. However, Apple has seems to have dropped quality control on this model. Have had several production issues with it. From the Display not put together correctly with the frame, a sticking out sim-tray, a loose mute-switch and and some other stuff. Poor assemble quality for such an expensive device. It was so bad on one device, that I had it torn out a hair after finishing a call.. Bad fit & finish on this one.","I got a iPhone SE 2022 because I prefer Touch ID and because it is in my opinion the most comfortable to handle with one hand. Better than the Mini-Series. However, Apple has seems to have dropped quality control on this model. Have had several production issues with it. From the Display not put together correctly with the frame, a sticking out sim-tray, a loose mute-switch and and some other stuff. Poor assemble quality for such an expensive device. It was so bad on one device, that I had it torn out a hair after finishing a call.. Bad fit & finish on this one.",105,Negative,-0.4936,got iphone se prefer touch id opinion comfortable handle one hand better miniseries however apple seems dropped quality control model several production issue display not put together correctly frame sticking simtray loose muteswitch stuff poor assemble quality expensive device bad one device torn hair finishing call bad fit finish one,0
https://www.gsmarena.com/xiaomi_redmi_note_13_pro-reviews-12581,Anonymous,23 Feb 2025,0,Does RN13 pro worth to buy?,Does RN13 pro worth to buy?,6,Positive,0.2263,rn pro worth buy,2
https://www.gsmarena.com/apple_iphone_se_(2022)-reviews-11410,Anonymous,26 Aug 2023,0,"JohnSalamii, 26 Aug 2023if apple is going to go for a budget iphone atleast make the bezels thinner. because right now...moreI‘d prefer an A series phone that looks like the S9 compared to what we have now. Smaller and lighter build, aluminum frame. Easily outdoes the current A54.","JohnSalamii, 26 Aug 2023if apple is going to go for a budget iphone atleast make the bezels thinner. because right now...moreId prefer an A series phone that looks like the S9 compared to what we have now. Smaller and lighter build, aluminum frame. Easily outdoes the current A54.",48,Positive,0.5994,johnsalamii aug apple going go budget iphone atleast make bezel thinner right nowmoreid prefer series phone look like compared smaller lighter build aluminum frame easily outdoes current,2
https://www.gsmarena.com/apple_iphone_se_(2022)-reviews-11410,Anonymous,01 Jan 2026,0,i wish i could buy in 2026...i love small design of this se3rd,i wish i could buy in 2026...i love small design of this se3rd,13,Positive,0.7845,wish could buy love small design serd,2
https://www.gsmarena.com/apple_iphone_15_pro_max-reviews-12548,jasondotcom,09 Mar 2026,0,"I got IP15PM on the third month after the launch. Still using it till today. Still awesome.Only thing my battery health is dropping. Oh well, may have the battery replace at official Apple dealership.","I got IP15PM on the third month after the launch. Still using it till today. Still awesome.Only thing my battery health is dropping. Oh well, may have the battery replace at official Apple dealership.",34,Positive,0.2732,got ippm third month launch still using till today still awesomeonly thing battery health dropping oh well may battery replace official apple dealership,2
https://www.gsmarena.com/samsung_galaxy_s24_ultra-reviews-12771,Aadrian,20 Jul 2026,0,The July patch is here for the S24 Ultra: 486MB in size.,The July patch is here for the S24 Ultra: 486MB in size.,12,Neutral,0.0,july patch ultra mb size,1
https://www.gsmarena.com/samsung_galaxy_s24_ultra-reviews-12771,Anonymous,11 Jan 2026,0,"Exquisite Phone , 08 Jan 2026The most feature rich Samsung device that Samsung has to offer at the moment. 

Not the newe...moreAgree","Exquisite Phone , 08 Jan 2026The most feature rich Samsung device that Samsung has to offer at the moment. Not the newe...moreAgree",22,Positive,0.5965,exquisite phone jan feature rich samsung device samsung offer moment not newemoreagree,2
https://www.gsmarena.com/apple_iphone_15_pro_max-reviews-12548,Anonymous,27 Apr 2024,0,"Anonymous, 26 Apr 2024And the iphone 14 Pro max even don't have a macro camera and the galaxy a05s does have a ...moreOh I meaned iphone 15 Pro max","Anonymous, 26 Apr 2024And the iphone 14 Pro max even do not have a macro camera and the galaxy a05s does have a ...moreOh I meaned iphone 15 Pro max",30,Neutral,0.0,anonymous apr iphone pro max even not macro camera galaxy moreoh meaned iphone pro max,1
https://www.gsmarena.com/xiaomi_redmi_note_13_pro-reviews-12581,Trymore C,03 Jan 2025,0,"I love everything on this phone except the battery life.I don't play games or run heavy apps but just use the phone for social media and basic internet browsing but I charge it 3 times a day. The camera, the UI, the feel are all good except the battery which drains rapidly.","I love everything on this phone except the battery life.I do not play games or run heavy apps but just use the phone for social media and basic internet browsing but I charge it 3 times a day. The camera, the UI, the feel are all good except the battery which drains rapidly.",53,Positive,0.7124,love everything phone except battery lifei not play game run heavy apps but use phone social medium basic internet browsing but charge time day camera ui feel good except battery drain rapidly,2
https://www.gsmarena.com/samsung_galaxy_s24_ultra-reviews-12771,Anonymous,29 Jan 2026,0,"S24 Ultra, 27 Jan 2026The Samsung S24 Ultra is indeed a commendable phone. My primary concern, however, revolves aro...moreAgree with u","S24 Ultra, 27 Jan 2026The Samsung S24 Ultra is indeed a commendable phone. My primary concern, however, revolves aro...moreAgree with you",21,Neutral,0.0,ultra jan samsung ultra indeed commendable phone primary concern however revolves aromoreagree,1
https://www.gsmarena.com/realme_c55-reviews-12159,Anonymous,09 Feb 2024,0,"Zaydprovoker, 09 Jan 2024Is it good for roblox?Yes esp if using the 90Hz. I play Roblox on my free time and no lags","Zaydprovoker, 09 Jan 2024Is it good for roblox?Yes esp if using the 90Hz. I play Roblox on my free time and no lags",23,Positive,0.5994,zaydprovoker jan good robloxyes esp using hz play roblox free time no lag,2
https://www.gsmarena.com/apple_iphone_15_pro_max-reviews-12548,Anonymous,08 May 2025,0,"S Mohammed Ihsan , 21 Apr 2025I'm using 15 pro max AA/A version i have no problem phone is good.Why my 15pm batery health down 95% after using 10 month.","S Mohammed Ihsan , 21 Apr 2025I'm using 15 pro max AA/A version i have no problem phone is good.Why my 15pm batery health down 95% after using 10 month.",30,Negative,-0.5994,mohammed ihsan apr im using pro max aaa version no problem phone goodwhy pm batery health using month,0
https://www.gsmarena.com/xiaomi_redmi_note_13_pro-reviews-12581,ashrobb,07 Dec 2024,0,"Anonymous, 06 Dec 2024Very good phone, Xiaomi once again delivers amazing features in very coherent and fair price! ...moreThe Note 10 Pro selfie cam was excellent, a Sony sensor if I'm not mistaken. I agree it was much better than the Omnivision sensor they're using since Redmi Note 12 Pro series.","Anonymous, 06 Dec 2024Very good phone, Xiaomi once again delivers amazing features in very coherent and fair price! ...moreThe Note 10 Pro selfie cam was excellent, a Sony sensor if I am not mistaken. I agree it was much better than the Omnivision sensor they are using since Redmi Note 12 Pro series.",53,Positive,0.9447,anonymous dec good phone xiaomi delivers amazing feature coherent fair price morethe note pro selfie cam excellent sony sensor not mistaken agree much better omnivision sensor using since redmi note pro series,2
https://www.gsmarena.com/samsung_galaxy_s24_ultra-reviews-12771,Anonymous,13 Jun 2026,0,"Hey! I started yesterday playing with my phone to see the new features and all I got to say so far is that I love it! ♥ I also loved the call screening feature I know it will be really handy specially with all those scam callers. My favorite callers as cards is pretty neat also but I still prefer the list layout, about battery life still can say but for now it remained the same as it was, which is good. So far, I like it.","Hey! I started yesterday playing with my phone to see the new features and all I got to say so far is that I love it! I also loved the call screening feature I know it will be really handy specially with all those scam callers. My favorite callers as cards is pretty neat also but I still prefer the list layout, about battery life still can say but for now it remained the same as it was, which is good. So far, I like it.",86,Positive,0.946,hey started yesterday playing phone see new feature got say far love also loved call screening feature know really handy specially scam caller favorite caller card pretty neat also but still prefer list layout battery life still say but remained good far like,2
https://www.gsmarena.com/samsung_galaxy_s24_ultra-reviews-12771,Lorentziu,28 Mar 2026,0,"8,5 is coming..in india just arrived in betta version !!","8,5 is coming..in india just arrived in betta version !!",10,Neutral,0.0,comingin india arrived betta version,1
https://www.gsmarena.com/apple_iphone_15_pro_max-reviews-12548,Anonymous,31 Dec 2025,0,Guys i want to buy a new device between the iPhone 15 pro max and the Google pixel 10 which is better and offers better performance,Guys i want to buy a new device between the iPhone 15 pro max and the Google pixel 10 which is better and offers better performance,26,Positive,0.7269,guy want buy new device iphone pro max google pixel better offer better performance,2
https://www.gsmarena.com/apple_iphone_15_pro_max-reviews-12548,Anonymous,15 Jun 2024,0,"user, 15 Jun 2024rarely make changes and rarely fix bugs. worse than androidyes. absolutely true, always fix bug option once update ios. not much upgrading or something new. expensive but bugs inside.noted.","user, 15 Jun 2024rarely make changes and rarely fix bugs. worse than androidyes. absolutely true, always fix bug option once update ios. not much upgrading or something new. expensive but bugs inside.noted.",32,Positive,0.426,user jun rarely make change rarely fix bug worse androidyes absolutely true always fix bug option update io not much upgrading something new expensive but bug insidenoted,2
https://www.gsmarena.com/apple_iphone_se_(2022)-reviews-11410,Anonymous,22 Dec 2023,0,"Cheez-borger, 15 Dec 2023This phone or the iphone 13??13 definitely","Cheez-borger, 15 Dec 2023This phone or the iphone 13??13 definitely",10,Positive,0.4696,cheezborger dec phone iphone definitely,2
https://www.gsmarena.com/realme_c55-reviews-12159,Anonymous,03 Apr 2023,0,"On realme website, this has amoled display","On realme website, this has amoled display",7,Neutral,0.0,realme website amoled display,1
https://www.gsmarena.com/apple_iphone_15_pro_max-reviews-12548,Anonymous,08 Dec 2024,0,i have one rn!!! Willing to switch to a Samsung Galaxy S25 Ultra when it comes out though,i have one right now!!! Willing to switch to a Samsung Galaxy S25 Ultra when it comes out though,19,Neutral,0.0,one right willing switch samsung galaxy ultra come though,1
https://www.gsmarena.com/apple_iphone_se_(2022)-reviews-11410,Anonymous,02 Mar 2024,0,"Anonymous, 01 Mar 2024Probably got an iPhone 7 sold as SEno, iphone 8 but se shaped","Anonymous, 01 Mar 2024Probably got an iPhone 7 sold as SEno, iphone 8 but se shaped",16,Neutral,0.0,anonymous mar probably got iphone sold seno iphone but se shaped,1
https://www.gsmarena.com/apple_iphone_se_(2022)-reviews-11410,Anonymous,09 Sep 2023,0,"lofu, 31 Aug 2023idk why everyone hates this phone, atleast apple made a cheap phone that everyone can affordBecause the only good thing is the A15 Bionic chip, and everything else is TRASH, I mean, LCD 4.7 inches screen with HD screen, 60hz, old design with 65% screen to body ratio, battery that doesn't even last 4 hours and 64gb base for 500-600$ in every country that isn't the USA1000$ phone chip but 50$ of everything else","lofu, 31 Aug 2023idk why everyone hates this phone, atleast apple made a cheap phone that everyone can affordBecause the only good thing is the A15 Bionic chip, and everything else is TRASH, I mean, LCD 4.7 inches screen with HD screen, 60hz, old design with 65% screen to body ratio, battery that does not even last 4 hours and 64gb base for 500-600$ in every country that is not the USA1000$ phone chip but 50$ of everything else",79,Neutral,0.0,lofu aug idk everyone hate phone atleast apple made cheap phone everyone affordbecause good thing bionic chip everything else trash mean lcd inch screen hd screen hz old design screen body ratio battery not even last hour gb base every country not usa phone chip but everything else,1
https://www.gsmarena.com/xiaomi_redmi_note_13_pro-reviews-12581,Anonymous,17 Nov 2024,0,"Anonymous, 16 Nov 2024The UK version has an SD card slot.That's not UK, that's 4G version","Anonymous, 16 Nov 2024The UK version has an SD card slot.That is not UK, that is 4G version",18,Neutral,0.0,anonymous nov uk version sd card slotthat not uk version,1
https://www.gsmarena.com/apple_iphone_se_(2022)-reviews-11410,Anonymous,04 Sep 2023,0,"Anonymous, 02 Sep 2023First thise its not a cheap phone, and his specs are not value  500$ . The battery have just 2...morePoco F5 is big and heavy and runs Android. When will you people understand that not everybody values the same aspects of a phone.","Anonymous, 02 Sep 2023First thise its not a cheap phone, and his specs are not value 500$ . The battery have just 2...morePoco F5 is big and heavy and runs Android. When will you people understand that not everybody values the same aspects of a phone.",46,Negative,-0.5096,anonymous sep first thise not cheap phone spec not value battery morepoco big heavy run android people understand not everybody value aspect phone,0
https://www.gsmarena.com/apple_iphone_15_pro_max-reviews-12548,Anonymous,13 Nov 2024,0,"Aloma , 11 Nov 2024Please I'm an android user but I want to begin using an iPhone, but please which iPhone i...morethe 14 series is trash get the 15 pro max","Aloma , 11 Nov 2024Please I am an android user but I want to begin using an iPhone, but please which iPhone i...morethe 14 series is trash get the 15 pro max",32,Positive,0.5267,aloma nov please android user but want begin using iphone but please iphone imorethe series trash get pro max,2
https://www.gsmarena.com/samsung_galaxy_s24_ultra-reviews-12771,CamoGeko-XDA,12 Apr 2026,0,"Maria, 30 Mar 2026Just update the OneUI 8.0 security patch for March 5, 2026.Running the new April beta update here for OneUI 8.5!Feels nice and smooth so far, battery level is good! 👍","Maria, 30 Mar 2026Just update the OneUI 8.0 security patch for March 5, 2026.Running the new April beta update here for OneUI 8.5!Feels nice and smooth so far, battery level is good!",32,Positive,0.8264,maria mar update oneui security patch march running new april beta update oneui feel nice smooth far battery level good,2
https://www.gsmarena.com/realme_c55-reviews-12159,Anonymous,05 Apr 2023,0,"divya, 03 Apr 2023mono sound in headphone camara quality also disappointedI don't like this product because of display IPS and 12 nenomitar chipcet and 88 posesor","divya, 03 Apr 2023mono sound in headphone camara quality also disappointedI do not like this product because of display IPS and 12 nenomitar chipcet and 88 posesor",27,Negative,-0.2755,divya apr mono sound headphone camara quality also disappointedi not like product display ip nenomitar chipcet posesor,0
https://www.gsmarena.com/apple_iphone_15_pro_max-reviews-12548,Blaze70,15 Sep 2024,0,I’ve never had any overheating issues with my 15pm and battery life still at around 40% when I got to bed at around 11pm. Won’t upgrade until the 18pm is out,I Have never had any overheating issues with my 15pm and battery life still at around 40% when I got to bed at around 11pm. Will Not upgrade until the 18pm is out,33,Neutral,0.0,never overheating issue pm battery life still around got bed around pm not upgrade pm,1
https://www.gsmarena.com/samsung_galaxy_a54-reviews-12070,Anonymous,24 Aug 2024,0,"Anonymous, 24 Aug 2024What phone do you have with snapdragon?Two of them are Snapdragons actually, my S9 Plus and an A9 Star for the missus. Both heat up quite a bit (mainly in hot weather), but they never lag. My sister has the A54 but I find that its always cool in similar environments compared to my phone, so maybe Samsung has worked on the Exynos optimization for the A54.","Anonymous, 24 Aug 2024What phone do you have with snapdragon?Two of them are Snapdragons actually, my S9 Plus and an A9 Star for the missus. Both heat up quite a bit (mainly in hot weather), but they never lag. My sister has the A54 but I find that its always cool in similar environments compared to my phone, so maybe Samsung has worked on the Exynos optimization for the A54.",70,Positive,0.8361,anonymous aug phone snapdragontwo snapdragon actually plus star missus heat quite bit mainly hot weather but never lag sister but find always cool similar environment compared phone maybe samsung worked exynos optimization,2
https://www.gsmarena.com/apple_iphone_se_(2022)-reviews-11410,Anonymous,02 Jun 2025,0,"Michael McCarthy, 01 Jun 2025X7 or X7 Pro? And what do you mean it’s spaceship? You mean like it’s really advanced and stuf...moreX7 proIt has faster soc, that's why spaceship, minimum 256gb memory, minimum 8 gb ram, ufs 4.0, lpddr5x ram, 6000 mah battery, 90w charging speed,120hz screen with Dolby vision and hdr10+. Plus 3 android upgrades and 4 years of security patches. It is also IP 68 sertified and version with 12/256gb can be found for 300€. Maybe camera is better on iphone, but that's it. U should consider android definitely.","Michael McCarthy, 01 Jun 2025X7 or X7 Pro? And what do you mean its spaceship? You mean like its really advanced and stuf...moreX7 proIt has faster soc, that is why spaceship, minimum 256gb memory, minimum 8 gb ram, ufs 4.0, lpddr5x ram, 6000 mah battery, 90w charging speed,120hz screen with Dolby vision and hdr10+. Plus 3 android upgrades and 4 years of security patches. It is also IP 68 sertified and version with 12/256gb can be found for 300. Maybe camera is better on iphone, but that is it. YOU should consider android definitely.",94,Positive,0.8575,michael mccarthy jun pro mean spaceship mean like really advanced stufmorex proit faster soc spaceship minimum gb memory minimum gb ram ufs lpddrx ram mah battery charging speedhz screen dolby vision hdr plus android upgrade year security patch also ip sertified version gb found maybe camera better iphone but consider android definitely,2
https://www.gsmarena.com/realme_c55-reviews-12159,Anonymous,20 May 2023,0,The most 3rd class phone. Please do not buy this phone. Not for artists. Mic and speaker quality is 3rd class.the worst phone I have ever bought. Processor is not good. The only good thing is the display. Price should be 10k. And it doesn't have 6 128 variant. Buy redmi 11 prime. Much better option.,The most 3rd class phone. Please do not buy this phone. Not for artists. Mic and speaker quality is 3rd class.the worst phone I have ever bought. Processor is not good. The only good thing is the display. Price should be 10k. And it does not have 6 128 variant. Buy redmi 11 prime. Much better option.,57,Negative,-0.5736,rd class phone please not buy phone not artist mic speaker quality rd classthe worst phone ever bought processor not good good thing display price not variant buy redmi prime much better option,0
https://www.gsmarena.com/apple_iphone_se_(2022)-reviews-11410,Minu,29 Mar 2024,0,"IQ200, 28 Mar 2024I think Nokia 8 is the best phone ever. Jk lol. Too bad we need to point it out on Apple'...moreIn case you didn't get my context, they've made compromises in every possible feature, apart from the chipset.If there are non-iOS devices with similar specs at much lesser, they have the right to decide and purchase something covering all bases. Stock Android is easier to get used to, if you had an iOS device earlier (unlike OneUI, ColorOS, MIUI that is). This phone, even while being 2 years old, doesn't deserve the atrocious seller price. Why? It doesn't justify it at all. Only the design is considerable, but the rest is just meh.Liking iOS devices and using them a lifetime isn't an excuse to purchase an Apple product again, when there are unlimited options available in the market. It's not a tiny market like back in the day where people had only a handful of brands to consider. Simple.Also, if somebody desperately needs an Apple product in their life, my suggestion to them, is to get a MacBook Pro for office use and an Android phone as a daily driver. Best of both worlds, after all.","IQ200, 28 Mar 2024I think Nokia 8 is the best phone ever. Jk lol. Too bad we need to point it out on Apple'...moreIn case you did not get my context, they have made compromises in every possible feature, apart from the chipset.If there are non-iOS devices with similar specs at much lesser, they have the right to decide and purchase something covering all bases. Stock Android is easier to get used to, if you had an iOS device earlier (unlike OneUI, ColorOS, MIUI that is). This phone, even while being 2 years old, does not deserve the atrocious seller price. Why? It does not justify it at all. Only the design is considerable, but the rest is just meh.Liking iOS devices and using them a lifetime is not an excuse to purchase an Apple product again, when there are unlimited options available in the market. It is not a tiny market like back in the day where people had only a handful of brands to consider. Simple.Also, if somebody desperately needs an Apple product in their life, my suggestion to them, is to get a MacBook Pro for office use and an Android phone as a daily driver. Best of both worlds, after all.",205,Positive,0.6126,iq mar think nokia best phone ever jk lol bad need point applemorein case not get context made compromise every possible feature apart chipsetif nonios device similar spec much lesser right decide purchase something covering base stock android easier get used io device earlier unlike oneui coloros miui phone even year old not deserve atrocious seller price not justify design considerable but rest mehliking io device using lifetime not excuse purchase apple product unlimited option available market not tiny market like back day people handful brand consider simplealso somebody desperately need apple product life suggestion get macbook pro office use android phone daily driver best world,2
https://www.gsmarena.com/samsung_galaxy_s24_ultra-reviews-12771,GenoMe,27 Apr 2026,0,"Marcus, 07 Mar 2026Samsung Galaxy S24 Ultra will eventually get an update on privacy display as well as all A.I n...moreNo. It won't. The Privacy Display feature is hardware, meaning that it's built into the S26 Ultra's screen/display panel. It won't be coming to the S24 Ultra, ever. Maybe the Horizon Lock feature may come in the S24 Ultra in the foreseeable future because that is software based.","Marcus, 07 Mar 2026Samsung Galaxy S24 Ultra will eventually get an update on privacy display as well as all A.I n...moreNo. It will not. The Privacy Display feature is hardware, meaning that it is built into the S26 Ultra's screen/display panel. It will not be coming to the S24 Ultra, ever. Maybe the Horizon Lock feature may come in the S24 Ultra in the foreseeable future because that is software based.",71,Positive,0.2732,marcus mar samsung galaxy ultra eventually get update privacy display well ai nmoreno not privacy display feature hardware meaning built ultras screendisplay panel not coming ultra ever maybe horizon lock feature may come ultra foreseeable future software based,2
https://www.gsmarena.com/realme_c55-reviews-12159,domar6274,19 Sep 2024,0,It has gotten laggier over the past few months after the Android 14 update,It has gotten laggier over the past few months after the Android 14 update,14,Neutral,0.0,gotten laggier past month android update,1
https://www.gsmarena.com/samsung_galaxy_s24_ultra-reviews-12771,Anonymous,25 Jul 2026,0,"Peter P. Parker, 24 Jul 2026So I'm buying new phone after 6 years of usage of my previous one. So I previously decide...moreDon't buy Samsung. After 3 years you will face greenline issue.","Peter P. Parker, 24 Jul 2026So I am buying new phone after 6 years of usage of my previous one. So I previously decide...moreDon't buy Samsung. After 3 years you will face greenline issue.",34,Neutral,0.0,peter parker jul buying new phone year usage previous one previously decidemoredont buy samsung year face greenline issue,1
https://www.gsmarena.com/xiaomi_redmi_note_13_pro-reviews-12581,Anonymous,24 Feb 2025,0,Is this phone worth buying for 410 cad? I need phone for amateur videos on tiktok and as my main device for 1- 2 years without performance loss. What do you guys and gals recommend?,Is this phone worth buying for 410 cad? I need phone for amateur videos on tiktok and as my main device for 1- 2 years without performance loss. What do you guys and gals recommend?,35,Positive,0.6929,phone worth buying cad need phone amateur video tiktok main device year without performance loss guy gal recommend,2
https://www.gsmarena.com/samsung_galaxy_a54-reviews-12070,Anonymous,06 Dec 2024,0,"Ferd, 03 Dec 2024Galaxy A54 or redmi note 12 pro 5g?I think it's old Redmi Note 12 Pro 5G it's from 2022 Android 12 lunch MiUI 13Mediatek 1080.No I think it's better A54 1380 5nm it's new generation then MediaTek 1080 6nm. Just 2x A78 Cortex 2.6GHzAnd A54 have 6.4"" display, Security Update Monthly I think it's the best choiceAnd have advantage to received Android 15 ,16 and I think 17 .Anyway Security Update for A54 will Stop Somewhere in first quarter to 2028","Ferd, 03 Dec 2024Galaxy A54 or redmi note 12 pro 5g?I think it is old Redmi Note 12 Pro 5G it is from 2022 Android 12 lunch MiUI 13Mediatek 1080.No I think it is better A54 1380 5nm it is new generation then MediaTek 1080 6nm. Just 2x A78 Cortex 2.6GHzAnd A54 have 6.4"" display, Security Update Monthly I think it is the best choiceAnd have advantage to received Android 15 ,16 and I think 17 .Anyway Security Update for A54 will Stop Somewhere in first quarter to 2028",89,Positive,0.8934,ferd dec galaxy redmi note pro gi think old redmi note pro android lunch miui mediatek no think better nm new generation mediatek nm cortex ghzand display security update monthly think best choiceand advantage received android think anyway security update stop somewhere first quarter,2
https://www.gsmarena.com/samsung_galaxy_s24_ultra-reviews-12771,Anonymous,29 Apr 2026,0,"Banos, 28 Apr 2026Hi. New to this forum and i think it is brilliant, with lots of experienced wisdom! I love the...moreWelcome to the forum. Using a case will not make s24 ultra heavy. I use a slim full body bumper case and its not heavy at all. Theres no different in weight. It doesnt make phone heavier. And the case protects my phone. I use tempered glass screen protector which I know is better. I hope this helps.","Banos, 28 Apr 2026Hi. New to this forum and i think it is brilliant, with lots of experienced wisdom! I love the...moreWelcome to the forum. Using a case will not make s24 ultra heavy. I use a slim full body bumper case and its not heavy at all. There Is no different in weight. It does not make phone heavier. And the case protects my phone. I use tempered glass screen protector which I know is better. I hope this helps.",81,Positive,0.9647,banos apr hi new forum think brilliant lot experienced wisdom love themorewelcome forum using case not make ultra heavy use slim full body bumper case not heavy no different weight not make phone heavier case protects phone use tempered glass screen protector know better hope help,2
https://www.gsmarena.com/samsung_galaxy_s24_ultra-reviews-12771,maks-rs,14 May 2026,0,"Anonymous, 13 May 2026Anyone who has received one UI 8.5?Rolled out 11.05 in Korea , probably 18.05 for the ROW.","Anonymous, 13 May 2026Anyone who has received one UI 8.5?Rolled out 11.05 in Korea , probably 18.05 for the ROW.",20,Neutral,0.0,anonymous may anyone received one ui rolled korea probably row,1
https://www.gsmarena.com/xiaomi_redmi_note_13_pro-reviews-12581,Anonymous,28 Mar 2025,0,"Facing fast charging issue after Android 15 update,Phone battery unable to charge fastly as claimed by company,using original default charger and Cable that came with with phone 13 pro plus Box.Disappointed with samsung haven't face issue with same same level phone.","Facing fast charging issue after Android 15 update,Phone battery unable to charge fastly as claimed by company,using original default charger and Cable that came with with phone 13 pro plus Box.Disappointed with samsung have not face issue with same same level phone.",42,Positive,0.3182,facing fast charging issue android updatephone battery unable charge fastly claimed companyusing original default charger cable came phone pro plus boxdisappointed samsung not face issue level phone,2
https://www.gsmarena.com/realme_c55-reviews-12159,domar6274,02 Nov 2023,0,"Worst I ever used, 02 Aug 2023This is one of the worst phone I've ever used. I have realme 1 from 5 years ago which sti...moreYeah some games don't run smoothly which sucks","Worst I ever used, 02 Aug 2023This is one of the worst phone I have ever used. I have realme 1 from 5 years ago which sti...moreYeah some games do not run smoothly which sucks",35,Negative,-0.8934,worst ever used aug one worst phone ever used realme year ago stimoreyeah game not run smoothly suck,0
https://www.gsmarena.com/xiaomi_redmi_note_13_pro-reviews-12581,urban19,09 Aug 2026,0,"2 years later experience: HyperOS 3 slowed down the device significantly, with frequent lag spikes that causes animations to literally play in slow motion. One time it made my device so slow, like 2fps, for like half a minute and I thought I was gonna have to force restart, but it fixed itself later on. It's definitely intentional slowdowns, as the hardware is perfectly capable of running Android 16 + OS 3 smoothly. My advice to anyone getting any budget to midrange phone really, is to disable auto software updates as soon as you set up the device and keep it on the first android version. It's gonna preserve the os performance and it's gonna be worth it long term even if you don't get all the latest features.","2 years later experience: HyperOS 3 slowed down the device significantly, with frequent lag spikes that causes animations to literally play in slow motion. One time it made my device so slow, like 2fps, for like half a minute and I thought I was going to have to force restart, but it fixed itself later on. It is definitely intentional slowdowns, as the hardware is perfectly capable of running Android 16 + OS 3 smoothly. My advice to anyone getting any budget to midrange phone really, is to disable auto software updates as soon as you set up the device and keep it on the first android version. It is going to preserve the os performance and it is going to be worth it long term even if you do not get all the latest features.",136,Positive,0.9576,year later experience hyperos slowed device significantly frequent lag spike cause animation literally play slow motion one time made device slow like fps like half minute thought going force restart but fixed later definitely intentional slowdown hardware perfectly capable running android o smoothly advice anyone getting budget midrange phone really disable auto software update soon set device keep first android version going preserve o performance going worth long term even not get latest feature,2
https://www.gsmarena.com/samsung_galaxy_s24_ultra-reviews-12771,Anonymous,11 Apr 2026,0,"Anonymous, 09 Apr 2026I really love the design of this phone. Rectangular, sharp edges. Though I don't know how...moreHonestly, the S24U's corner edge isn't as bad as you might've heard. I actually use it, and it doesn't hurt or cut my hand. It might if you constantly press it into your hand, but would people really do that just to trash the S24U's design?","Anonymous, 09 Apr 2026I really love the design of this phone. Rectangular, sharp edges. Though I do not know how...moreHonestly, the S24U's corner edge is not as bad as you might have heard. I actually use it, and it does not hurt or cut my hand. It might if you constantly press it into your hand, but would people really do that just to trash the S24U's design?",68,Positive,0.8468,anonymous apr really love design phone rectangular sharp edge though not know howmorehonestly sus corner edge not bad might heard actually use not hurt cut hand might constantly press hand but would people really trash sus design,2
https://www.gsmarena.com/apple_iphone_se_(2022)-reviews-11410,SERIOUSBLACK47,29 Jan 2024,0,"Anonymous, 29 Jan 2024iPhone SE:
When you can actually reach all four corners of the display while holding it with ...moreI still can’t reach all four corners","Anonymous, 29 Jan 2024iPhone SE: When you can actually reach all four corners of the display while holding it with ...moreI still cannot reach all four corners",27,Positive,0.0516,anonymous jan iphone se actually reach four corner display holding morei still not reach four corner,2
https://www.gsmarena.com/apple_iphone_15_pro_max-reviews-12548,Anonymous,12 Jul 2024,0,[deleted post]But their technologies still under the based of road in processing. even the american still need the automation from japan futuristic advance right.,[deleted post]But their technologies still under the based of road in processing. even the american still need the automation from japan futuristic advance right.,24,Neutral,0.0,deleted postbut technology still based road processing even american still need automation japan futuristic advance right,1
https://www.gsmarena.com/samsung_galaxy_a54-reviews-12070,s35ym.,16 Oct 2024,0,"Molly, 16 Oct 2024After September security patch battery drain fast and phone heats up quickly...i hope they fix...moreDo 2 or 3 charge and 2 or 3 discharge cycles. Slow charge at 15% and unplug at 98%.","Molly, 16 Oct 2024After September security patch battery drain fast and phone heats up quickly...i hope they fix...moreDo 2 or 3 charge and 2 or 3 discharge cycles. Slow charge at 15% and unplug at 98%.",36,Positive,0.6486,molly oct september security patch battery drain fast phone heat quicklyi hope fixmoredo charge discharge cycle slow charge unplug,2
https://www.gsmarena.com/samsung_galaxy_a54-reviews-12070,Anonymous,10 Feb 2026,0,nice phone. alright for its price but it is very hot,nice phone. alright for its price but it is very hot,11,Positive,0.34,nice phone alright price but hot,2
https://www.gsmarena.com/realme_c55-reviews-12159,Anonymous,28 Oct 2024,0,"Excellent phone. Great reliability, good battery life even with gaming. It is not very laggy, and it is mindblowing how durable it is. You could drop it from a skyscraper without it stopping working","Excellent phone. Great reliability, good battery life even with gaming. It is not very laggy, and it is mindblowing how durable it is. You could drop it from a skyscraper without it stopping working",34,Positive,0.8763,excellent phone great reliability good battery life even gaming not laggy mindblowing durable could drop skyscraper without stopping working,2
https://www.gsmarena.com/samsung_galaxy_a54-reviews-12070,Ultima 9,19 Aug 2024,0,"Anonymous, 19 Aug 2024I meant to write try playing or watching youtube with the air conditioner off, no fan.bro should i turn off my ceiling fan to sweat and use my phone then lol?i told u that my country has hot and humid weather right now and i am not using ac because ceiling fan is enough for now but if i turn the fan off i will sweat for surein winter when it is 18-20 degree celsius  in my country then playing pubg mobile does not let the phone exceed 36-37 degrees when it is 10-15 degree celsius then it does not exceed 36 degrees (ofc i dont use fan or ac in winter)it doesnt even reach more than 39 degrees when i am using it under the hot sun with full brightness and 5g mobile data on doing regular tasks","Anonymous, 19 Aug 2024I meant to write try playing or watching youtube with the air conditioner off, no fan.bro should i turn off my ceiling fan to sweat and use my phone then lol?i told you that my country has hot and humid weather right now and i am not using ac because ceiling fan is enough for now but if i turn the fan off i will sweat for surein winter when it is 18-20 degree celsius in my country then playing pubg mobile does not let the phone exceed 36-37 degrees when it is 10-15 degree celsius then it does not exceed 36 degrees (of course i do not use fan or ac in winter)it does not even reach more than 39 degrees when i am using it under the hot sun with full brightness and 5g mobile data on doing regular tasks",145,Positive,0.9098,anonymous aug meant write try playing watching youtube air conditioner no fanbro turn ceiling fan sweat use phone loli told country hot humid weather right not using ac ceiling fan enough but turn fan sweat surein winter degree celsius country playing pubg mobile not let phone exceed degree degree celsius not exceed degree course not use fan ac winterit not even reach degree using hot sun full brightness mobile data regular task,2
https://www.gsmarena.com/samsung_galaxy_s24_ultra-reviews-12771,Sam799,28 May 2026,0,"SteveUk, 28 May 2026An annoying thing I've noticed since the (8.5) update... if you use AI to erase/alter con...moreYes!! I also had the same irritating issue which was not there before the 8.5 update 🥹","SteveUk, 28 May 2026An annoying thing I have noticed since the (8.5) update... if you use AI to erase/alter con...moreYes!! I also had the same irritating issue which was not there before the 8.5 update",35,Negative,-0.7418,steveuk may annoying thing noticed since update use ai erasealter conmoreyes also irritating issue not update,0
https://www.gsmarena.com/apple_iphone_15_pro_max-reviews-12548,Cjkitty2010,14 Nov 2024,0,"Anonymous, 13 Nov 2024the 14 series is trash get the 15 pro max15 pro max can back shatter and become fire hot","Anonymous, 13 Nov 2024the 14 series is trash get the 15 pro max15 pro max can back shatter and become fire hot",22,Negative,-0.34,anonymous nov series trash get pro max pro max back shatter become fire hot,0
https://www.gsmarena.com/apple_iphone_se_(2022)-reviews-11410,Anonymous,07 Oct 2025,0,"Moon, 05 Oct 2025After updating to iOS 17, the screen started to cause rapid eye fatigue, and this is more noti...moreWhat did you except with upgrading to iOS 26 on a budget iphone with very small battery? Of course it will lag a lot and destroy it's battery life","Moon, 05 Oct 2025After updating to iOS 17, the screen started to cause rapid eye fatigue, and this is more noti...moreWhat did you except with upgrading to iOS 26 on a budget iphone with very small battery? Of course it will lag a lot and destroy it is battery life",50,Negative,-0.7845,moon oct updating io screen started cause rapid eye fatigue notimorewhat except upgrading io budget iphone small battery course lag lot destroy battery life,0
https://www.gsmarena.com/xiaomi_redmi_note_13_pro-reviews-12581,Anonymous,17 Dec 2024,0,"ashrobb, 17 Dec 2024That has been the eternal struggle for Xiaomi phones: software. The offer good hardware for th...moreWhat brand(s) do you think offers the best balance between good hardware for the price and a good software experience?","ashrobb, 17 Dec 2024That has been the eternal struggle for Xiaomi phones: software. The offer good hardware for th...moreWhat brand(s) do you think offers the best balance between good hardware for the price and a good software experience?",38,Positive,0.891,ashrobb dec eternal struggle xiaomi phone software offer good hardware thmorewhat brand think offer best balance good hardware price good software experience,2
https://www.gsmarena.com/samsung_galaxy_s24_ultra-reviews-12771,Anonymous,03 Mar 2026,0,"Maria, 03 Mar 2026Thanks for the heads-up.
I'm just a regular user, and I'm happy with One UI 8. With...moreI can NOT resize or dismiss the notification choices, just like One UI 8.5.","Maria, 03 Mar 2026Thanks for the heads-up. I am just a regular user, and I am happy with One UI 8. With...moreI can NOT resize or dismiss the notification choices, just like One UI 8.5.",35,Positive,0.7351,maria mar thanks headsup regular user happy one ui withmorei not resize dismiss notification choice like one ui,2
https://www.gsmarena.com/samsung_galaxy_s24_ultra-reviews-12771,Anonymous,15 May 2026,0,"Maggs, 14 May 2026https://youtu.be/8vXfIfRqGBc?si=vfv8PJBdNe8E5mwN

This will tell you everything update 8.5 u...moreThanks for info. I am bit sad as I can delete the unwanted items on the quick panel with OneUI 8.5. That only one feature I want OneUI 8.5, and I want the same original features as the S24U has for other features.","Maggs, 14 May 2026 This will tell you everything update 8.5 you...moreThanks for info. I am bit sad as I can delete the unwanted items on the quick panel with OneUI 8.5. That only one feature I want OneUI 8.5, and I want the same original features as the S24U has for other features.",54,Negative,-0.2732,maggs may tell everything update youmorethanks info bit sad delete unwanted item quick panel oneui one feature want oneui want original feature su feature,0
https://www.gsmarena.com/xiaomi_redmi_note_13_pro-reviews-12581,PureViewer4t1,21 Nov 2024,0,"Ruly, 20 Nov 2024I think you can address these complaints to Xiaomi service center if one available near you. I...moreI guess I'm being a little hypercritical here. Most of these things are minor setbacks and can be lived with.As for service centres, I live in a country where no manufacturer has official offices. Also I've tried clearing data but it does nothing.I hope they address these problems in futher updates.","Ruly, 20 Nov 2024I think you can address these complaints to Xiaomi service center if one available near you. I...moreI guess I am being a little hypercritical here. Most of these things are minor setbacks and can be lived with.As for service centres, I live in a country where no manufacturer has official offices. Also I have tried clearing data but it does nothing.I hope they address these problems in futher updates.",72,Negative,-0.2846,ruly nov think address complaint xiaomi service center one available near imorei guess little hypercritical thing minor setback lived withas service centre live country no manufacturer official office also tried clearing data but nothingi hope address problem futher update,0
https://www.gsmarena.com/realme_c55-reviews-12159,Anonymous,08 Mar 2023,0,"AldiSaja, 07 Mar 2023What storage type is the phone using? UFS 2.1 or eMMC 5.1?Emmc 5..1","AldiSaja, 07 Mar 2023What storage type is the phone using? UFS 2.1 or eMMC 5.1?Emmc 5..1",16,Neutral,0.0,aldisaja mar storage type phone using ufs emmc emmc,1
https://www.gsmarena.com/samsung_galaxy_s24_ultra-reviews-12771,Anonymous,13 Jul 2026,0,What is the On screen time of S24 ultra.Especially Battery backup.,What is the On screen time of S24 ultra.Especially Battery backup.,11,Neutral,0.0,screen time ultraespecially battery backup,1
https://www.gsmarena.com/samsung_galaxy_a54-reviews-12070,Anonymous,28 Sep 2024,0,"I hope the battery will last a long time,It's just too hot !","I hope the battery will last a long time,It is just too hot !",14,Positive,0.4926,hope battery last long timeit hot,2
https://www.gsmarena.com/realme_c55-reviews-12159,Sportivo Crosswind,18 Mar 2024,0,Realme should create more quality and high performing budget phones..,Realme should create more quality and high performing budget phones..,10,Positive,0.2732,realme create quality high performing budget phone,2
https://www.gsmarena.com/samsung_galaxy_s24_ultra-reviews-12771,Anonymous,31 Jul 2026,0,"Anonymous, 28 Jul 2026Anybody using a official Samsung case for this phone and if so, which one and how is the quality?I've got three cases: a standing grip, a silicone, and a vegan leather one. Here's what I think about them, in no particular order:I really like the standing grip case because I don't have to worry about putting my S24 on the table. The grip also helps me hold my S24U more securely and eases my hand a bit. This case is the heaviest, so I don't use it every day; just when I'm traveling.I use the silicone case daily; mine's lime-colored. It's soft to the touch, but also hard on the inside.I hardly ever use the vegan leather one because of the silicone case, LOL. This one's the prettiest and lightest compared to the others, and more formal.The best part is that they all fit the phone perfectly. No looseness, no cracking sounds. They're all hard cases on the inside, no matter the type. Mine might not be the super tough kind, but personally, I don't like those because they're so heavy and bulky. So, I think the original ones are a perfect choice, even if they're pricey.","Anonymous, 28 Jul 2026Anybody using a official Samsung case for this phone and if so, which one and how is the quality?I have got three cases: a standing grip, a silicone, and a vegan leather one. Here is what I think about them, in no particular order:I really like the standing grip case because I do not have to worry about putting my S24 on the table. The grip also helps me hold my S24U more securely and eases my hand a bit. This case is the heaviest, so I do not use it every day; just when I am traveling.I use the silicone case daily; mine's lime-colored. It is soft to the touch, but also hard on the inside.I hardly ever use the vegan leather one because of the silicone case, LOL. This one's the prettiest and lightest compared to the others, and more formal.The best part is that they all fit the phone perfectly. No looseness, no cracking sounds. They are all hard cases on the inside, no matter the type. Mine might not be the super tough kind, but personally, I do not like those because they are so heavy and bulky. So, I think the original ones are a perfect choice, even if they are pricey.",210,Positive,0.9898,anonymous jul anybody using official samsung case phone one qualityi got three case standing grip silicone vegan leather one think no particular orderi really like standing grip case not worry putting table grip also help hold su securely eas hand bit case heaviest not use every day travelingi use silicone case daily mine limecolored soft touch but also hard insidei hardly ever use vegan leather one silicone case lol one prettiest lightest compared others formalthe best part fit phone perfectly no looseness no cracking sound hard case inside no matter type mine might not super tough kind but personally not like heavy bulky think original one perfect choice even pricey,2
https://www.gsmarena.com/apple_iphone_se_(2022)-reviews-11410,Anonymous,15 Dec 2023,0,"Cheez-borger, 15 Dec 2023This phone or the iphone 13??You can get which size/design you prefer","Cheez-borger, 15 Dec 2023This phone or the iphone 13??You can get which size/design you prefer",15,Neutral,0.0,cheezborger dec phone iphone get sizedesign prefer,1
https://www.gsmarena.com/xiaomi_redmi_note_13_pro-reviews-12581,Anonymous,18 Aug 2026,0,"urban19, 09 Aug 20262 years later experience: HyperOS 3 slowed down the device significantly, with frequent lag sp...moreI’m using a Redmi Note 12 Pro 5G with the Dimensity 1080, running Hyper OS 2.0 on Android 14. Even now, the phone feels smooth and fluid in everyday use. I think Hyper OS 3.0 with Android 16 may be heavier and more demanding, which could be one reason why the Redmi Note 13 Pro 5G is experiencing lag and becoming slower. In my experience, Hyper OS 2.0 with Android 14 feels lighter, more optimized, and more fluid.Another factor could be the chip manufacturing process. The Dimensity 1080 is manufactured by TSMC, while the Snapdragon 7s Gen 2 is manufactured by Samsung Foundry. This difference in manufacturing process could also contribute to differences in efficiency, thermals, and overall performance.","urban19, 09 Aug 20262 years later experience: HyperOS 3 slowed down the device significantly, with frequent lag sp...moreIm using a Redmi Note 12 Pro 5G with the Dimensity 1080, running Hyper OS 2.0 on Android 14. Even now, the phone feels smooth and fluid in everyday use. I think Hyper OS 3.0 with Android 16 may be heavier and more demanding, which could be one reason why the Redmi Note 13 Pro 5G is experiencing lag and becoming slower. In my experience, Hyper OS 2.0 with Android 14 feels lighter, more optimized, and more fluid.Another factor could be the chip manufacturing process. The Dimensity 1080 is manufactured by TSMC, while the Snapdragon 7s Gen 2 is manufactured by Samsung Foundry. This difference in manufacturing process could also contribute to differences in efficiency, thermals, and overall performance.",136,Negative,-0.0516,urban aug year later experience hyperos slowed device significantly frequent lag spmoreim using redmi note pro dimensity running hyper o android even phone feel smooth fluid everyday use think hyper o android may heavier demanding could one reason redmi note pro experiencing lag becoming slower experience hyper o android feel lighter optimized fluidanother factor could chip manufacturing process dimensity manufactured tsmc snapdragon gen manufactured samsung foundry difference manufacturing process could also contribute difference efficiency thermal overall performance,0
https://www.gsmarena.com/samsung_galaxy_a54-reviews-12070,BillAnt,28 Apr 2026,0,"Been rockin' my A54 since 2023, no issues at all even with the latest software update.  I always flash it with the XAA non-customized software using Odin with the non-""home"" CSC to keep all my data.  Love its compact size (6.4""), and SDcard slot, a great overall phone.  I might pick up a second one as a backup since the latest ""A"" series no longer have an SDcard slot, so dumb taking it away, you pay more and get less. smh","Been rockin' my A54 since 2023, no issues at all even with the latest software update. I always flash it with the XAA non-customized software using Odin with the non-""home"" CSC to keep all my data. Love its compact size (6.4""), and SDcard slot, a great overall phone. I might pick up a second one as a backup since the latest ""A"" series no longer have an SDcard slot, so dumb taking it away, you pay more and get less. smh",81,Negative,-0.1897,rockin since no issue even latest software update always flash xaa noncustomized software using odin nonhome csc keep data love compact size sdcard slot great overall phone might pick second one backup since latest series no longer sdcard slot dumb taking away pay get less smh,0
https://www.gsmarena.com/realme_c55-reviews-12159,Anonymous,10 Apr 2023,0,okay...this review is confusing me...I just want a good phone to use...now bfrr..is it bad or not..okay for example... I'm playing pubg or mlbb...will this phone lag or not? or maybe struggle with anything..okay as for the camera...I just want a camera that can take decent pictures...bad or not??..!,okay...this review is confusing me...I just want a good phone to use...now bfrr..is it bad or not..okay for example... I am playing pubg or mlbb...will this phone lag or not? or maybe struggle with anything..okay as for the camera...I just want a camera that can take decent pictures...bad or not??..!,50,Negative,-0.3335,okaythis review confusing mei want good phone usenow bfrris bad notokay example playing pubg mlbbwill phone lag not maybe struggle anythingokay camerai want camera take decent picturesbad not,0
https://www.gsmarena.com/apple_iphone_se_(2022)-reviews-11410,Anonymous,09 Jul 2023,0,i can't stop laughing xD this is the biggest absurdity of a smartphone in the world history . apple is funny xD,i cannot stop laughing xD this is the biggest absurdity of a smartphone in the world history . apple is funny xD,22,Negative,-0.6103,not stop laughing xd biggest absurdity smartphone world history apple funny xd,0
https://www.gsmarena.com/samsung_galaxy_s24_ultra-reviews-12771,Anonymous,09 Jan 2026,0,"Maria, 08 Jan 2026Can you use Galaxy AI for editing pics/photos? You have to update the software, which means yo...moreStay on 6.1 as long as you can. Samsung are beginning to look like apple phones.","Maria, 08 Jan 2026Can you use Galaxy AI for editing pics/photos? You have to update the software, which means yo...moreStay on 6.1 as long as you can. Samsung are beginning to look like apple phones.",35,Positive,0.3612,maria jan use galaxy ai editing picsphotos update software mean yomorestay long samsung beginning look like apple phone,2
https://www.gsmarena.com/xiaomi_redmi_note_13_pro-reviews-12581,Anonymous,02 Apr 2025,0,"I recently bought this phone, it's performing well but I am not able to upgrade to hyper OS 2, or Android version 15 neither have I received a notification for the update","I recently bought this phone, it is performing well but I am not able to upgrade to hyper OS 2, or Android version 15 neither have I received a notification for the update",33,Positive,0.1406,recently bought phone performing well but not able upgrade hyper o android version neither received notification update,2
https://www.gsmarena.com/apple_iphone_15_pro_max-reviews-12548,Anonymous,22 Apr 2024,0,"Chance, 21 Apr 2024Mine its ios 16.5.1 is that orignal uk versionI purchased mine from the Apple store at Lakeside, Essex UK on 23-02-2024 and it is now on iOS 17.4.1","Chance, 21 Apr 2024Mine its ios 16.5.1 is that orignal uk versionI purchased mine from the Apple store at Lakeside, Essex UK on 23-02-2024 and it is now on iOS 17.4.1",31,Positive,0.25,chance apr mine io orignal uk versioni purchased mine apple store lakeside essex uk io,2
https://www.gsmarena.com/apple_iphone_se_(2022)-reviews-11410,Anonymous,09 Jan 2024,0,"Fwench fwy, 09 Jan 2024Should I buy this or the 13 mini??Go for 13 mini .. se is a garbage phone.. and android is better and better if you want to save yourself","Fwench fwy, 09 Jan 2024Should I buy this or the 13 mini??Go for 13 mini .. se is a garbage phone.. and android is better and better if you want to save yourself",33,Positive,0.8645,fwench fwy jan buy minigo mini se garbage phone android better better want save,2
https://www.gsmarena.com/samsung_galaxy_a54-reviews-12070,Anonymous,20 Jan 2025,0,"Ben, 07 Jan 2025Which country are you?Now A54 received Security Patch from 1 January 2025 in this morning variant EUX A546B","Ben, 07 Jan 2025Which country are you?Now A54 received Security Patch from 1 January 2025 in this morning variant EUX A546B",21,Positive,0.34,ben jan country younow received security patch january morning variant eux ab,2
https://www.gsmarena.com/xiaomi_redmi_note_13_pro-reviews-12581,Eric20,10 Jan 2025,0,"Trymore C, 03 Jan 2025I love everything on this phone except the battery life.I don't play games or run heavy a...moreIf you are charging 3 times per day, how many hours do you use the phone?Is your battery defective?","Trymore C, 03 Jan 2025I love everything on this phone except the battery life.I do not play games or run heavy a...moreIf you are charging 3 times per day, how many hours do you use the phone?Is your battery defective?",40,Positive,0.1591,trymore jan love everything phone except battery lifei not play game run heavy amoreif charging time per day many hour use phoneis battery defective,2
https://www.gsmarena.com/realme_c55-reviews-12159,Anonymous,08 Sep 2023,0,"akaAnas, 10 Aug 2023LoL you want a performance phone just buy a gaming phone then... This phone actually better th...moreTrue I bought mine yesterday and I love it","akaAnas, 10 Aug 2023LoL you want a performance phone just buy a gaming phone then... This phone actually better th...moreTrue I bought mine yesterday and I love it",28,Positive,0.8126,akaanas aug lol want performance phone buy gaming phone phone actually better thmoretrue bought mine yesterday love,2
https://www.gsmarena.com/samsung_galaxy_a54-reviews-12070,Anonymous,13 Mar 2025,0,"Absolute rubbish.After one year of use, the port began to misbehave. The phone is almost impossible to charge, because the screen states ""moisture present in usb port"".I have followed all tutorials, and the problem is not solved.Tech service says that usb port is broken.AVOID THIS SHITPHONE","Absolute rubbish.After one year of use, the port began to misbehave. The phone is almost impossible to charge, because the screen states ""moisture present in usb port"".I have followed all tutorials, and the problem is not solved.Tech service says that usb port is broken.AVOID THIS SHITPHONE",46,Negative,-0.6808,absolute rubbishafter one year use port began misbehave phone almost impossible charge screen state moisture present usb porti followed tutorial problem not solvedtech service say usb port brokenavoid shitphone,0
https://www.gsmarena.com/samsung_galaxy_a54-reviews-12070,Anonymous,12 Aug 2025,0,I'm in south africa and According to gsmarena.com it looks like samsung galaxy A54 5G has an esim but I can't find any options to activate it.Please advice,I am in south africa and According to gsmarena.com it looks like samsung galaxy A54 5G has an esim but I cannot find any options to activate it.Please advice,29,Positive,0.1901,south africa according gsmarenacom look like samsung galaxy esim but not find option activate itplease advice,2
https://www.gsmarena.com/xiaomi_redmi_note_13_pro-reviews-12581,Anonymous,04 Apr 2025,0,"Anonymous, 22 Mar 2025This phone is overall perfect except for the camera it,s camera is terrible but other than tha...moreThe camera is the best thing ngl","Anonymous, 22 Mar 2025This phone is overall perfect except for the camera it,s camera is terrible but other than tha...moreThe camera is the best thing ngl",26,Positive,0.7964,anonymous mar phone overall perfect except camera camera terrible but thamorethe camera best thing ngl,2
https://www.gsmarena.com/samsung_galaxy_s24_ultra-reviews-12771,Anonymous,21 Jul 2026,0,"Aadrian, 20 Jul 2026The July patch is here for the S24 Ultra: 486MB in size.I also received july update it today.","Aadrian, 20 Jul 2026The July patch is here for the S24 Ultra: 486MB in size.I also received july update it today.",21,Neutral,0.0,aadrian jul july patch ultra mb sizei also received july update today,1
https://www.gsmarena.com/samsung_galaxy_s24_ultra-reviews-12771,Sam799,02 Jun 2026,0,"Maria, 02 Jun 2026A flat screen isn't just for the S24U; maybe you mean a full boxy display.I said flat screen because I was using the S22 Ultra before which was also boxy but with a curved screen.","Maria, 02 Jun 2026A flat screen is not just for the S24U; maybe you mean a full boxy display.I said flat screen because I was using the S22 Ultra before which was also boxy but with a curved screen.",39,Neutral,0.0,maria jun flat screen not su maybe mean full boxy displayi said flat screen using ultra also boxy but curved screen,1
https://www.gsmarena.com/samsung_galaxy_s24_ultra-reviews-12771,Anonymous,31 Jan 2026,0,"Devlet, 31 Jan 2026I'm wondering if should i get 2nd hand of S24U 1TB for like 160k yen or wait for 2nd hand...moreIt's up to you, now there's a big difference between the two, S24 Ultra's S-Pen is Bluetooth connected and you can do more things with it now in the case of S25 Ultra Samsung removed the air gestures as well as the Bluetooth connection, now if you're not a big S-Pen User but you want the latest then go for S25 Ultra. I my opinion I do like S24 Ultra because of the boxy look and Spen functions that S25 don't have. But as I said in the beginning it's your choice and what you like.","Devlet, 31 Jan 2026I'm wondering if should i get 2nd hand of S24U 1TB for like 160k yen or wait for 2nd hand...moreIt's up to you, now there is a big difference between the two, S24 Ultra's S-Pen is Bluetooth connected and you can do more things with it now in the case of S25 Ultra Samsung removed the air gestures as well as the Bluetooth connection, now if you are not a big S-Pen User but you want the latest then go for S25 Ultra. I my opinion I do like S24 Ultra because of the boxy look and Spen functions that S25 do not have. But as I said in the beginning it is your choice and what you like.",122,Positive,0.8847,devlet jan im wondering get nd hand su tb like yen wait nd handmoreits big difference two ultras spen bluetooth connected thing case ultra samsung removed air gesture well bluetooth connection not big spen user but want latest go ultra opinion like ultra boxy look spen function not but said beginning choice like,2
https://www.gsmarena.com/samsung_galaxy_a54-reviews-12070,qwerty67,15 Dec 2025,0,My dad wants to buy this phone is it a good phone?,My dad wants to buy this phone is it a good phone?,12,Positive,0.4404,dad want buy phone good phone,2
https://www.gsmarena.com/apple_iphone_15_pro_max-reviews-12548,Lamusiqa,24 Sep 2025,0,"iPhone 15 Pro Max user here. Upgraded to iOS 26 for almost a week now and everything still runs fine. The new aesthetic is a nice change. Other than the camera features, the firmware upgrade makes the phone feel like iPhone 17 Pro (just got a 17PM for my mom so I used that for my comparison).","iPhone 15 Pro Max user here. Upgraded to iOS 26 for almost a week now and everything still runs fine. The new aesthetic is a nice change. Other than the camera features, the firmware upgrade makes the phone feel like iPhone 17 Pro (just got a 17PM for my mom so I used that for my comparison).",57,Positive,0.7269,iphone pro max user upgraded io almost week everything still run fine new aesthetic nice change camera feature firmware upgrade make phone feel like iphone pro got pm mom used comparison,2
https://www.gsmarena.com/realme_c55-reviews-12159,Anonymous,26 Jun 2023,0,Anyone play codm(call of duty mobile)  use this phone? It's it good and smooth?,Anyone play codm(call of duty mobile) use this phone? It is it good and smooth?,15,Positive,0.6868,anyone play codmcall duty mobile use phone good smooth,2
https://www.gsmarena.com/apple_iphone_15_pro_max-reviews-12548,Anonymous,09 Mar 2025,0,"Bval, 04 Mar 2025Gsmarena in the past you have wrote iphones have TOF 3D for biometric now you change it in SL ...moreThere is a disclaimer. Kindly read it","Bval, 04 Mar 2025Gsmarena in the past you have wrote iphones have TOF 3D for biometric now you change it in SL ...moreThere is a disclaimer. Kindly read it",29,Positive,0.4939,bval mar gsmarena past wrote iphones tof biometric change sl morethere disclaimer kindly read,2
https://www.gsmarena.com/xiaomi_redmi_note_13_pro-reviews-12581,Anonymous,05 Feb 2026,0,"uranium star, 04 Feb 2026has anyone got the os 3 version or not yet? i read somewhere that the update was coming at a m...moreMy Redmi Note 13 pro + received Hyperos 3 about 2 weeks ago.I'm still waiting for the update on my partner's Redmi Note 13 pro. I'm expecting it anytime now. Should be before the end of February. (All European rom's BTW)","uranium star, 04 Feb 2026has anyone got the os 3 version or not yet? i read somewhere that the update was coming at a m...moreMy Redmi Note 13 pro + received Hyperos 3 about 2 weeks ago.I am still waiting for the update on my partner's Redmi Note 13 pro. I am expecting it anytime now. Should be before the end of February. (All European rom's BY THE WAY)",69,Neutral,0.0,uranium star feb anyone got o version not yet read somewhere update coming mmoremy redmi note pro received hyperos week agoi still waiting update partner redmi note pro expecting anytime end february european rom way,1
https://www.gsmarena.com/samsung_galaxy_a54-reviews-12070,Anonymous,10 Dec 2024,0,"Ferd, 03 Dec 2024Galaxy A54 or redmi note 12 pro 5g?Yes","Ferd, 03 Dec 2024Galaxy A54 or redmi note 12 pro 5g?Yes",11,Neutral,0.0,ferd dec galaxy redmi note pro gyes,1
https://www.gsmarena.com/samsung_galaxy_a54-reviews-12070,Anonymous,12 Nov 2024,0,"asking, 11 Nov 2024anyone encountered ""sim 1 not allowed"" problem here? i hope i can find a fix herwwe have 4 of this A54 in my family & there isn't any same issue, all works fine","asking, 11 Nov 2024anyone encountered ""sim 1 not allowed"" problem here? i hope i can find a fix herwwe have 4 of this A54 in my family & there is not any same issue, all works fine",37,Positive,0.7147,asking nov anyone encountered sim not allowed problem hope find fix herwwe family not issue work fine,2
https://www.gsmarena.com/xiaomi_redmi_note_13_pro-reviews-12581,Anonymous,24 Dec 2024,0,"ashrobb, 21 Dec 2024I haven't tried them honestly, only Motorola, Samsung and Xiaomi so I can speak about the...moreRegarding software development I think IOS is better than OneUI. Then OneUI is better than HyperOS. This is how we commonly judge them. But the pattern is clear, the weaker OS (per common judging) the cheaper the price of the unit. Even there is more which comes from Infinix and Itel. We must not easy to forget, that there are also external issues such as apps, virus, malware, etc that comes silently without an invitation of course. Then there is medication for this sick that comes thru an update. People will also try hard reset to overcome the issues. I think this is the end of my sharing opinion this time and hopefully these helps.","ashrobb, 21 Dec 2024I have not tried them honestly, only Motorola, Samsung and Xiaomi so I can speak about the...moreRegarding software development I think IOS is better than OneUI. Then OneUI is better than HyperOS. This is how we commonly judge them. But the pattern is clear, the weaker OS (per common judging) the cheaper the price of the unit. Even there is more which comes from Infinix and Itel. We must not easy to forget, that there are also external issues such as apps, virus, malware, etc that comes silently without an invitation of course. Then there is medication for this sick that comes thru an update. People will also try hard reset to overcome the issues. I think this is the end of my sharing opinion this time and hopefully these helps.",134,Positive,0.5167,ashrobb dec not tried honestly motorola samsung xiaomi speak themoreregarding software development think io better oneui oneui better hyperos commonly judge but pattern clear weaker o per common judging cheaper price unit even come infinix itel must not easy forget also external issue apps virus malware etc come silently without invitation course medication sick come thru update people also try hard reset overcome issue think end sharing opinion time hopefully help,2
https://www.gsmarena.com/samsung_galaxy_s24_ultra-reviews-12771,KingD,18 Aug 2026,0,"GroovyStarlight, 31 Jul 2026I've been reading that the July security update is draining battery fast. Is that true? I...moreNot at all sir. My battery life is excellent with the update.","GroovyStarlight, 31 Jul 2026I've been reading that the July security update is draining battery fast. Is that true? I...moreNot at all sir. My battery life is excellent with the update.",30,Positive,0.836,groovystarlight jul ive reading july security update draining battery fast true imorenot sir battery life excellent update,2
https://www.gsmarena.com/apple_iphone_se_(2022)-reviews-11410,Anonymous,29 Jul 2023,0,"Anonymous, 11 Jul 2023The last good iPhone. When the next se no longer has a home button+touch id, it's over.True","Anonymous, 11 Jul 2023The last good iPhone. When the next se no longer has a home button+touch id, it is over.True",21,Positive,0.1779,anonymous jul last good iphone next se no longer home buttontouch id overtrue,2
https://www.gsmarena.com/apple_iphone_15_pro_max-reviews-12548,Anonymous,21 Jun 2024,0,"Anonymous, 18 Jun 202415w wireless charging? what is this 2018?Max 27.5 on mine so that QI on the spec sheet","Anonymous, 18 Jun 202415w wireless charging? what is this 2018?Max 27.5 on mine so that QI on the spec sheet",20,Neutral,0.0,anonymous jun wireless charging max mine qi spec sheet,1
https://www.gsmarena.com/apple_iphone_se_(2022)-reviews-11410,Anonymous,14 Jul 2026,0,"edwin01, 21 Jun 2026I would pay a thousand bucks to get another one of those with the latest chip, a home button w...moreNot wise decision bro,.. Way too small for today needs!! Iphone x w/ dynamic island and LATEST tech is what exactly we want?!Still fit on hand.. Pocket.. Inside ur pocket as well(money)!!And YES I agree to pay thousand bucks for it..I just bought few months iphone SE 3 and get brand new from singapore... I'm proud with.","edwin01, 21 Jun 2026I would pay a thousand bucks to get another one of those with the latest chip, a home button w...moreNot wise decision bro,.. Way too small for today needs!! Iphone x w/ dynamic island and LATEST tech is what exactly we want?!Still fit on hand.. Pocket.. Inside you are pocket as well(money)!!And YES I agree to pay thousand bucks for it..I just bought few months iphone SE 3 and get brand new from singapore... I am proud with.",81,Positive,0.9485,edwin jun would pay thousand buck get another one latest chip home button wmorenot wise decision bro way small today need iphone dynamic island latest tech exactly wantstill fit hand pocket inside pocket wellmoneyand yes agree pay thousand buck iti bought month iphone se get brand new singapore proud,2
https://www.gsmarena.com/apple_iphone_se_(2022)-reviews-11410,Anonymous,08 Oct 2024,0,"Michael McCarthy, 07 Oct 2024I’m not old and I wouldn’t say I need Touch ID I’ve just always had the home button so I guess...moreThe problem is that you are artifically limited by Apple without any reason, like why you can't have both Touch ID and Face ID on iPhones? Literally ANY Android phone has that","Michael McCarthy, 07 Oct 2024Im not old and I would not say I need Touch ID I Have just always had the home button so I guess...moreThe problem is that you are artifically limited by Apple without any reason, like why you cannot have both Touch ID and Face ID on iPhones? Literally ANY Android phone has that",58,Negative,-0.7174,michael mccarthy oct im not old would not say need touch id always home button guessmorethe problem artifically limited apple without reason like not touch id face id iphones literally android phone,0
https://www.gsmarena.com/apple_iphone_15_pro_max-reviews-12548,olicruz30,09 Jun 2024,0,"Victor Sol, 24 Mar 2024Looks like apple has nothing new to offer, No 8k video recording, 2000 nits screen brightness,...moreyes, we all know that iPhones don't have that 8k video recording..now, let's also add that 200 MP camera..now, if i were to sell my 15 PM and then go with an S24U, will that immediately make me wanna take videos for the rest of my life and also start taking photos to a point that i will resign from my work as a BPO rep and then just take 8k videos and 200 MP photos all day long???i don't think that i ever wanna quit my current job that helps me in purchasing the gadgets and PC parts that i look forward into getting in the future and such.so how's your life now as a videographer and someone who takes photos just for the heck of it..i imagine that you are no longer working at all and just taking videos and photos all day, every day, every dang day..wait..so you're not a video grapher nor someone who just takes photos all day longthen why boast the 8k video recording of the S24U even when it seems that not ALL smart phone users dig into that video recording thing with their teeh and nails just to make a video even if is it the lowest quality of video camera from a smart phone","Victor Sol, 24 Mar 2024Looks like apple has nothing new to offer, No 8k video recording, 2000 nits screen brightness,...moreyes, we all know that iPhones do not have that 8k video recording..now, let us also add that 200 MP camera..now, if i were to sell my 15 PM and then go with an S24U, will that immediately make me want to take videos for the rest of my life and also start taking photos to a point that i will resign from my work as a BPO rep and then just take 8k videos and 200 MP photos all day long???i do not think that i ever want to quit my current job that helps me in purchasing the gadgets and PC parts that i look forward into getting in the future and such.so how is your life now as a videographer and someone who takes photos just for the heck of it..i imagine that you are no longer working at all and just taking videos and photos all day, every day, every dang day..wait..so you are not a video grapher nor someone who just takes photos all day longthen why boast the 8k video recording of the S24U even when it seems that not ALL smart phone users dig into that video recording thing with their teeh and nails just to make a video even if is it the lowest quality of video camera from a smart phone",239,Negative,-0.7754,victor sol mar look like apple nothing new offer no video recording nit screen brightnessmoreyes know iphones not video recordingnow let u also add mp cameranow sell pm go su immediately make want take video rest life also start taking photo point resign work bpo rep take video mp photo day longi not think ever want quit current job help purchasing gadget pc part look forward getting future suchso life videographer someone take photo heck iti imagine no longer working taking video photo day every day every dang daywaitso not video grapher nor someone take photo day longthen boast video recording su even seems not smart phone user dig video recording thing teeh nail make video even lowest quality video camera smart phone,0
https://www.gsmarena.com/samsung_galaxy_a54-reviews-12070,Anonymous,18 Aug 2024,0,"Ultima 9, 17 Aug 2024careful there your brain will overheat for trying too hard to imagine this phone overheats doi...moreOn r/galaxya54 every Monday and Thursday they complain about this phone, among other things about how hot it gets.","Ultima 9, 17 Aug 2024careful there your brain will overheat for trying too hard to imagine this phone overheats doi...moreOn r/galaxya54 every Monday and Thursday they complain about this phone, among other things about how hot it gets.",38,Negative,-0.4404,ultima aug careful brain overheat trying hard imagine phone overheats doimoreon rgalaxya every monday thursday complain phone among thing hot get,0
https://www.gsmarena.com/xiaomi_redmi_note_13_pro-reviews-12581,Anonymous,25 Apr 2025,0,I recently purchased my redmi note 13 pro but it's communicating in Chinese half of its contents how do go about it on changing languages so that it may fully function in  English,I recently purchased my redmi note 13 pro but it is communicating in Chinese half of its contents how do go about it on changing languages so that it may fully function in English,34,Neutral,0.0,recently purchased redmi note pro but communicating chinese half content go changing language may fully function english,1
https://www.gsmarena.com/apple_iphone_se_(2022)-reviews-11410,Anonymous,23 Oct 2023,0,"Anonymous, 24 Sep 2023I know that we don't share same tastes but seriously how do you consider this phone is &q...moreYou're clearly not the target of this device, this is a pretty decent device for what it is, people who buys it knows the compromises and even likes the form factor","Anonymous, 24 Sep 2023I know that we do not share same tastes but seriously how do you consider this phone is &q...moreYou're clearly not the target of this device, this is a pretty decent device for what it is, people who buys it knows the compromises and even likes the form factor",52,Positive,0.8766,anonymous sep know not share taste but seriously consider phone qmoreyoure clearly not target device pretty decent device people buy know compromise even like form factor,2
https://www.gsmarena.com/samsung_galaxy_s24_ultra-reviews-12771,Anonymous,01 Mar 2026,0,"CamoGeko-XDA, 01 Mar 2026Guys we need to get this amazing phone to 2k upvotes!! It's still the best Ultra phone fr...moreI'm in.","CamoGeko-XDA, 01 Mar 2026Guys we need to get this amazing phone to 2k upvotes!! It is still the best Ultra phone fr...moreI'm in.",23,Positive,0.8829,camogekoxda mar guy need get amazing phone upvotes still best ultra phone frmoreim,2
https://www.gsmarena.com/apple_iphone_se_(2022)-reviews-11410,Anonymous,14 Dec 2023,0,"I transferred from my iPhone 7 to this and I liked that phone. I watch videos, and play games, and it's very nice!","I transferred from my iPhone 7 to this and I liked that phone. I watch videos, and play games, and it is very nice!",24,Positive,0.8217,transferred iphone liked phone watch video play game nice,2
https://www.gsmarena.com/apple_iphone_se_(2022)-reviews-11410,Anonymous,11 Jul 2023,0,"The last good iPhone. When the next se no longer has a home button+touch id, it's over.","The last good iPhone. When the next se no longer has a home button+touch id, it is over.",18,Positive,0.1779,last good iphone next se no longer home buttontouch id,2
https://www.gsmarena.com/apple_iphone_se_(2022)-reviews-11410,Anonymous,27 Aug 2024,0,"I have an iPhone SE (2020), but it's the screen is broken (but I'm not talking about the screen cracked and it didn't work) I'm talking about the screen: I banged it too much, I wish someone would fix it","I have an iPhone SE (2020), but it is the screen is broken (but I am not talking about the screen cracked and it did not work) I am talking about the screen: I banged it too much, I wish someone would fix it",44,Negative,-0.1531,iphone se but screen broken but not talking screen cracked not work talking screen banged much wish someone would fix,0
https://www.gsmarena.com/samsung_galaxy_a54-reviews-12070,ENTER0,24 Aug 2024,0,"A54 user, 22 Aug 2024Where and how Y'all getting overheating.  Jeez, I've had this phone for over 8months...moreYeah overheating on hot weather or during playing high grapic games are common but… never overheats on daily usages really..","A54 user, 22 Aug 2024Where and how You all getting overheating. Jeez, I have had this phone for over 8months...moreYeah overheating on hot weather or during playing high grapic games are common but never overheats on daily usages really..",39,Positive,0.1027,user aug getting overheating jeez phone monthsmoreyeah overheating hot weather playing high grapic game common but never overheats daily usage really,2
https://www.gsmarena.com/apple_iphone_se_(2022)-reviews-11410,Gbrl,20 Jul 2023,0,"SE 2022 with a A15 Bionic chip and can play Genshin impact on high settings is a bargain rn. The only downside is the battery and the camera (if you're into photography). But if you use this phone on a daily basis. its fine but you'll need a power bank for extra measure.I hope in the future, we can get a SE with iphone XR body.","SE 2022 with a A15 Bionic chip and can play Genshin impact on high settings is a bargain right now. The only downside is the battery and the camera (if you are into photography). But if you use this phone on a daily basis. its fine but you will need a power bank for extra measure.I hope in the future, we can get a SE with iphone XR body.",69,Positive,0.7684,se bionic chip play genshin impact high setting bargain right downside battery camera photography but use phone daily basis fine but need power bank extra measurei hope future get se iphone xr body,2
https://www.gsmarena.com/samsung_galaxy_a54-reviews-12070,Anonymous,01 May 2025,0,its a ok phone but i am so glad i have a ipone 14 pro max now,its a ok phone but i am so glad i have a ipone 14 pro max now,17,Positive,0.7845,ok phone but glad ipone pro max,2
https://www.gsmarena.com/samsung_galaxy_a54-reviews-12070,Anonymous,07 Feb 2025,0,"batusay, 13 Dec 2024after update to latest firmware touch screen dont response, reboot factory reset not work at all!Had this same problem. My screen was fake. Please change your screen to original screen and everything will work fine.","batusay, 13 Dec 2024after update to latest firmware touch screen do not response, reboot factory reset not work at all!Had this same problem. My screen was fake. Please change your screen to original screen and everything will work fine.",39,Negative,-0.1759,batusay dec update latest firmware touch screen not response reboot factory reset not work allhad problem screen fake please change screen original screen everything work fine,0
https://www.gsmarena.com/apple_iphone_15_pro_max-reviews-12548,Anonymous,27 Apr 2024,0,"francsal, 27 Apr 2024For any current owners: have you noticed any issues (skipped frames, jerky video, overheating)...moreHaven't had dropped frames, But it does get hot when filming over 5 minutes or so.","francsal, 27 Apr 2024For any current owners: have you noticed any issues (skipped frames, jerky video, overheating)...moreHaven't had dropped frames, But it does get hot when filming over 5 minutes or so.",32,Neutral,0.0,francsal apr current owner noticed issue skipped frame jerky video overheatingmorehavent dropped frame but get hot filming minute,1
https://www.gsmarena.com/xiaomi_redmi_note_13_pro-reviews-12581,Kaynaat,02 Dec 2024,0,OnePlus 12R or this Redmi note 13 pro? please advice!I use my phones for at least 5 years and I play heavy games like pubg for around 3 to 6 hours a day.,OnePlus 12R or this Redmi note 13 pro? please advice!I use my phones for at least 5 years and I play heavy games like pubg for around 3 to 6 hours a day.,33,Positive,0.7574,oneplus redmi note pro please advicei use phone least year play heavy game like pubg around hour day,2
https://www.gsmarena.com/samsung_galaxy_s24_ultra-reviews-12771,Sam799,01 Jun 2026,0,Finally received the May update today.,Finally received the May update today.,6,Neutral,0.0,finally received may update today,1
https://www.gsmarena.com/apple_iphone_15_pro_max-reviews-12548,Anonymous,17 May 2024,0,"El Wero 73, 16 May 2024finally an iphone with no notch tho lol? iPhones without notch came out 2 years ago.","El Wero 73, 16 May 2024finally an iphone with no notch though lol? iPhones without notch came out 2 years ago.",21,Positive,0.1531,el wero may finally iphone no notch though lol iphones without notch came year ago,2
https://www.gsmarena.com/xiaomi_redmi_note_13_pro-reviews-12581,Anonymous,24 Jan 2025,0,"ECJames, 23 Jan 2025I actually switched to the old control center just to get rid of the lagginess. May seem ugly ...moreTried it and it works great. I don't care about the looks, i just want a stable notification drawer","ECJames, 23 Jan 2025I actually switched to the old control center just to get rid of the lagginess. May seem ugly ...moreTried it and it works great. I do not care about the looks, i just want a stable notification drawer",41,Positive,0.171,ecjames jan actually switched old control center get rid lagginess may seem ugly moretried work great not care look want stable notification drawer,2
https://www.gsmarena.com/samsung_galaxy_s24_ultra-reviews-12771,Moahmed,28 May 2026,0,i have been using Samsung A52 for 4 years. now i want to upgrade to an Ultra device. i have 2 options. S24 ultra(1TB 12gb ram) which costs 1200$ and S25 ultra(512Gb 12GB ram) which costs 1300$. The prices are like this because in my country we have to pay extra taxes on mobile devices.Out of these 2 which i should go for considering the prices.,i have been using Samsung A52 for 4 years. now i want to upgrade to an Ultra device. i have 2 options. S24 ultra(1TB 12gb ram) which costs 1200$ and S25 ultra(512Gb 12GB ram) which costs 1300$. The prices are like this because in my country we have to pay extra taxes on mobile devices.Out of these 2 which i should go for considering the prices.,66,Positive,0.34,using samsung year want upgrade ultra device option ultratb gb ram cost ultragb gb ram cost price like country pay extra tax mobile devicesout go considering price,2
https://www.gsmarena.com/xiaomi_redmi_note_13_pro-reviews-12581,Gino76ph,08 Jan 2025,0,"ashrobb, 08 Jan 2025I'd wait for the 14 series to see how they fare in reviews. They launch this week globall...moreHappy to wait for the 14 series. But in my region (EU/UK) i do not know what kind of early bird deals they will offer along with the Poco X7 series. It's a bit odd for Xiaomi to release two series of phones for the global market.Amongst the things I hate with Xiaomi products are ones i mentioned earlier and the slow updates. I understand i can uninstall 1st-party system apps thru ADB but i don't like doing a long winding, cumbersome process. I feel with a OnePlus/Oppo or even Motorola i may get slightly faster updates based on what i have seen and read so far.","ashrobb, 08 Jan 2025I'd wait for the 14 series to see how they fare in reviews. They launch this week globall...moreHappy to wait for the 14 series. But in my region (EU/UK) i do not know what kind of early bird deals they will offer along with the Poco X7 series. It is a bit odd for Xiaomi to release two series of phones for the global market.Amongst the things I hate with Xiaomi products are ones i mentioned earlier and the slow updates. I understand i can uninstall 1st-party system apps thru ADB but i do not like doing a long winding, cumbersome process. I feel with a OnePlus/Oppo or even Motorola i may get slightly faster updates based on what i have seen and read so far.",129,Negative,-0.8925,ashrobb jan id wait series see fare review launch week globallmorehappy wait series but region euuk not know kind early bird deal offer along poco series bit odd xiaomi release two series phone global marketamongst thing hate xiaomi product one mentioned earlier slow update understand uninstall stparty system apps thru adb but not like long winding cumbersome process feel oneplusoppo even motorola may get slightly faster update based seen read far,0
https://www.gsmarena.com/samsung_galaxy_s24_ultra-reviews-12771,Anonymous,02 Jan 2026,0,Is the one ui 8.5 betaalso gonna be on this phone ??I mean will it available on this phone,Is the one ui 8.5 betaalso going to be on this phone ??I mean will it available on this phone,20,Neutral,0.0,one ui betaalso going phone mean available phone,1
https://www.gsmarena.com/apple_iphone_se_(2022)-reviews-11410,Michael McCarthy,30 Jan 2025,0,"Minu, 22 Jan 2025It's extremely seamless today, unlike 7-8 years ago.
You can use AirDrop with Nearby Sha...moreI don’t know bro but won’t I lose a lot of my apps if I move to android? I have about 100 apps on my 8 Plus at the moment.","Minu, 22 Jan 2025It's extremely seamless today, unlike 7-8 years ago. You can use AirDrop with Nearby Sha...moreI do not know bro but will not I lose a lot of my apps if I move to android? I have about 100 apps on my 8 Plus at the moment.",49,Positive,0.438,minu jan extremely seamless today unlike year ago use airdrop nearby shamorei not know bro but not lose lot apps move android apps plus moment,2
https://www.gsmarena.com/samsung_galaxy_s24_ultra-reviews-12771,Anonymous,26 Feb 2026,0,"Ay, 20 Feb 2026Since I update my  S24u to January update, I've not been able to use it again 
My networ...moreis it a US based and if so what carrier is it","Ay, 20 Feb 2026Since I update my S24u to January update, I have not been able to use it again My networ...moreis it a US based and if so what carrier is it",33,Neutral,0.0,ay feb since update su january update not able use networmoreis u based carrier,1
https://www.gsmarena.com/xiaomi_redmi_note_13_pro-reviews-12581,Anonymous,28 Feb 2026,0,"Anonymous, 16 Feb 2026It says that you can fit 2 SIM cards in it: Nano SIM + Nano SIM, while in reality you only hav...moreJust thought, did you realise that the other sim goes in the other side of the SIM tray?","Anonymous, 16 Feb 2026It says that you can fit 2 SIM cards in it: Nano SIM + Nano SIM, while in reality you only hav...moreJust thought, did you realise that the other sim goes in the other side of the SIM tray?",42,Positive,0.3612,anonymous feb say fit sim card nano sim nano sim reality havmorejust thought realise sim go side sim tray,2
https://www.gsmarena.com/realme_c55-reviews-12159,Anonymous,07 Mar 2023,0,"Eventough the price is good but compare with 10 there are some cutdown like LCD 4G 64MP which unknown sensor than 50MP which have better result and G88Mini bar is useless when the phone use LCD instead of Oled, Black on LCD still bright bcoz backlight lit than Black on Oled which truly not lit","Eventough the price is good but compare with 10 there are some cutdown like LCD 4G 64MP which unknown sensor than 50MP which have better result and G88Mini bar is useless when the phone use LCD instead of Oled, Black on LCD still bright bcoz backlight lit than Black on Oled which truly not lit",55,Positive,0.9194,eventough price good but compare cutdown like lcd mp unknown sensor mp better result gmini bar useless phone use lcd instead oled black lcd still bright bcoz backlight lit black oled truly not lit,2
https://www.gsmarena.com/apple_iphone_se_(2022)-reviews-11410,Michael McCarthy,01 May 2026,0,"KL, 30 Apr 2026If SE3 screen size is an issue then you could get iphone 13 or iphone 14.I could but then I’ll have a notch on the screen rather than a full screen display plus no home button, both of which might take some getting used to and I might not like it.","KL, 30 Apr 2026If SE3 screen size is an issue then you could get iphone 13 or iphone 14.I could but then Ill have a notch on the screen rather than a full screen display plus no home button, both of which might take some getting used to and I might not like it.",54,Negative,-0.8468,kl apr se screen size issue could get iphone iphone could but ill notch screen rather full screen display plus no home button might take getting used might not like,0
https://www.gsmarena.com/apple_iphone_se_(2022)-reviews-11410,Anonymous,23 May 2024,0,I love iPhone,I love iPhone,3,Positive,0.6369,love iphone,2
https://www.gsmarena.com/samsung_galaxy_a54-reviews-12070,s35ym,11 Dec 2024,0,"Anonymous, 03 Dec 2024Samsung Galaxy A54 5G vs redmi note 12 pro 5g?Buy A55 5G","Anonymous, 03 Dec 2024Samsung Galaxy A54 5G vs redmi note 12 pro 5g?Buy A55 5G",15,Neutral,0.0,anonymous dec samsung galaxy v redmi note pro gbuy,1
https://www.gsmarena.com/realme_c55-reviews-12159,Anonymous,12 Jul 2024,0,It has a problem while playing MOBILE LEGENDS its always crashes,It has a problem while playing MOBILE LEGENDS its always crashes,11,Negative,-0.2263,problem playing mobile legend always crash,0
https://www.gsmarena.com/samsung_galaxy_a54-reviews-12070,s35ym,05 Apr 2026,0,"idk, 03 Apr 2026nah, finally i am going to go with a 2nd hand m34 5g 
it looks okay in the reviews in gsmarena :)Same specs as A53.","i do not know, 03 Apr 2026nah, finally i am going to go with a 2nd hand m34 5g it looks okay in the reviews in gsmarena :)Same specs as A53.",31,Positive,0.6249,not know apr nah finally going go nd hand look okay review gsmarena spec,2
https://www.gsmarena.com/samsung_galaxy_s24_ultra-reviews-12771,Anonymous,03 Aug 2026,0,Hello! Anyone having trouble with the July update? Here's what I found. I just want to know if anyone else is having these problems too.https://www.msn.com/en-us/technology/hardware-and-devices/samsung-s-july-update-is-breaking-galaxy-phones/ar-AA29iImR?ocid=msedgntp&pc=HCTS&cvid=6a70e294d45140f295f9eb96fe807da0&ei=8,Hello! Anyone having trouble with the July update? Here is what I found. I just want to know if anyone else is having these problems too.,26,Negative,-0.6588,hello anyone trouble july update found want know anyone else problem,0
https://www.gsmarena.com/xiaomi_redmi_note_13_pro-reviews-12581,Anonymous,03 Jan 2025,0,"I was wondering what should I get, the This phone(Xiaomi redmi note 13 pro or the Samsung S24+","I was wondering what should I get, the This phone(Xiaomi redmi note 13 pro or the Samsung S24+",18,Neutral,0.0,wondering get phonexiaomi redmi note pro samsung,1
https://www.gsmarena.com/realme_c55-reviews-12159,Anonymous,09 Jun 2023,0,"fckboi, 31 May 2023Yes corning gorilla glass 5Don't lie","fckboi, 31 May 2023Yes corning gorilla glass 5Don't lie",9,Neutral,0.0,fckboi may yes corning gorilla glass dont lie,1
https://www.gsmarena.com/samsung_galaxy_a54-reviews-12070,Desolate Intention,02 Sep 2024,0,Disable RAM Plus and run App Booster from Good Guardians. Thanks me later...I feel like I just got an A56.,Disable RAM Plus and run App Booster from Good Guardians. Thanks me later...I feel like I just got an A56.,20,Positive,0.8074,disable ram plus run app booster good guardian thanks lateri feel like got,2
https://www.gsmarena.com/apple_iphone_se_(2022)-reviews-11410,Anonymous,01 Mar 2024,0,"Anonymous, 24 Feb 2024Had this phone for a year and it was always Very Hot doing basic tasks and the battery life wa...moreProbably got an iPhone 7 sold as SE","Anonymous, 24 Feb 2024Had this phone for a year and it was always Very Hot doing basic tasks and the battery life wa...moreProbably got an iPhone 7 sold as SE",30,Neutral,0.0,anonymous feb phone year always hot basic task battery life wamoreprobably got iphone sold se,1
https://www.gsmarena.com/samsung_galaxy_s24_ultra-reviews-12771,Abhy06,11 Mar 2026,0,"Marcus, 07 Mar 2026Samsung Galaxy S24 Ultra will eventually get an update on privacy display as well as all A.I n...moreSorry to break your bubble but privacy display wont becoming, its a display technology not a software thing.","Marcus, 07 Mar 2026Samsung Galaxy S24 Ultra will eventually get an update on privacy display as well as all A.I n...moreSorry to break your bubble but privacy display will not becoming, its a display technology not a software thing.",39,Positive,0.1406,marcus mar samsung galaxy ultra eventually get update privacy display well ai nmoresorry break bubble but privacy display not becoming display technology not software thing,2
https://www.gsmarena.com/apple_iphone_se_(2022)-reviews-11410,phone.and.carguy,05 Aug 2025,0,it's alright but the homebutton will make you think it is a iphone 8 or someting but without the apple 15 bionic chip it will have low sales,it is alright but the homebutton will make you think it is a iphone 8 or someting but without the apple 15 bionic chip it will have low sales,29,Negative,-0.2846,alright but homebutton make think iphone someting but without apple bionic chip low sale,0
https://www.gsmarena.com/samsung_galaxy_a54-reviews-12070,Anonymous,03 Feb 2025,0,"Anonymous, 20 Jan 2025Now A54 received Security Patch from 1 January 2025 in this morning variant EUX A546BGoogle as released it android 7.0 update to it all supporting pixel phones only samsung is still waiting","Anonymous, 20 Jan 2025Now A54 received Security Patch from 1 January 2025 in this morning variant EUX A546BGoogle as released it android 7.0 update to it all supporting pixel phones only samsung is still waiting",35,Positive,0.6486,anonymous jan received security patch january morning variant eux abgoogle released android update supporting pixel phone samsung still waiting,2
https://www.gsmarena.com/apple_iphone_15_pro_max-reviews-12548,kirbycube,10 Aug 2024,0,unsurprisingly a really good phone. wish I had waited for the 16pm tho...,unsurprisingly a really good phone. wish I had waited for the 16pm though...,13,Positive,0.7316,unsurprisingly really good phone wish waited pm though,2
https://www.gsmarena.com/apple_iphone_15_pro_max-reviews-12548,Anonymous,07 Aug 2024,0,Hey!! Google's Gemini is telling me that Iphone do not contains NVMe storages I have screenshot of its detailed answer but is not possible to post here ....you can ask yourself if you are sceptical too,Hey!! Google's Gemini is telling me that Iphone do not contains NVMe storages I have screenshot of its detailed answer but is not possible to post here ....you can ask yourself if you are sceptical too,36,Negative,-0.5242,hey google gemini telling iphone not contains nvme storage screenshot detailed answer but not possible post ask sceptical,0
https://www.gsmarena.com/realme_c55-reviews-12159,DarlingYext,07 Mar 2023,0,Damn good for the price.,Damn good for the price.,5,Positive,0.0516,damn good price,2
https://www.gsmarena.com/apple_iphone_15_pro_max-reviews-12548,Anonymous,08 Jul 2024,0,which phone is worth buying S24 plus or a 15 pro max ?,which phone is worth buying S24 plus or a 15 pro max ?,13,Positive,0.2263,phone worth buying plus pro max,2
https://www.gsmarena.com/xiaomi_redmi_note_13_pro-reviews-12581,Anonymous,12 Jul 2025,0,"Anonymous, 01 Jul 2025The same with me. 1 yr already still no updateSelect country Morocco and check in settings for update, it will appear. That works for me.","Anonymous, 01 Jul 2025The same with me. 1 yr already still no updateSelect country Morocco and check in settings for update, it will appear. That works for me.",28,Negative,-0.296,anonymous jul yr already still no updateselect country morocco check setting update appear work,0
https://www.gsmarena.com/samsung_galaxy_s24_ultra-reviews-12771,Anonymous,28 May 2026,0,"Moahmed, 28 May 2026i have been using Samsung A52 for 4 years. now i want to upgrade to an Ultra device. i have 2 ...moreGo for the S24 ultra 1TB. I own both s24U and S25U 1TB and there is not a massive difference between the two. S24u still has bluetooth in Spen. S25u no bluetooth in spen. Hope this helps.","Moahmed, 28 May 2026i have been using Samsung A52 for 4 years. now i want to upgrade to an Ultra device. i have 2 ...moreGo for the S24 ultra 1TB. I own both s24U and S25U 1TB and there is not a massive difference between the two. S24u still has bluetooth in Spen. S25u no bluetooth in spen. Hope this helps.",61,Positive,0.6124,moahmed may using samsung year want upgrade ultra device morego ultra tb su su tb not massive difference two su still bluetooth spen su no bluetooth spen hope help,2
https://www.gsmarena.com/apple_iphone_15_pro_max-reviews-12548,Anonymous,13 Apr 2025,0,"jsdutch, 04 Apr 2025i have a question do iphone 15 pm still overheat with ios 18.4No","jsdutch, 04 Apr 2025i have a question do iphone 15 pm still overheat with ios 18.4No",16,Neutral,0.0,jsdutch apr question iphone pm still overheat io no,1
https://www.gsmarena.com/samsung_galaxy_s24_ultra-reviews-12771,SteveUk,22 May 2026,0,"Just updated to UI 8.5... Early impressions: I'm not too keen on the new Gallery layout and the way the main cover pictures are longer and blurred under the titles (...feels as though you have Vaseline in your eyes 😆). Also, in Device Care, it gives you a percentage of the storage used now, whereas before you could see exactly how many GBs you had left.Apart from those minor nitpicks though, everything seems good.","Just updated to UI 8.5... Early impressions: I am not too keen on the new Gallery layout and the way the main cover pictures are longer and blurred under the titles (...feels as though you have Vaseline in your eyes ). Also, in Device Care, it gives you a percentage of the storage used now, whereas before you could see exactly how many GBs you had left.Apart from those minor nitpicks though, everything seems good.",75,Positive,0.7087,updated ui early impression not keen new gallery layout way main cover picture longer blurred title feel though vaseline eye also device care give percentage storage used whereas could see exactly many gb leftapart minor nitpicks though everything seems good,2
https://www.gsmarena.com/samsung_galaxy_a54-reviews-12070,Ultima 9,09 Sep 2024,0,"Anonymous, 07 Sep 2024The main 50MP lens is the same between A54 & A35, the difference is only noticeable with t...moreif you judge a camera by megapixels you are wrong look at the sensor size for the main camerasa54 has a 1/1.56 inch whereas a35 has 1/1.96 inch which results in much better detail and low light shots on the a54 a54 also gets monthly updatesyou can get a general idea by checking the sensor size{mainly) and aperture","Anonymous, 07 Sep 2024The main 50MP lens is the same between A54 & A35, the difference is only noticeable with t...moreif you judge a camera by megapixels you are wrong look at the sensor size for the main camerasa54 has a 1/1.56 inch whereas a35 has 1/1.96 inch which results in much better detail and low light shots on the a54 a54 also gets monthly updatesyou can get a general idea by checking the sensor size{mainly) and aperture",78,Negative,-0.3182,anonymous sep main mp lens difference noticeable tmoreif judge camera megapixels wrong look sensor size main camerasa inch whereas inch result much better detail low light shot also get monthly updatesyou get general idea checking sensor sizemainly aperture,0
https://www.gsmarena.com/xiaomi_redmi_note_13_pro-reviews-12581,Anonymous,05 Feb 2025,0,"the dentist, 04 Feb 2025no it doesn't look like this one, it actually looks like the 5g and it has the snapdragon chipWhat is the OS Version? You can check the phone model and OS Version via phone Settings, then About section. If it says 5G, then it's 5G. If not, then it's just LTE.OS Versions:VNFMIXM = Global versionVNFCNXM = China versionVNFIDXM = India versionVNFEUXM = Europe version","the dentist, 04 Feb 2025no it does not look like this one, it actually looks like the 5g and it has the snapdragon chipWhat is the OS Version? You can check the phone model and OS Version via phone Settings, then About section. If it says 5G, then it is 5G. If not, then it is just LTE.OS Versions:VNFMIXM = Global versionVNFCNXM = China versionVNFIDXM = India versionVNFEUXM = Europe version",71,Negative,-0.4973,dentist feb no not look like one actually look like snapdragon chipwhat o version check phone model o version via phone setting section say not lteos versionsvnfmixm global versionvnfcnxm china versionvnfidxm india versionvnfeuxm europe version,0
https://www.gsmarena.com/samsung_galaxy_s24_ultra-reviews-12771,CamoGeko-XDA,24 Nov 2025,0,"Huib, 23 Nov 2025Nice phone boxy and Note look I plan buying in JanuaryWhat colour are you thinking of getting?","Huib, 23 Nov 2025Nice phone boxy and Note look I plan buying in JanuaryWhat colour are you thinking of getting?",20,Neutral,0.0,huib nov nice phone boxy note look plan buying januarywhat colour thinking getting,1
https://www.gsmarena.com/realme_c55-reviews-12159,Anonymous,30 Apr 2023,0,"pelicethekitty, 30 Apr 2023Why do i see you everywherewhy not though","pelicethekitty, 30 Apr 2023Why do i see you everywherewhy not though",11,Neutral,0.0,pelicethekitty apr see everywherewhy not though,1
https://www.gsmarena.com/apple_iphone_15_pro_max-reviews-12548,Azu10157,29 May 2024,0,"SonyFanNumberOne, 27 May 2024No aux, no sd card.... No buy. Even infrared is missing.Apple has had none of these aside from a 3.5mm jack.","SonyFanNumberOne, 27 May 2024No aux, no sd card.... No buy. Even infrared is missing.Apple has had none of these aside from a 3.5mm jack.",24,Negative,-0.5267,sonyfannumberone may no aux no sd card no buy even infrared missingapple none aside mm jack,0
https://www.gsmarena.com/samsung_galaxy_a54-reviews-12070,Anonymous,27 Aug 2025,0,My A54 samsung have wonderful camera and very powerful battery 🔋 am.now using almost 2 years and still it's the same smart and clean there is nothing else phone that i can compare with A54,My A54 samsung have wonderful camera and very powerful battery am.now using almost 2 years and still it is the same smart and clean there is nothing else phone that i can compare with A54,35,Positive,0.9041,samsung wonderful camera powerful battery amnow using almost year still smart clean nothing else phone compare,2
https://www.gsmarena.com/apple_iphone_15_pro_max-reviews-12548,Anonymous,10 Aug 2024,0,"romanson, 06 Aug 2024So , after 5 days of usage …..
1) heating issue , present , nothing drastic , but heating goe...moreSlight heating issues can happen if you’re using a laptop/desktop charger to charge it, or (if you have one) your case can heat the phone while charging. (some cases don’t do that) And if those are not your problems, you are most likely lying.Battery life though, you are correct. The battery life on a 15 Pro Max is about 10 to 20 minutes less than a 14 Pro Max, and 5 to 10 minutes less than a 15 Plus","romanson, 06 Aug 2024So , after 5 days of usage .. 1) heating issue , present , nothing drastic , but heating goe...moreSlight heating issues can happen if you are using a laptop/desktop charger to charge it, or (if you have one) your case can heat the phone while charging. (some cases do not do that) And if those are not your problems, you are most likely lying.Battery life though, you are correct. The battery life on a 15 Pro Max is about 10 to 20 minutes less than a 14 Pro Max, and 5 to 10 minutes less than a 15 Plus",103,Positive,0.438,romanson aug day usage heating issue present nothing drastic but heating goemoreslight heating issue happen using laptopdesktop charger charge one case heat phone charging case not not problem likely lyingbattery life though correct battery life pro max minute less pro max minute less plus,2
https://www.gsmarena.com/xiaomi_redmi_note_13_pro-reviews-12581,Anonymous,29 Jan 2026,0,When should we expect hyper OS 3 to this phone?,When should we expect hyper OS 3 to this phone?,10,Neutral,0.0,expect hyper o phone,1
https://www.gsmarena.com/realme_c55-reviews-12159,Anonymous,06 Oct 2023,0,So far so good. This is my sixth month of using the phone. No lags and still has a pretty good battery (lasts around 4-6 hours when gaming and can last a whole day with basic tasks).Has anyone tried to root this phone? How was it?,So far so good. This is my sixth month of using the phone. No lags and still has a pretty good battery (lasts around 4-6 hours when gaming and can last a whole day with basic tasks).Has anyone tried to root this phone? How was it?,46,Positive,0.8402,far good sixth month using phone no lag still pretty good battery last around hour gaming last whole day basic taskshas anyone tried root phone,2
https://www.gsmarena.com/xiaomi_redmi_note_13_pro-reviews-12581,Anonymous,12 May 2025,0,"Suresh, 21 Sep 2023No SD card slot, no interest. 
Sorry Redmi. But I hope It'll launch in India with at lea...moreOh bud bud bud....","Suresh, 21 Sep 2023No SD card slot, no interest. Sorry Redmi. But I hope It will launch in India with at lea...moreOh bud bud bud....",25,Positive,0.6249,suresh sep no sd card slot no interest sorry redmi but hope launch india leamoreoh bud bud bud,2
https://www.gsmarena.com/apple_iphone_15_pro_max-reviews-12548,Anonymous,16 Aug 2024,0,"after 2 months of using, I still got 100 percent battery health with less than 40 life cycle.Using optimized charging and charge phone when its 20%. 2-3 Games straight for mobile legends. my battery from 10am - 10pm still got 30+  battery percent then use it in the morning till 10am since I am at work then back to charging","after 2 months of using, I still got 100 percent battery health with less than 40 life cycle.Using optimized charging and charge phone when its 20%. 2-3 Games straight for mobile legends. my battery from 10am - 10pm still got 30+ battery percent then use it in the morning till 10am since I am at work then back to charging",60,Positive,0.5994,month using still got percent battery health less life cycleusing optimized charging charge phone game straight mobile legend battery pm still got battery percent use morning till since work back charging,2
https://www.gsmarena.com/xiaomi_redmi_note_13_pro-reviews-12581,Anonymous,19 May 2025,0,"Doug , 02 May 2025I have used the redmi note 13 pro for a year now but I have noticed after software update the ...moreWell If you are using phone most on charger or let it on something heat the mAh will get lower I hope this helps!","Doug , 02 May 2025I have used the redmi note 13 pro for a year now but I have noticed after software update the ...moreWell If you are using phone most on charger or let it on something heat the mAh will get lower I hope this helps!",48,Positive,0.6948,doug may used redmi note pro year but noticed software update morewell using phone charger let something heat mah get lower hope help,2
https://www.gsmarena.com/samsung_galaxy_s24_ultra-reviews-12771,Devlet,31 Jan 2026,0,I'm wondering if should i get 2nd hand of S24U 1TB for like 160k yen or wait for 2nd hand S25U 1TB for around 180k yen.,I am wondering if should i get 2nd hand of S24U 1TB for like 160k yen or wait for 2nd hand S25U 1TB for around 180k yen.,27,Positive,0.836,wondering get nd hand su tb like yen wait nd hand su tb around yen,2
https://www.gsmarena.com/xiaomi_redmi_note_13_pro-reviews-12581,Anonymous,16 Sep 2025,0,"jandrew, 16 Sep 2025since this is 13 pro and not 13 pro 5g , you cant enable it , it does not existThis is 5G bro","jandrew, 16 Sep 2025since this is 13 pro and not 13 pro 5g , you cannot enable it , it does not existThis is 5G bro",26,Neutral,0.0,jandrew sep since pro not pro not enable not existthis bro,1
https://www.gsmarena.com/realme_c55-reviews-12159,Anonymous,29 Mar 2023,0,"Anonymous, 28 Mar 2023how about its camera? anybody know?just watched some reviews of this phone and the camera is a 8.5/10. it has a powerful zoom feature but when it is too zoomed in, there will be textures. it isnt that bad tbh, it's almost the same as apple's camera when it's zoomed in. for the video, it's not really stable but it's still tolerable. i really love the night mode feature on this phone because the pictures taken at night looked really good","Anonymous, 28 Mar 2023how about its camera? anybody know?just watched some reviews of this phone and the camera is a 8.5/10. it has a powerful zoom feature but when it is too zoomed in, there will be textures. it is not that bad to be honest, it is almost the same as apple's camera when it is zoomed in. for the video, it is not really stable but it is still tolerable. i really love the night mode feature on this phone because the pictures taken at night looked really good",91,Positive,0.9655,anonymous mar camera anybody knowjust watched review phone camera powerful zoom feature but zoomed texture not bad honest almost apple camera zoomed video not really stable but still tolerable really love night mode feature phone picture taken night looked really good,2
https://www.gsmarena.com/xiaomi_redmi_note_13_pro-reviews-12581,RIH-Z800,27 Apr 2026,0,"Der Zahnarzt , 19 Apr 2026Guys do you recommend upgrading to the hyperOS 3? What are the pros and cons? I have it ready ...moreI have HyperOS3 installed on a Redmi Note 13 Pro 5G, Redmi Note 13 Pro+, Redmi Note 14 Pro+ and a Poco X7... Haven't seen any issues after the update on any of these phones.","Der Zahnarzt , 19 Apr 2026Guys do you recommend upgrading to the hyperOS 3? What are the pros and cons? I have it ready ...moreI have HyperOS3 installed on a Redmi Note 13 Pro 5G, Redmi Note 13 Pro+, Redmi Note 14 Pro+ and a Poco X7... Have not seen any issues after the update on any of these phones.",60,Positive,0.6553,der zahnarzt apr guy recommend upgrading hyperos pro con ready morei hyperos installed redmi note pro redmi note pro redmi note pro poco not seen issue update phone,2
https://www.gsmarena.com/xiaomi_redmi_note_13_pro-reviews-12581,Anonymous,06 Jan 2025,0,"Keito, 05 Jan 2025is it worth it to change my oppo reno 11f 5g to this phone?Not significant upgrade, they provide almost same experience unless you want a better chip..","Keito, 05 Jan 2025is it worth it to change my oppo reno 11f 5g to this phone?Not significant upgrade, they provide almost same experience unless you want a better chip..",30,Positive,0.7096,keito jan worth change oppo reno phonenot significant upgrade provide almost experience unless want better chip,2
https://www.gsmarena.com/samsung_galaxy_s24_ultra-reviews-12771,Anonymous,28 Nov 2025,0,"Anonymous, 27 Nov 2025I am sure plenty of devices available even in official retail shops in January. 
But always c...moreI think so","Anonymous, 27 Nov 2025I am sure plenty of devices available even in official retail shops in January. But always c...moreI think so",22,Positive,0.1655,anonymous nov sure plenty device available even official retail shop january but always cmorei think,2
https://www.gsmarena.com/samsung_galaxy_s24_ultra-reviews-12771,Anonymous,11 Aug 2026,0,"Anonymous, 11 Aug 2026why did you use chatgpt? do you think people come here for a bot response?I do not use chatgpt or something like that. I were using Galaxy AI to check my writing and to make mine a professional style  Have you tried Galaxy Ai? I bet you haven't.","Anonymous, 11 Aug 2026why did you use chatgpt? do you think people come here for a bot response?I do not use chatgpt or something like that. I were using Galaxy AI to check my writing and to make mine a professional style Have you tried Galaxy Ai? I bet you have not.",52,Positive,0.466,anonymous aug use chatgpt think people come bot responsei not use chatgpt something like using galaxy ai check writing make mine professional style tried galaxy ai bet not,2
https://www.gsmarena.com/apple_iphone_15_pro_max-reviews-12548,Gooogol-plex,22 Jun 2024,0,"Anonymous, 18 Jun 202415w wireless charging? what is this 2018?Let's hope that they at least improve the wired charging in the 16 pro max","Anonymous, 18 Jun 202415w wireless charging? what is this 2018?Let us hope that they at least improve the wired charging in the 16 pro max",25,Positive,0.7319,anonymous jun wireless charging let u hope least improve wired charging pro max,2
https://www.gsmarena.com/samsung_galaxy_s24_ultra-reviews-12771,Anonymous,02 Mar 2026,0,"Maria, 02 Mar 2026How to access recovery mode?To . enter Recovery Mode turn off the phone and connect it via USB-C cable to a computer or With it plugged in, hold down the Volume Up and Power buttons simultaneously until the Samsung logo appears, then release both buttons to enter the menu","Maria, 02 Mar 2026How to access recovery mode?To . enter Recovery Mode turn off the phone and connect it via USB-C cable to a computer or With it plugged in, hold down the Volume Up and Power buttons simultaneously until the Samsung logo appears, then release both buttons to enter the menu",52,Neutral,0.0,maria mar access recovery modeto enter recovery mode turn phone connect via usbc cable computer plugged hold volume power button simultaneously samsung logo appears release button enter menu,1
https://www.gsmarena.com/samsung_galaxy_s24_ultra-reviews-12771,Loveforever,04 Jan 2026,0,"Maria, 03 Jan 2026oneui 6.1 still lolMy running on Android-16 One-UI 8.5(beta)","Maria, 03 Jan 2026oneui 6.1 still lolMy running on Android-16 One-UI 8.5(beta)",12,Neutral,0.0,maria jan oneui still lolmy running android oneui beta,1
https://www.gsmarena.com/realme_c55-reviews-12159,Anonymous,07 Nov 2023,0,Was that honestly the best model they could find?,Was that honestly the best model they could find?,9,Positive,0.802,honestly best model could find,2
https://www.gsmarena.com/xiaomi_redmi_note_13_pro-reviews-12581,Anonymous,30 Dec 2024,0,"Anonymous, 30 Dec 2024I consider Redmi Note 13 pro and Pova 6 pro. Do you think which one is better?Unless you want slightly better battery life and a microSD slot, Redmi Note 13 Pro is a better overall phone than the Pova 6 Pro.","Anonymous, 30 Dec 2024I consider Redmi Note 13 pro and Pova 6 pro. Do you think which one is better?Unless you want slightly better battery life and a microSD slot, Redmi Note 13 Pro is a better overall phone than the Pova 6 Pro.",44,Positive,0.672,anonymous dec consider redmi note pro pova pro think one betterunless want slightly better battery life microsd slot redmi note pro better overall phone pova pro,2
https://www.gsmarena.com/xiaomi_redmi_note_13_pro-reviews-12581,Anonymous,24 Nov 2024,0,I encountered an issue this morning when i woke up i just found out my phone wouldn't bootup or even charge. You guys have some advice for this?,I encountered an issue this morning when i woke up i just found out my phone would not bootup or even charge. You guys have some advice for this?,29,Neutral,0.0,encountered issue morning woke found phone would not bootup even charge guy advice,1
https://www.gsmarena.com/samsung_galaxy_a54-reviews-12070,alexcpass50,29 Oct 2024,0,"Gino76ph, 25 Oct 2024I think i will agree with you. Lately I noticed the colours of Samsung phones appear washed ou...moreI couldn't keep the device. I didn't like the colors on the screen and in the photos/videos. I sold it and went back to Realme.","Gino76ph, 25 Oct 2024I think i will agree with you. Lately I noticed the colours of Samsung phones appear washed ou...moreI could not keep the device. I did not like the colors on the screen and in the photos/videos. I sold it and went back to Realme.",47,Positive,0.1002,ginoph oct think agree lately noticed colour samsung phone appear washed oumorei could not keep device not like color screen photosvideos sold went back realme,2
https://www.gsmarena.com/xiaomi_redmi_note_13_pro-reviews-12581,Anonymous,16 Dec 2024,0,"Doctor Phil, 14 Dec 2024Coming from a midrange Samsung, I got this phone to give it a try. Can't say that I am 10...moremidrange xiaomi phones are mediocre especially in hardware and benchmark performance rankings.my next phone will definitely be a samsung .","Doctor Phil, 14 Dec 2024Coming from a midrange Samsung, I got this phone to give it a try. Cannot say that I am 10...moremidrange xiaomi phones are mediocre especially in hardware and benchmark performance rankings.my next phone will definitely be a samsung .",43,Positive,0.4019,doctor phil dec coming midrange samsung got phone give try not say moremidrange xiaomi phone mediocre especially hardware benchmark performance rankingsmy next phone definitely samsung,2
https://www.gsmarena.com/apple_iphone_15_pro_max-reviews-12548,Anonymous,04 Jun 2024,0,"Anonymous, 03 Jun 2024Actually oneplus has this which is probably the best bang for buck phone at the moment. Xiaomi...morethats why am still in love with the huawei P40 pro even though am using an iphone 15 pro max(which we've been gifted at work). the fact that you can control any device is amazing. no need to look for the lost remote control or go buy batteries for the remote.","Anonymous, 03 Jun 2024Actually oneplus has this which is probably the best bang for buck phone at the moment. Xiaomi...morethats why am still in love with the huawei P40 pro even though am using an iphone 15 pro max(which we have been gifted at work). the fact that you can control any device is amazing. no need to look for the lost remote control or go buy batteries for the remote.",71,Positive,0.8658,anonymous jun actually oneplus probably best bang buck phone moment xiaomimorethats still love huawei pro even though using iphone pro maxwhich gifted work fact control device amazing no need look lost remote control go buy battery remote,2
https://www.gsmarena.com/apple_iphone_se_(2022)-reviews-11410,Anonymous,10 Jul 2023,0,"Anonymous, 09 Jul 2023i can't stop laughing xD this is the biggest absurdity of a smartphone in the world histo...moreFaster than your phone 🏎","Anonymous, 09 Jul 2023i cannot stop laughing xD this is the biggest absurdity of a smartphone in the world histo...moreFaster than your phone",23,Negative,-0.5875,anonymous jul not stop laughing xd biggest absurdity smartphone world histomorefaster phone,0
https://www.gsmarena.com/apple_iphone_se_(2022)-reviews-11410,Anonymous,28 Aug 2023,0,"Nia, 27 Aug 2023Does this phone support apple magsafe battery packIt will wirelessly charge from it, but won't be magnetized.","Nia, 27 Aug 2023Does this phone support apple magsafe battery packIt will wirelessly charge from it, but will not be magnetized.",21,Positive,0.2144,nia aug phone support apple magsafe battery packit wirelessly charge but not magnetized,2
https://www.gsmarena.com/samsung_galaxy_s24_ultra-reviews-12771,Anonymous,03 Feb 2026,0,"Sam799, 03 Feb 2026They had the signature note design from S22 Ultra till S24 Ultra.And also Bluetooth S-penS26 Ultra will miss out on that tooSamsung what you doing","Sam799, 03 Feb 2026They had the signature note design from S22 Ultra till S24 Ultra.And also Bluetooth S-penS26 Ultra will miss out on that tooSamsung what you doing",28,Negative,-0.1531,sam feb signature note design ultra till ultraand also bluetooth spens ultra miss toosamsung,0
https://www.gsmarena.com/realme_c55-reviews-12159,Anonymous,03 Nov 2024,0,"V, 26 Aug 2024I bought C55 for gaming in January 2024 and can say that it did better in first months compare...morebattery saver limits the fps to be >30 fps and severe visual clutters.. wont be very comfortable to use when gaming except if u play really light games that dont need high fps like candy crush..but the update part is really true.. shouldn't update any patch cuz it can make the phone more laggy especially the android 14 update.","V, 26 Aug 2024I bought C55 for gaming in January 2024 and can say that it did better in first months compare...morebattery saver limits the fps to be >30 fps and severe visual clutters.. will not be very comfortable to use when gaming except if you play really light games that do not need high fps like candy crush..but the update part is really true.. should not update any patch cuz it can make the phone more laggy especially the android 14 update.",83,Positive,0.3141,aug bought gaming january say better first month comparemorebattery saver limit fps fps severe visual clutter not comfortable use gaming except play really light game not need high fps like candy crushbut update part really true not update patch cuz make phone laggy especially android update,2
https://www.gsmarena.com/realme_c55-reviews-12159,Anonymous,24 Apr 2023,0,I'll go back on other day to report my battery drain problem cus i really dont know why.,I will go back on other day to report my battery drain problem cus i really do not know why.,20,Negative,-0.4019,go back day report battery drain problem cu really not know,0
https://www.gsmarena.com/xiaomi_redmi_note_13_pro-reviews-12581,Anonymous,28 Dec 2024,0,"Camera is good but recording videos on it will going to have stutters on it. The screen is very good with nice colors and it's very bright, battery is pretty decent, even tho it's 5100 mAh it can barely run for a single day if playing heavy games on it. eSIM is a very great feature but the calls has horrible audio quality. Sound is very good, loud and hi-res stereo on both speakers. 8GB ram is enough for most of the things, 256GB rom is very good but not that fast. Charging is fast. CPU is horrible. 2.4GHz is insanely slow and playing big games on it like Wuthering Waves, Fortnite or Honkai Star Rail is simply impossible or you can run it on the lowest graphics with around 40-60fps. After playing for like 30 minutes straight the phone starts stuttering and lagging. HyperOS 2.0 has been launched today on this phone. I'm not going to say anything about the software because I'm talking about the phone but the weather app is lagging. This is the third fastest Redmi Note phone if we don't count the Turbo series and the animations are lagging. I'm telling you, if you don't buy the Redmi Note 14 Pro 5G or Note 14 Pro+ 5G phone the software is going to lag. The hardware of Redmi phones including this phone simply isn't powerful enough to run the HyperOS software wich is the default operating system that was made for these phones. Considering the fact that most Xiaomi users are using phones from Redmi Note 10 to 13 Pro+ all of those phones are going to lag, stutter and crash. If you have a Xiaomi phone then congratulations you can afford a phone that can run it's own operating system that was made for those phones. In my opinion you either buy a Xiaomi phone or something else. But don't buy Redmi phones if you want the slightest of performance because this phone can't give that to you.","Camera is good but recording videos on it will going to have stutters on it. The screen is very good with nice colors and it is very bright, battery is pretty decent, even though it is 5100 mAh it can barely run for a single day if playing heavy games on it. eSIM is a very great feature but the calls has horrible audio quality. Sound is very good, loud and hi-res stereo on both speakers. 8GB ram is enough for most of the things, 256GB rom is very good but not that fast. Charging is fast. CPU is horrible. 2.4GHz is insanely slow and playing big games on it like Wuthering Waves, Fortnite or Honkai Star Rail is simply impossible or you can run it on the lowest graphics with around 40-60fps. After playing for like 30 minutes straight the phone starts stuttering and lagging. HyperOS 2.0 has been launched today on this phone. I am not going to say anything about the software because I am talking about the phone but the weather app is lagging. This is the third fastest Redmi Note phone if we do not count the Turbo series and the animations are lagging. I am telling you, if you do not buy the Redmi Note 14 Pro 5G or Note 14 Pro+ 5G phone the software is going to lag. The hardware of Redmi phones including this phone simply is not powerful enough to run the HyperOS software wich is the default operating system that was made for these phones. Considering the fact that most Xiaomi users are using phones from Redmi Note 10 to 13 Pro+ all of those phones are going to lag, stutter and crash. If you have a Xiaomi phone then congratulations you can afford a phone that can run it is own operating system that was made for those phones. In my opinion you either buy a Xiaomi phone or something else. But do not buy Redmi phones if you want the slightest of performance because this phone cannot give that to you.",344,Positive,0.9406,camera good but recording video going stutter screen good nice color bright battery pretty decent even though mah barely run single day playing heavy game esim great feature but call horrible audio quality sound good loud hire stereo speaker gb ram enough thing gb rom good but not fast charging fast cpu horrible ghz insanely slow playing big game like wuthering wave fortnite honkai star rail simply impossible run lowest graphic around fps playing like minute straight phone start stuttering lagging hyperos launched today phone not going say anything software talking phone but weather app lagging third fastest redmi note phone not count turbo series animation lagging telling not buy redmi note pro note pro phone software going lag hardware redmi phone including phone simply not powerful enough run hyperos software wich default operating system made phone considering fact xiaomi user using phone redmi note pro phone going lag stutter crash xiaomi phone congratulation afford phone run operating system made phone opinion either buy xiaomi phone something else but not buy redmi phone want slightest performance phone not give,2
https://www.gsmarena.com/samsung_galaxy_s24_ultra-reviews-12771,CamoGeko-XDA,03 Feb 2026,0,I need OneUI 8.5 faster Samsung!! Just hurry up!!,I need OneUI 8.5 faster Samsung!! Just hurry up!!,9,Neutral,0.0,need oneui faster samsung hurry,1
https://www.gsmarena.com/apple_iphone_15_pro_max-reviews-12548,Anonymous,03 Jun 2024,0,"Maciek, 02 Jun 2024These photos are pale and not very sharp. Was this done with iPhone 15 pro max? I guess it was...moreThis is an expensive smartphone with a slow battery charging speed only 15 Watts?","Maciek, 02 Jun 2024These photos are pale and not very sharp. Was this done with iPhone 15 pro max? I guess it was...moreThis is an expensive smartphone with a slow battery charging speed only 15 Watts?",36,Neutral,0.0,maciek jun photo pale not sharp done iphone pro max guess wasmorethis expensive smartphone slow battery charging speed watt,1
https://www.gsmarena.com/apple_iphone_15_pro_max-reviews-12548,Anonymous,31 May 2024,0,Best iPhone ever using its form last 1 month only 11 battery cycle counts.,Best iPhone ever using its form last 1 month only 11 battery cycle counts.,14,Positive,0.6369,best iphone ever using form last month battery cycle count,2
https://www.gsmarena.com/apple_iphone_15_pro_max-reviews-12548,Anonymous,03 Jun 2024,0,"Jack111, 31 May 2024Hahahahhaha You must be kidding! Consider of taking motorola or panasonic with infrared system...moreActually oneplus has this which is probably the best bang for buck phone at the moment. Xiaomi 14 ultra has infrared too. This is an amazing feature actually, an infrared sensor can be used to control multimedia devices, air cons and co","Jack111, 31 May 2024Hahahahhaha You must be kidding! Consider of taking motorola or panasonic with infrared system...moreActually oneplus has this which is probably the best bang for buck phone at the moment. Xiaomi 14 ultra has infrared too. This is an amazing feature actually, an infrared sensor can be used to control multimedia devices, air cons and co",58,Positive,0.8655,jack may hahahahhaha must kidding consider taking motorola panasonic infrared systemmoreactually oneplus probably best bang buck phone moment xiaomi ultra infrared amazing feature actually infrared sensor used control multimedia device air con co,2
https://www.gsmarena.com/apple_iphone_15_pro_max-reviews-12548,Anonymous,08 Jun 2024,0,"Bet, 07 Jun 2024Lol No one can touch IPhone ... Its experience is miles ahead of everyone.Its miles inferior in reality.","Bet, 07 Jun 2024Lol No one can touch IPhone ... Its experience is miles ahead of everyone.Its miles inferior in reality.",21,Negative,-0.5994,bet jun lol no one touch iphone experience mile ahead everyoneits mile inferior reality,0
https://www.gsmarena.com/apple_iphone_se_(2022)-reviews-11410,Anonymous,17 Jun 2025,0,"AnonD-838133, 31 May 2025Switch to android. For 300€ u has Poco X7 pro which is spaceship for this.Flagship lol 😂","AnonD-838133, 31 May 2025Switch to android. For 300 you has Poco X7 pro which is spaceship for this.Flagship lol",19,Positive,0.4215,anond may switch android poco pro spaceship thisflagship lol,2
https://www.gsmarena.com/xiaomi_redmi_note_13_pro-reviews-12581,Anonymous,17 Jan 2025,0,"Received the December Patch yesterday, but today, currently downloading Android 15 HyperOS 2.0.2.0VNFMIXM at 4.8GB capacity","Received the December Patch yesterday, but today, currently downloading Android 15 HyperOS 2.0.2.0VNFMIXM at 4.8GB capacity",16,Neutral,0.0,received december patch yesterday but today currently downloading android hyperos vnfmixm gb capacity,1
https://www.gsmarena.com/apple_iphone_15_pro_max-reviews-12548,Anonymous,10 Jun 2024,0,"Chauuk Byouing tuipe, 10 Jun 2024ios setting make confused for their user. be right with samsung almost updated feature. so fut...moreNo it's not confusing. It's confusing if you are first time user of IOS and that's completely normal. IOS rarely makes drastic changes because they know that their users are not that skillful and it's like shooting yourself in the back if you change something drastically.","Chauuk Byouing tuipe, 10 Jun 2024ios setting make confused for their user. be right with samsung almost updated feature. so fut...moreNo it is not confusing. It is confusing if you are first time user of IOS and that is completely normal. IOS rarely makes drastic changes because they know that their users are not that skillful and it is like shooting yourself in the back if you change something drastically.",70,Positive,0.3678,chauuk byouing tuipe jun io setting make confused user right samsung almost updated feature futmoreno not confusing confusing first time user io completely normal io rarely make drastic change know user not skillful like shooting back change something drastically,2
https://www.gsmarena.com/apple_iphone_se_(2022)-reviews-11410,Anonymous,21 Jun 2026,0,"Michael McCarthy, 20 Jun 2026A new SE with a Full HD display (or higher) and maybe a home button too (like the 8 Plus has) ...moreI would pay a thousand bucks to get another one of those with the latest chip, a home button with Touch ID, and an LCD display","Michael McCarthy, 20 Jun 2026A new SE with a Full HD display (or higher) and maybe a home button too (like the 8 Plus has) ...moreI would pay a thousand bucks to get another one of those with the latest chip, a home button with Touch ID, and an LCD display",51,Negative,-0.1027,michael mccarthy jun new se full hd display higher maybe home button like plus morei would pay thousand buck get another one latest chip home button touch id lcd display,0
https://www.gsmarena.com/xiaomi_redmi_note_13_pro-reviews-12581,JJLiM,15 Jan 2025,0,"mrlowpocket, 14 Jan 2025pls help i want to buy this redmi note pro 5g, but there's another option in my head like...moreNote 13 pro. I heard 12 pro plus have a lots of bug","mrlowpocket, 14 Jan 2025pls help i want to buy this redmi note pro 5g, but there is another option in my head like...moreNote 13 pro. I heard 12 pro plus have a lots of bug",35,Positive,0.25,mrlowpocket jan pls help want buy redmi note pro but another option head likemorenote pro heard pro plus lot bug,2
https://www.gsmarena.com/apple_iphone_15_pro_max-reviews-12548,Anonymous,12 Aug 2024,0,"64G, 10 Aug 2024Slight heating issues can happen if you’re using a laptop/desktop charger to charge it, or (if...moreWait for an update. Or which version ios ur using? And out side temperature also matter. Using same 1tb versions with no heating issue found.","64G, 10 Aug 2024Slight heating issues can happen if you are using a laptop/desktop charger to charge it, or (if...moreWait for an update. Or which version ios you are using? And out side temperature also matter. Using same 1tb versions with no heating issue found.",45,Negative,-0.2732,aug slight heating issue happen using laptopdesktop charger charge ifmorewait update version io using side temperature also matter using tb version no heating issue found,0
https://www.gsmarena.com/samsung_galaxy_a54-reviews-12070,Asher7,01 Jan 2026,0,"FMHaker, 26 Dec 2025Dont buy it! Phone have heating issues, and battery life was very poor out of the box! I get 5...moreThe issue with it's poor battery is all in that SD 888 & Exynos 2100 😩","FMHaker, 26 Dec 2025Dont buy it! Phone have heating issues, and battery life was very poor out of the box! I get 5...moreThe issue with it is poor battery is all in that SD 888 & Exynos 2100",38,Negative,-0.8111,fmhaker dec dont buy phone heating issue battery life poor box get morethe issue poor battery sd exynos,0
https://www.gsmarena.com/samsung_galaxy_a54-reviews-12070,s35ym,22 May 2026,0,"Hemant, 15 May 2026The worst Phone ever , consistently network issues , call drop issues , data connectivity issu...moreGo and use a 2G phone.","Hemant, 15 May 2026The worst Phone ever , consistently network issues , call drop issues , data connectivity issu...moreGo and use a 2G phone.",24,Negative,-0.7351,hemant may worst phone ever consistently network issue call drop issue data connectivity issumorego use phone,0
https://www.gsmarena.com/samsung_galaxy_s24_ultra-reviews-12771,Anonymous,24 Dec 2025,0,I don't like the weather app with the animations.,I do not like the weather app with the animations.,10,Negative,-0.2755,not like weather app animation,0
https://www.gsmarena.com/samsung_galaxy_a54-reviews-12070,Anonymous,07 Sep 2024,0,"Ultima 9, 05 Sep 2024a54 has better cameras and thats a factThe main 50MP lens is the same between A54 & A35, the difference is only noticeable with the Ultrawide & selfie cameras. Mainly the fact that A35 is locked to 1080p 30 on selfie & ultrawide whereas A54 can do 1080p 60.Besides that, there are a few things such as the worse vibration motor on A35 & lack of HDR in video streaming apps. Not a big deal breaker for me.","Ultima 9, 05 Sep 2024a54 has better cameras and that is a factThe main 50MP lens is the same between A54 & A35, the difference is only noticeable with the Ultrawide & selfie cameras. Mainly the fact that A35 is locked to 1080p 30 on selfie & ultrawide whereas A54 can do 1080p 60.Besides that, there are a few things such as the worse vibration motor on A35 & lack of HDR in video streaming apps. Not a big deal breaker for me.",83,Negative,-0.3612,ultima sep better camera factthe main mp lens difference noticeable ultrawide selfie camera mainly fact locked selfie ultrawide whereas besides thing worse vibration motor lack hdr video streaming apps not big deal breaker,0
https://www.gsmarena.com/apple_iphone_15_pro_max-reviews-12548,Anonymous,04 Sep 2024,0,What happen my battery heart down so fast November buy now September 93% my iPhone 12 Pro Max still 91%,What happen my battery heart down so fast November buy now September 93% my iPhone 12 Pro Max still 91%,20,Neutral,0.0,happen battery heart fast november buy september iphone pro max still,1
https://www.gsmarena.com/realme_c55-reviews-12159,Bluewave,07 Apr 2023,0,Horrible camera design 🤕🤕🤕😔😔👎👎👎👎,Horrible camera design,3,Negative,-0.5423,horrible camera design,0
https://www.gsmarena.com/xiaomi_redmi_note_13_pro-reviews-12581,Anonymous,12 Mar 2025,0,"Zero, 11 Mar 2025Just updated to 2.0.4.0 and so far so good. The lag part has been partially fixed. But still, ...moreWhat do you mean partially fixed ? can you please explain the issues they haven't solved yet ?","Zero, 11 Mar 2025Just updated to 2.0.4.0 and so far so good. The lag part has been partially fixed. But still, ...moreWhat do you mean partially fixed ? can you please explain the issues they have not solved yet ?",40,Positive,0.42,zero mar updated far good lag part partially fixed but still morewhat mean partially fixed please explain issue not solved yet,2
https://www.gsmarena.com/apple_iphone_15_pro_max-reviews-12548,Anonymous,14 Sep 2025,0,Guys I wanna Buy Cell phone Ss S24 ultra or Iphone 15pm which one is best,Guys I want to Buy Cell phone Ss S24 ultra or Iphone 15pm which one is best,17,Positive,0.6705,guy want buy cell phone s ultra iphone pm one best,2
https://www.gsmarena.com/xiaomi_redmi_note_13_pro-reviews-12581,Anonymous,10 Feb 2025,0,"Anonymous, 09 Feb 2025don't waste ur money just bcuz of have a good camera

all high midrange phones they hav...moreMediatek on a china phone? Seriously? hahahahahaha If I have enough money, I will invest in a branded phone even though it's not high end, at least branded. As time pass by, these china phones' performance drops significantly. Especially if the phone's memory is about to be full. Like this Redmi Note 13 Pro.Same Camera? Same pixel count but different lenses which makes the photo stand out. And that's a huge difference based on my experience. Also, the camera app used to take photos makes a difference","Anonymous, 09 Feb 2025don't waste you are money just bcuz of have a good camera all high midrange phones they hav...moreMediatek on a china phone? Seriously? hahahahahaha If I have enough money, I will invest in a branded phone even though it is not high end, at least branded. As time pass by, these china phones' performance drops significantly. Especially if the phone's memory is about to be full. Like this Redmi Note 13 Pro.Same Camera? Same pixel count but different lenses which makes the photo stand out. And that is a huge difference based on my experience. Also, the camera app used to take photos makes a difference",109,Positive,0.7584,anonymous feb dont waste money bcuz good camera high midrange phone havmoremediatek china phone seriously hahahahahaha enough money invest branded phone even though not high end least branded time pas china phone performance drop significantly especially phone memory full like redmi note prosame camera pixel count but different lens make photo stand huge difference based experience also camera app used take photo make difference,2
https://www.gsmarena.com/apple_iphone_15_pro_max-reviews-12548,Anonymous,26 Apr 2024,0,"jui ling keuk yipoit, 26 Apr 2024yes true S4 ultra all the with super OS Android system. Only android can make it.And I'm not speaking about the android os or system","jui ling keuk yipoit, 26 Apr 2024yes true S4 ultra all the with super OS Android system. Only android can make it.And I am not speaking about the android os or system",32,Positive,0.7717,jui ling keuk yipoit apr yes true ultra super o android system android make itand not speaking android o system,2
https://www.gsmarena.com/apple_iphone_15_pro_max-reviews-12548,Globe,10 Nov 2025,0,"jiro, 05 Nov 2025this or the iPhone 17? which has better performance?only cpu/gpu performance = 17Everything else or overall better device = This","jiro, 05 Nov 2025this or the iPhone 17? which has better performance?only cpu/gpu performance = 17Everything else or overall better device = This",23,Positive,0.7319,jiro nov iphone better performanceonly cpugpu performance everything else overall better device,2
https://www.gsmarena.com/xiaomi_redmi_note_13_pro-reviews-12581,Anonymous,01 Jun 2026,0,"CD, 04 Mar 2026Updated yesterday to hyperos 3.0.3.0 Android 16 EU version.How is it performing....does it drain your battery?","CD, 04 Mar 2026Updated yesterday to hyperos 3.0.3.0 Android 16 EU version.How is it performing....does it drain your battery?",19,Neutral,0.0,cd mar updated yesterday hyperos android eu versionhow performingdoes drain battery,1
https://www.gsmarena.com/apple_iphone_15_pro_max-reviews-12548,Hello Moto,07 Jul 2024,0,"this is cheap trash lol. my iphone 7 plus is so much better, it is faster and has more apps.","this is cheap trash lol. my iphone 7 plus is so much better, it is faster and has more apps.",20,Positive,0.7165,cheap trash lol iphone plus much better faster apps,2
https://www.gsmarena.com/realme_c55-reviews-12159,just a smile,28 May 2023,0,Is there any reason why mini capsule can't be a software feature but only exclusive for C55 and Narzo N53?,Is there any reason why mini capsule cannot be a software feature but only exclusive for C55 and Narzo N53?,20,Positive,0.1901,reason mini capsule not software feature but exclusive narzo,2
https://www.gsmarena.com/apple_iphone_15_pro_max-reviews-12548,Anonymous,11 May 2024,0,I had my iPhone 15 pro max since march 2024 so far I have no problems with it my battery life last all day it doesn’t overheat if you know how to take care of it right it has way more features then the other iPhones that it doesn’t have it has more zoom the action button is fully customizable the 7 cameras in one is more than enough most people didn’t knew that the main camera have 7 different camera lenses mode the usb c is perfect since lightning cables go out easily so far I love it,I had my iPhone 15 pro max since march 2024 so far I have no problems with it my battery life last all day it does not overheat if you know how to take care of it right it has way more features then the other iPhones that it does not have it has more zoom the action button is fully customizable the 7 cameras in one is more than enough most people did not knew that the main camera have 7 different camera lenses mode the usb c is perfect since lightning cables go out easily so far I love it,102,Positive,0.863,iphone pro max since march far no problem battery life last day not overheat know take care right way feature iphones not zoom action button fully customizable camera one enough people not knew main camera different camera lens mode usb perfect since lightning cable go easily far love,2
https://www.gsmarena.com/xiaomi_redmi_note_13_pro-reviews-12581,Anonymous,27 Jan 2025,0,what is the better phone between Redmi Note 13 pro and Honor x9c,what is the better phone between Redmi Note 13 pro and Honor x9c,13,Positive,0.7269,better phone redmi note pro honor xc,2
https://www.gsmarena.com/apple_iphone_15_pro_max-reviews-12548,Anonymous,09 Jul 2024,0,"ABC , 08 Jul 2024which phone is worth buying S24 plus or a 15 pro max ?S24 plus with the best apps inside. super fast and future phone generation.","ABC , 08 Jul 2024which phone is worth buying S24 plus or a 15 pro max ?S24 plus with the best apps inside. super fast and future phone generation.",29,Positive,0.875,abc jul phone worth buying plus pro max plus best apps inside super fast future phone generation,2
https://www.gsmarena.com/xiaomi_redmi_note_13_pro-reviews-12581,Anonymous,01 Jul 2025,0,"Anonymous, 02 Apr 2025I recently bought this phone, it's performing well but I am not able to upgrade to hyper ...moreThe same with me. 1 yr already still no update","Anonymous, 02 Apr 2025I recently bought this phone, it is performing well but I am not able to upgrade to hyper ...moreThe same with me. 1 yr already still no update",31,Negative,-0.3071,anonymous apr recently bought phone performing well but not able upgrade hyper morethe yr already still no update,0
https://www.gsmarena.com/samsung_galaxy_a54-reviews-12070,s35ym,27 Dec 2024,0,"Nuruddin Sarker , 09 Dec 2024I purchased Samsung galaxy A54 last week from Aliexpress  it's showing custom made and un...moreYou should have purchased from a reputed store.","Nuruddin Sarker , 09 Dec 2024I purchased Samsung galaxy A54 last week from Aliexpress it is showing custom made and un...moreYou should have purchased from a reputed store.",28,Neutral,0.0,nuruddin sarker dec purchased samsung galaxy last week aliexpress showing custom made unmoreyou purchased reputed store,1
https://www.gsmarena.com/apple_iphone_se_(2022)-reviews-11410,Michael McCarthy,18 Oct 2024,0,"Iskandar Sahar, 18 Oct 2024I use Samsung Galaxy J7 Core, a 7 years old Mid-ranger, switch from Samsung Galaxy A23, Even 7...moreAre they good phones those Samsung’s you mentioned?The iPhone 8 Plus is also 7 years old now but it’s still a good phone.","Iskandar Sahar, 18 Oct 2024I use Samsung Galaxy J7 Core, a 7 years old Mid-ranger, switch from Samsung Galaxy A23, Even 7...moreAre they good phones those Samsungs you mentioned?The iPhone 8 Plus is also 7 years old now but its still a good phone.",44,Positive,0.7003,iskandar sahar oct use samsung galaxy core year old midranger switch samsung galaxy even moreare good phone samsungs mentionedthe iphone plus also year old but still good phone,2
https://www.gsmarena.com/samsung_galaxy_a54-reviews-12070,Anonymous,08 Oct 2024,0,"Gino76ph, 06 Oct 2024It's a difficult choice i know. 
If the A54 has a 256GB UFS 4.0 and eSIM version that ma...moreUFS 4.0? 😂😅😅 you been misinformed","Gino76ph, 06 Oct 2024It's a difficult choice i know. If the A54 has a 256GB UFS 4.0 and eSIM version that ma...moreUFS 4.0? you been misinformed",26,Negative,-0.6249,ginoph oct difficult choice know gb ufs esim version mamoreufs misinformed,0
https://www.gsmarena.com/apple_iphone_se_(2022)-reviews-11410,Anonymous,10 Aug 2026,0,"M50, 15 Jul 2026It's not too small, unless you watch videos or play games. For messaging it's more t...moreM50 and smarslov..As I am.. Idem.. Likenyou.. Girly hands?!Not just watch video..how about online shopping?! Writing..That is NONSENSE playing game in this phone.. This phone IS NOT dor gamers since it build created. This is for bussinesman.Im talking about youtube and social media.. Short video etc.. Still ok.. Not like an netflixxx prime etc","M50, 15 Jul 2026It's not too small, unless you watch videos or play games. For messaging it is more t...moreM50 and smarslov..As I am.. Idem.. Likenyou.. Girly hands?!Not just watch video..how about online shopping?! Writing..That is NONSENSE playing game in this phone.. This phone IS NOT dor gamers since it build created. This is for bussinesman.I Am talking about youtube and social media.. Short video etc.. Still ok.. Not like an netflixxx prime etc",74,Negative,-0.3153,jul not small unless watch video play game messaging tmorem smarslovas idem likenyou girly handsnot watch videohow online shopping writingthat nonsense playing game phone phone not dor gamers since build created bussinesmani talking youtube social medium short video etc still ok not like netflixxx prime etc,0
https://www.gsmarena.com/xiaomi_redmi_note_13_pro-reviews-12581,Anonymous,08 Feb 2025,0,"ElPillo, 07 Feb 2025This one or Galaxy A55? Can't decide since daysThis Is Comparable With A35, Not A55","ElPillo, 07 Feb 2025This one or Galaxy A55? Cannot decide since daysThis Is Comparable With A35, Not A55",18,Neutral,0.0,elpillo feb one galaxy not decide since daysthis comparable not,1
https://www.gsmarena.com/apple_iphone_se_(2022)-reviews-11410,Michael McCarthy,25 May 2026,0,"Alex, 18 May 2026Only in JAPAN:.u must go to tokyo?! That is your ONLY hope.. in singapore u can get black 64gb...moreCan’t they buy one online too? I bought our two 8 Plus’s from eBay back in 2021. eBay has some SE 3’s too.","Alex, 18 May 2026Only in JAPAN:.you must go to tokyo?! That is your ONLY hope.. in singapore you can get black 64gb...moreCant they buy one online too? I bought our two 8 Pluss from eBay back in 2021. eBay has some SE 3s too.",44,Neutral,0.0,alex may japanyou must go tokyo hope singapore get black gbmorecant buy one online bought two plus ebay back ebay se,1
https://www.gsmarena.com/xiaomi_redmi_note_13_pro-reviews-12581,Anonymous,07 Oct 2025,0,Should I buy this or 14 pro ? . its obviously a downgrade but i want a curve display phone.,Should I buy this or 14 pro ? . its obviously a downgrade but i want a curve display phone.,20,Positive,0.1154,buy pro obviously downgrade but want curve display phone,2
https://www.gsmarena.com/realme_c55-reviews-12159,Bluewave,07 Mar 2023,0,"Poor outdated chipset g88, no gyro sensor,  otherwise good smartphone","Poor outdated chipset g88, no gyro sensor, otherwise good smartphone",10,Negative,-0.34,poor outdated chipset no gyro sensor otherwise good smartphone,0
https://www.gsmarena.com/apple_iphone_se_(2022)-reviews-11410,Michael McCarthy,29 Mar 2026,0,"Is iOS 26 really that bad? Like I mean would Apple (or anyone else) have (let alone release) a “final, stable version available to the public” that’s still dogshit? Maybe they want to or have to release a new major version of iOS each year regardless or something? I don’t know. I’ve never had higher than iOS 16 installed on my 8 Plus (which is my current phone) and I don’t know much about the newer versions at all.I’ve owned 2 iPhones so far (a 6 Plus and an 8 Plus) and I’ve never performed a jailbreak. If I were to jailbreak my 8 Plus then I guess I could install iOS 17 or 18 or 26 but isn’t there a higher risk of getting malware if you jailbreak or something? I don’t know much about jailbreaks.","Is iOS 26 really that bad? Like I mean would Apple (or anyone else) have (let alone release) a final, stable version available to the public that is still dogshit? Maybe they want to or have to release a new major version of iOS each year regardless or something? I do not know. I Have never had higher than iOS 16 installed on my 8 Plus (which is my current phone) and I do not know much about the newer versions at all.I Have owned 2 iPhones so far (a 6 Plus and an 8 Plus) and I Have never performed a jailbreak. If I were to jailbreak my 8 Plus then I guess I could install iOS 17 or 18 or 26 but is not there a higher risk of getting malware if you jailbreak or something? I do not know much about jailbreaks.",145,Positive,0.4448,io really bad like mean would apple anyone else let alone release final stable version available public still dogshit maybe want release new major version io year regardless something not know never higher io installed plus current phone not know much newer version alli owned iphones far plus plus never performed jailbreak jailbreak plus guess could install io but not higher risk getting malware jailbreak something not know much jailbreak,2
https://www.gsmarena.com/samsung_galaxy_a54-reviews-12070,Anonymous,03 Nov 2025,0,"Blue, 13 Oct 2025I used it for 2 year. I have problem with mobile network. It only work when I connect wifi. Wh...moreSame problem here. Network issues. Samsung service centre from nagercoil refused to do service. They run a software and said everything is fine. But still network issues there... using only with wifi. Waste of money","Blue, 13 Oct 2025I used it for 2 year. I have problem with mobile network. It only work when I connect wifi. Wh...moreSame problem here. Network issues. Samsung service centre from nagercoil refused to do service. They run a software and said everything is fine. But still network issues there... using only with wifi. Waste of money",57,Negative,-0.765,blue oct used year problem mobile network work connect wifi whmoresame problem network issue samsung service centre nagercoil refused service run software said everything fine but still network issue using wifi waste money,0
https://www.gsmarena.com/samsung_galaxy_s24_ultra-reviews-12771,Anonymous,28 May 2026,0,"Maggs, 27 May 2026Anyone received May security update? S25 ultra got it.My S23 Ultra received it today.","Maggs, 27 May 2026Anyone received May security update? S25 ultra got it.My S23 Ultra received it today.",17,Positive,0.34,maggs may anyone received may security update ultra got itmy ultra received today,2
https://www.gsmarena.com/apple_iphone_15_pro_max-reviews-12548,Jagganatha,19 Jun 2024,0,"I shall just have to go on waiting, because to me the idea of anultrawide lens with only possibly a maximum of 12 megapixel resolution is so absurd, that I just cannot bring myself to give yet more money to Apple.Because its resolution should equal that of the main sensor's claimed res of 48MP in RAW. And a lot more besides. It should not be so wide it distorts or has a lens that gets softer as you move away from the centre, as is still the case... A miniature version of the 15mm IRIX for 35mm would be an excellent choice because it has so little distortion that Ultrawide panoramas become again possible (would be a first on an iPhone though!) which it seems a 12mm lens cannot be used to do. With such an ultrawide making ultrawide panoramas I would buy a new iPhone and retire my still excellent 16mm 15mm f2.2 Ultrawide on my 2018 LG, but Apple has not even thought of this yet, & so remain at least six years behind times relative to LG, but they are catching up with the main cam's 25MP snaps, & once you are hooked on a resolution that allows you to use a hi-res 5K monitor and make big prints without embarassment & disappointment, there is no turning back. Let us hope Apple's Chinese masters allow them to do that ASAP, SVP","I shall just have to go on waiting, because to me the idea of anultrawide lens with only possibly a maximum of 12 megapixel resolution is so absurd, that I just cannot bring myself to give yet more money to Apple.Because its resolution should equal that of the main sensor's claimed res of 48MP in RAW. And a lot more besides. It should not be so wide it distorts or has a lens that gets softer as you move away from the centre, as is still the case... A miniature version of the 15mm IRIX for 35mm would be an excellent choice because it has so little distortion that Ultrawide panoramas become again possible (would be a first on an iPhone though!) which it seems a 12mm lens cannot be used to do. With such an ultrawide making ultrawide panoramas I would buy a new iPhone and retire my still excellent 16mm 15mm f2.2 Ultrawide on my 2018 LG, but Apple has not even thought of this yet, & so remain at least six years behind times relative to LG, but they are catching up with the main cam's 25MP snaps, & once you are hooked on a resolution that allows you to use a hi-res 5K monitor and make big prints without embarassment & disappointment, there is no turning back. Let us hope Apple's Chinese masters allow them to do that AS SOON AS POSSIBLE, SVP",237,Positive,0.8783,shall go waiting idea anultrawide lens possibly maximum megapixel resolution absurd not bring give yet money applebecause resolution equal main sensor claimed re mp raw lot besides not wide distorts lens get softer move away centre still case miniature version mm irix mm would excellent choice little distortion ultrawide panorama become possible would first iphone though seems mm lens not used ultrawide making ultrawide panorama would buy new iphone retire still excellent mm mm ultrawide lg but apple not even thought yet remain least six year behind time relative lg but catching main cam mp snap hooked resolution allows use hire monitor make big print without embarassment disappointment no turning back let u hope apple chinese master allow soon possible svp,2
https://www.gsmarena.com/realme_c55-reviews-12159,pelicethekitty,10 May 2023,0,"SnowyPG3D, 08 May 2023Helio g88 for this price? It's not the champion after allfor them it is, for the C series in particular, the C series on realme are budget phones, and this is the first one with a somehow good processor, who knows, maybe the next one has helio g90t or g95 with ufs, realme 10 isnt my liking too","SnowyPG3D, 08 May 2023Helio g88 for this price? It is not the champion after allfor them it is, for the C series in particular, the C series on realme are budget phones, and this is the first one with a somehow good processor, who knows, maybe the next one has helio g90t or g95 with ufs, realme 10 is not my liking too",63,Negative,-0.362,snowypgd may helio price not champion allfor series particular series realme budget phone first one somehow good processor know maybe next one helio gt ufs realme not liking,0
https://www.gsmarena.com/samsung_galaxy_s24_ultra-reviews-12771,Anonymous,04 Mar 2026,0,"Aadrian, 03 Mar 2026I downloaded and installed the February patch, a bit delayed but it arrived after all. No issu...moreDone.","Aadrian, 03 Mar 2026I downloaded and installed the February patch, a bit delayed but it arrived after all. No issu...moreDone.",20,Negative,-0.5023,aadrian mar downloaded installed february patch bit delayed but arrived no issumoredone,0
https://www.gsmarena.com/xiaomi_redmi_note_13_pro-reviews-12581,Anonymous,05 Dec 2024,0,This or Poco X6 Pro,This or Poco X6 Pro,5,Neutral,0.0,poco pro,1
https://www.gsmarena.com/apple_iphone_15_pro_max-reviews-12548,Anonymous,08 Jun 2024,0,"Anonymous, 08 Jun 2024s24 ultra
200 MP
8k 30 fps, 4k 120 fps
12GB ram vs 15 pro max's 8GB
Oh, sorry. 15 pro...moreNot even close. Its grainy display, battery and Camera's are as usual sh*t now. Lol","Anonymous, 08 Jun 2024s24 ultra 200 MP 8k 30 fps, 4k 120 fps 12GB ram vs 15 pro max's 8GB Oh, sorry. 15 pro...moreNot even close. Its grainy display, battery and Camera's are as usual sh*t now. Lol",38,Positive,0.3612,anonymous jun ultra mp fps fps gb ram v pro max gb oh sorry promorenot even close grainy display battery camera usual sht lol,2
https://www.gsmarena.com/xiaomi_redmi_note_13_pro-reviews-12581,0KAIR,30 Jan 2025,0,"hansi, 27 Jan 2025what is the better phone between Redmi Note 13 pro and Honor x9cXiaomi Redmi Note 13 Pro is of course better. It's better for camera, chipset and some other features. Honor x9c is just an unbreakable brick","hansi, 27 Jan 2025what is the better phone between Redmi Note 13 pro and Honor x9cXiaomi Redmi Note 13 Pro is of course better. It is better for camera, chipset and some other features. Honor x9c is just an unbreakable brick",41,Positive,0.9337,hansi jan better phone redmi note pro honor xcxiaomi redmi note pro course better better camera chipset feature honor xc unbreakable brick,2
https://www.gsmarena.com/apple_iphone_15_pro_max-reviews-12548,Anonymous,15 Jan 2025,0,Can it support for 4T4R on FDD L800 Band?,Can it support for 4T4R on FDD L800 Band?,9,Positive,0.4019,support tr fdd band,2
https://www.gsmarena.com/apple_iphone_se_(2022)-reviews-11410,Anonymous,16 Sep 2024,0,"Anonymous, 03 Jun 2024I like this new phone""New""? It's basically an iPhone 8 with more mAh and better chip.","Anonymous, 03 Jun 2024I like this new phone""New""? It is basically an iPhone 8 with more mAh and better chip.",20,Positive,0.6872,anonymous jun like new phonenew basically iphone mah better chip,2
https://www.gsmarena.com/samsung_galaxy_a54-reviews-12070,Anonymous,16 Mar 2026,0,"captaincreta, 08 Jan 2026SEVERE NETWORK ISSUE: Afterupgrading to One UI 8.0, cell connectivity stopped working. No serv...moreI have mobile data issues too though my only problem is it is having a problem connecting to 5G reliably. Other than that the phone is OK. It has a BAD network IC chip that you need to replace.","captaincreta, 08 Jan 2026SEVERE NETWORK ISSUE: Afterupgrading to One UI 8.0, cell connectivity stopped working. No serv...moreI have mobile data issues too though my only problem is it is having a problem connecting to 5G reliably. Other than that the phone is OK. It has a BAD network IC chip that you need to replace.",55,Negative,-0.8689,captaincreta jan severe network issue afterupgrading one ui cell connectivity stopped working no servmorei mobile data issue though problem problem connecting reliably phone ok bad network ic chip need replace,0
https://www.gsmarena.com/apple_iphone_se_(2022)-reviews-11410,Michael McCarthy,22 Jan 2025,0,"Minu, 21 Jan 2025You might as well get the Nokia XR21, which is one of the last mass-market consumer phones wit...moreYou’re probably right but switching from iPhone to android and vice versa is not seamless is it? Like when I went from my 6 Plus to my 8 Plus it was seamless, everything transferred over via Bluetooth.","Minu, 21 Jan 2025You might as well get the Nokia XR21, which is one of the last mass-market consumer phones wit...moreYoure probably right but switching from iPhone to android and vice versa is not seamless is it? Like when I went from my 6 Plus to my 8 Plus it was seamless, everything transferred over via Bluetooth.",57,Positive,0.5859,minu jan might well get nokia xr one last massmarket consumer phone witmoreyoure probably right but switching iphone android vice versa not seamless like went plus plus seamless everything transferred via bluetooth,2
https://www.gsmarena.com/apple_iphone_15_pro_max-reviews-12548,Anonymous,07 May 2024,0,"John, 06 May 2024Iphone 15 pro max, when I type in the middle of the screen, I feel as if there is a cavity und...moreCould be. Take it to the service center.","John, 06 May 2024Iphone 15 pro max, when I type in the middle of the screen, I feel as if there is a cavity und...moreCould be. Take it to the service center.",32,Neutral,0.0,john may iphone pro max type middle screen feel cavity undmorecould take service center,1
https://www.gsmarena.com/xiaomi_redmi_note_13_pro-reviews-12581,Anonymous,21 Apr 2025,0,Redmi note 13 pro battery not strong,Redmi note 13 pro battery not strong,7,Negative,-0.4023,redmi note pro battery not strong,0
https://www.gsmarena.com/xiaomi_redmi_note_13_pro-reviews-12581,Anonymous,31 Aug 2025,0,"mladen, 31 Aug 2025im using it about one year now, and i like it very much, i took the 12/512 version and it was ...moreRegional differences probably.","mladen, 31 Aug 2025im using it about one year now, and i like it very much, i took the 12/512 version and it was ...moreRegional differences probably.",27,Positive,0.3612,mladen aug im using one year like much took version moreregional difference probably,2
https://www.gsmarena.com/samsung_galaxy_s24_ultra-reviews-12771,SteveUk,07 Mar 2026,0,"Abhy06, 03 Mar 2026Samsung S24 Ultra the last true ''Note'' device from Samsung
2 years in s...moreI think you may have a battery problem... you shouldn't have to charge your phone multiple times a day, especially after only 2 years of use? (I've been using my S24U for the last 2 years and the battery is still great... lasts all day, easily 🤔)","Abhy06, 03 Mar 2026Samsung S24 Ultra the last true ''Note'' device from Samsung 2 years in s...moreI think you may have a battery problem... you should not have to charge your phone multiple times a day, especially after only 2 years of use? (I have been using my S24U for the last 2 years and the battery is still great... lasts all day, easily )",65,Positive,0.6369,abhy mar samsung ultra last true note device samsung year smorei think may battery problem not charge phone multiple time day especially year use using su last year battery still great last day easily,2
https://www.gsmarena.com/apple_iphone_15_pro_max-reviews-12548,Anonymous,20 Apr 2024,0,"Shadab, 17 Apr 2024Can it run Angry birds?Yeah but only 10 fps lol.","Shadab, 17 Apr 2024Can it run Angry birds?Yeah but only 10 fps lol.",13,Positive,0.3716,shadab apr run angry birdsyeah but fps lol,2
https://www.gsmarena.com/xiaomi_redmi_note_13_pro-reviews-12581,Anonymous,06 Mar 2025,0,"Disappointed user, 03 Mar 2025Garbage phone, crashing and can't handle most apps properly. This phone is definition of ...morewhy","Disappointed user, 03 Mar 2025Garbage phone, crashing and cannot handle most apps properly. This phone is definition of ...morewhy",19,Negative,-0.4767,disappointed user mar garbage phone crashing not handle apps properly phone definition morewhy,0
https://www.gsmarena.com/xiaomi_redmi_note_13_pro-reviews-12581,Anonymous,21 Apr 2025,0,May heating issue can't stand  slightly high tempNag hang.,May heating issue cannot stand slightly high tempNag hang.,9,Neutral,0.0,may heating issue not stand slightly high tempnag hang,1
https://www.gsmarena.com/samsung_galaxy_a54-reviews-12070,Anonymous,15 May 2026,0,"The worst Phone ever , consistently network issues , call drop issues , data connectivity issues. At the same time & same location & same network the other phone performs seamlessly. Mr. Samsung CEO , please upgrade yourself & your product to customer satisfaction level. If you are not able to do so , please get out of the business & let other players perform in the market","The worst Phone ever , consistently network issues , call drop issues , data connectivity issues. At the same time & same location & same network the other phone performs seamlessly. Mr. Samsung CEO , please upgrade yourself & your product to customer satisfaction level. If you are not able to do so , please get out of the business & let other players perform in the market",68,Positive,0.0772,worst phone ever consistently network issue call drop issue data connectivity issue time location network phone performs seamlessly mr samsung ceo please upgrade product customer satisfaction level not able please get business let player perform market,2
https://www.gsmarena.com/realme_c55-reviews-12159,Anonymous,25 Oct 2023,0,"Anonymous, 12 Oct 2023Can someone tell me if the camera is good for filming vlog etc. to upload on tiktok?Yes, the front camera is good enough for that. The main camera is one of the best I've seen.","Anonymous, 12 Oct 2023Can someone tell me if the camera is good for filming vlog etc. to upload on tiktok?Yes, the front camera is good enough for that. The main camera is one of the best I have seen.",39,Positive,0.875,anonymous oct someone tell camera good filming vlog etc upload tiktokyes front camera good enough main camera one best seen,2
https://www.gsmarena.com/apple_iphone_15_pro_max-reviews-12548,Debkumar,20 Oct 2024,0,"My 15 pro max over heating while using camera and video shoot, is there any solution or all phones are same issues?","My 15 pro max over heating while using camera and video shoot, is there any solution or all phones are same issues?",22,Neutral,-0.0258,pro max heating using camera video shoot solution phone issue,1
https://www.gsmarena.com/apple_iphone_se_(2022)-reviews-11410,Anonymous,25 Jun 2023,0,"Anonymous, 04 Jun 2023Monster performance? Well the chip inside the iPhone SE may be performant, but that weak batte...moreThe chip is very good and actually saves battery on previous chips while producing more power","Anonymous, 04 Jun 2023Monster performance? Well the chip inside the iPhone SE may be performant, but that weak batte...moreThe chip is very good and actually saves battery on previous chips while producing more power",34,Positive,0.2475,anonymous jun monster performance well chip inside iphone se may performant but weak battemorethe chip good actually save battery previous chip producing power,2
https://www.gsmarena.com/apple_iphone_15_pro_max-reviews-12548,Anonymous,08 Jul 2024,0,"Hello Moto, 07 Jul 2024this is cheap trash lol. my iphone 7 plus is so much better, it is faster and has more apps.iPhone 15 is cheap, Samsung A55 cost like house - you are strange.","Hello Moto, 07 Jul 2024this is cheap trash lol. my iphone 7 plus is so much better, it is faster and has more apps.iPhone 15 is cheap, Samsung A55 cost like house - you are strange.",36,Positive,0.7703,hello moto jul cheap trash lol iphone plus much better faster appsiphone cheap samsung cost like house strange,2
https://www.gsmarena.com/xiaomi_redmi_note_13_pro-reviews-12581,Anonymous,13 Feb 2025,0,Is it good for an average gaming performance?,Is it good for an average gaming performance?,8,Positive,0.4404,good average gaming performance,2
https://www.gsmarena.com/apple_iphone_15_pro_max-reviews-12548,Anonymous,09 Jul 2024,0,"Coolestcase, 04 Jul 2024I'm currently using an iPhone 13 Pro Max and I'm torn between switching to an iPhone...moreWait. If 16 pro max is good then buy it. If not then 15 pro max will be cheaper so win win situation","Coolestcase, 04 Jul 2024I'm currently using an iPhone 13 Pro Max and I am torn between switching to an iPhone...moreWait. If 16 pro max is good then buy it. If not then 15 pro max will be cheaper so win win situation",42,Positive,0.9124,coolestcase jul im currently using iphone pro max torn switching iphonemorewait pro max good buy not pro max cheaper win win situation,2
https://www.gsmarena.com/samsung_galaxy_s24_ultra-reviews-12771,Anonymous,23 Jun 2026,0,"I am so happy with the last May update, so why should I install the June update? I even do not think to install OneUI 9 when it is available for S24U.","I am so happy with the last May update, so why should I install the June update? I even do not think to install OneUI 9 when it is available for S24U.",32,Positive,0.6115,happy last may update install june update even not think install oneui available su,2
https://www.gsmarena.com/nokia_g22-reviews-12145,Anonymous,29 Jun 2023,0,Haven't been able to determine if and when is going to be available in US.  Anyone heard an update?,Have not been able to determine if and when is going to be available in US. Anyone heard an update?,20,Neutral,0.0,not able determine going available u anyone heard update,1
https://www.gsmarena.com/apple_iphone_15_pro_max-reviews-12548,Anonymous,03 Sep 2024,0,"Anonymous, 29 Aug 2024I was using iphone 14 pro and i bought this phone this year, everything about it is amazing, i...moreSo was the 14 Pro... Congrats on buying the same (larger) phone twice...","Anonymous, 29 Aug 2024I was using iphone 14 pro and i bought this phone this year, everything about it is amazing, i...moreSo was the 14 Pro... Congrats on buying the same (larger) phone twice...",34,Positive,0.802,anonymous aug using iphone pro bought phone year everything amazing imoreso pro congrats buying larger phone twice,2
https://www.gsmarena.com/xiaomi_redmi_note_13_pro-reviews-12581,ashrobb,07 Dec 2024,0,"Mik3, 04 Dec 2024I read about 50-50 mix of good-bad reviews/comments on the Note 13 Pro 4G/5g and the bad comme...moreThe 13 Pro 4G is hopeless, I wouldn't recommend it to anyone.13 Pro 5G would be amazing if it had better battery life to be honest. Every other aspect is good on it.","Mik3, 04 Dec 2024I read about 50-50 mix of good-bad reviews/comments on the Note 13 Pro 4G/5g and the bad comme...moreThe 13 Pro 4G is hopeless, I would not recommend it to anyone.13 Pro 5G would be amazing if it had better battery life to be honest. Every other aspect is good on it.",54,Positive,0.6474,mik dec read mix goodbad reviewscomments note pro gg bad commemorethe pro hopeless would not recommend anyone pro would amazing better battery life honest every aspect good,2
https://www.gsmarena.com/apple_iphone_se_(2022)-reviews-11410,Daemon Targaryen,16 Sep 2023,0,"SE3 has become my favorite iPhone of all-time. I just went back using it as my daily driver because while I prefer Android, I actually want to bombard gig apps on my iPhone.Stupid Spectrum Mobile. It wasn't free for a year. It only qualifies for one per account and my mother already took it. So I canceled my line 3 days ago and went back using my AT&T prepaid as my main line which is still FREE. At least Spectrum won't charge me $30.For 3 days, I was using my Pixel 3 as my daily. I love the thing and will try to keep it alive for as long as possible as that's the one I upload all my movies and TV shows onto Google Photos, but I ended up missing my SE3 because the battery life is much better on it.Pixel 3 has a battery over 2800 mAh. SE3 is at 1918 which also looks like that's the year it was released. Give me the smaller but more efficient battery. Won't drain my power banks as fast with the lower mAh. I don't care if it looks outdated. I prefer Touch ID, rounded sides, and sub-150g weight.It's such a maligned iPhone, and yet, I find it the most ideal iPhone I've ever owned. And I owned the iPhone 2G, 3G, 4, 4S twice, 5, SE1 twice, 7 twice, X, and 12 mini. I hated when the iPhone 12s came out and Apple returned to the flatter sides. At least with the 4s and 5s, they were very narrow.I'm glad Adam enjoys the SE3 too. He's one of the rare few. They make perfect trade-in phones although carriers are catching on and lowering their trade-in value. But even if you kept it because you enjoy it, they feel so nice to hold. My stepdad recently caught covid, so I'm wearing a mask. No worries unlocking it.If they break, they're so cheap to replace. Cheaper battery replacement. Probably the last, most repairable iPhone since the housing for them are so common. It's the final model with Touch ID and home button. Yeah, it only has 60 Hz and one camera. I don't care about any of that.People keep praising the SE1 but the SE3 is so much better than it and the SE2. Imagine it has the same A15 chip as the iPhone 13s and non-Pro 14s and you can get them in excellent condition for under $200. I got mine for $150 last year in October and it was practically new.Y'all can have your Face ID iPhone 13 minis with the tall aspect ratios and expensive repairs if Face ID breaks. I couldn't care less if the SE4 looks like it or the 14s with Dynamic Island. I hate those flat sides and a TPU case didn't make them more comfortable. And I prefer opening the Control Center by sliding up.SE3 is practical, efficient, repairable, inexpensive, and comfortable to holdHas the 16:9 aspect ratio which is great for watching movies and TV shows. And no exiting an app like Netflix by toggling with the volume/brightness going up or down. The last of its iPhone kind. And the best of its kind for my usage case.I'm going to use this iPhone for at least 10 years. I want $0 on my phone bill for the rest of my life and I will never finance a phone ever again. And if this SE3 breaks on me or I lose it, I'll buy another one for dirt cheap. My PSP 2000 model is 15-years-old and still works perfectly.SE3 is like the Hondas and Toyotas of iPhone. Reliable and cheap to fix.","SE3 has become my favorite iPhone of all-time. I just went back using it as my daily driver because while I prefer Android, I actually want to bombard gig apps on my iPhone.Stupid Spectrum Mobile. It was not free for a year. It only qualifies for one per account and my mother already took it. So I canceled my line 3 days ago and went back using my AT&T prepaid as my main line which is still FREE. At least Spectrum will not charge me $30.For 3 days, I was using my Pixel 3 as my daily. I love the thing and will try to keep it alive for as long as possible as that is the one I upload all my movies and TV shows onto Google Photos, but I ended up missing my SE3 because the battery life is much better on it.Pixel 3 has a battery over 2800 mAh. SE3 is at 1918 which also looks like that is the year it was released. Give me the smaller but more efficient battery. Will not drain my power banks as fast with the lower mAh. I do not care if it looks outdated. I prefer Touch ID, rounded sides, and sub-150g weight.It is such a maligned iPhone, and yet, I find it the most ideal iPhone I have ever owned. And I owned the iPhone 2G, 3G, 4, 4S twice, 5, SE1 twice, 7 twice, X, and 12 mini. I hated when the iPhone 12s came out and Apple returned to the flatter sides. At least with the 4s and 5s, they were very narrow.I am glad Adam enjoys the SE3 too. He is one of the rare few. They make perfect trade-in phones although carriers are catching on and lowering their trade-in value. But even if you kept it because you enjoy it, they feel so nice to hold. My stepdad recently caught covid, so I am wearing a mask. No worries unlocking it.If they break, they are so cheap to replace. Cheaper battery replacement. Probably the last, most repairable iPhone since the housing for them are so common. It is the final model with Touch ID and home button. Yeah, it only has 60 Hz and one camera. I do not care about any of that.People keep praising the SE1 but the SE3 is so much better than it and the SE2. Imagine it has the same A15 chip as the iPhone 13s and non-Pro 14s and you can get them in excellent condition for under $200. I got mine for $150 last year in October and it was practically new.You all can have your Face ID iPhone 13 minis with the tall aspect ratios and expensive repairs if Face ID breaks. I could not care less if the SE4 looks like it or the 14s with Dynamic Island. I hate those flat sides and a TPU case did not make them more comfortable. And I prefer opening the Control Center by sliding up.SE3 is practical, efficient, repairable, inexpensive, and comfortable to holdHas the 16:9 aspect ratio which is great for watching movies and TV shows. And no exiting an app like Netflix by toggling with the volume/brightness going up or down. The last of its iPhone kind. And the best of its kind for my usage case.I am going to use this iPhone for at least 10 years. I want $0 on my phone bill for the rest of my life and I will never finance a phone ever again. And if this SE3 breaks on me or I lose it, I will buy another one for dirt cheap. My PSP 2000 model is 15-years-old and still works perfectly.SE3 is like the Hondas and Toyotas of iPhone. Reliable and cheap to fix.",627,Positive,0.9975,se become favorite iphone alltime went back using daily driver prefer android actually want bombard gig apps iphonestupid spectrum mobile not free year qualifies one per account mother already took canceled line day ago went back using att prepaid main line still free least spectrum not charge day using pixel daily love thing try keep alive long possible one upload movie tv show onto google photo but ended missing se battery life much better itpixel battery mah se also look like year released give smaller but efficient battery not drain power bank fast lower mah not care look outdated prefer touch id rounded side subg weightit maligned iphone yet find ideal iphone ever owned owned iphone twice se twice twice mini hated iphone came apple returned flatter side least narrowi glad adam enjoys se one rare make perfect tradein phone although carrier catching lowering tradein value but even kept enjoy feel nice hold stepdad recently caught covid wearing mask no worry unlocking itif break cheap replace cheaper battery replacement probably last repairable iphone since housing common final model touch id home button yeah hz one camera not care thatpeople keep praising se but se much better se imagine chip iphone nonpro get excellent condition got mine last year october practically newyou face id iphone mini tall aspect ratio expensive repair face id break could not care less se look like dynamic island hate flat side tpu case not make comfortable prefer opening control center sliding upse practical efficient repairable inexpensive comfortable holdhas aspect ratio great watching movie tv show no exiting app like netflix toggling volumebrightness going last iphone kind best kind usage casei going use iphone least year want phone bill rest life never finance phone ever se break lose buy another one dirt cheap psp model yearsold still work perfectlyse like hondas toyota iphone reliable cheap fix,2
https://www.gsmarena.com/realme_c55-reviews-12159,akkha,24 Mar 2023,0,emmc is slow...,emmc is slow...,3,Neutral,0.0,emmc slow,1
https://www.gsmarena.com/samsung_galaxy_a54-reviews-12070,s35ym.,13 Jul 2025,0,"Vans79, 07 Jul 2025Does anybody observe slightly  reduced camera quality  after one UI 7 update or it is my devic...moreNo","Vans79, 07 Jul 2025Does anybody observe slightly reduced camera quality after one UI 7 update or it is my devic...moreNo",20,Neutral,0.0,van jul anybody observe slightly reduced camera quality one ui update devicmoreno,1
https://www.gsmarena.com/apple_iphone_se_(2022)-reviews-11410,Anonymous,06 Feb 2026,0,"I buy this phone about 4 month but i like this phone, nice photo and great perform…","I buy this phone about 4 month but i like this phone, nice photo and great perform",17,Positive,0.9274,buy phone month but like phone nice photo great perform,2
https://www.gsmarena.com/samsung_galaxy_a54-reviews-12070,Anonymous,03 Dec 2024,0,they say that it support Esim But i cant find this option in connection menu ?? should i factory data reset may be this option appears ?,they say that it support Esim But i cannot find this option in connection menu ?? should i factory data reset may be this option appears ?,27,Positive,0.3378,say support esim but not find option connection menu factory data reset may option appears,2
https://www.gsmarena.com/xiaomi_redmi_note_13_pro-reviews-12581,s.ghaem,12 Jul 2025,0,very slow in file transfer from flash memory!Does anyone have a solution to fix the problem?,very slow in file transfer from flash memory!Does anyone have a solution to fix the problem?,16,Negative,-0.1759,slow file transfer flash memorydoes anyone solution fix problem,0
https://www.gsmarena.com/realme_c55-reviews-12159,Anonymous,27 Jun 2023,0,"Anonymous, 07 Jun 2023Which is better, Realme C55 or Realme 9?Better r9  I have both..","Anonymous, 07 Jun 2023Which is better, Realme C55 or Realme 9?Better r9 I have both..",15,Positive,0.4404,anonymous jun better realme realme better,2
https://www.gsmarena.com/samsung_galaxy_a54-reviews-12070,Ultima 9,11 Sep 2024,0,"Anonymous, 10 Sep 2024Oh I'm sorry, we can't all be as smart as you idiot.Chill bro","Anonymous, 10 Sep 2024Oh I am sorry, we cannot all be as smart as you idiot.Chill bro",17,Positive,0.34,anonymous sep oh sorry not smart idiotchill bro,2
https://www.gsmarena.com/xiaomi_redmi_note_13_pro-reviews-12581,Anonymous,28 Apr 2025,0,"Anonymous, 25 Apr 2025I recently purchased my redmi note 13 pro but it's communicating in Chinese half of its c...morei think you bought a chinese rom and you can change the rom to global in the technician or if not, just go to settings.","Anonymous, 25 Apr 2025I recently purchased my redmi note 13 pro but it is communicating in Chinese half of its c...morei think you bought a chinese rom and you can change the rom to global in the technician or if not, just go to settings.",45,Neutral,0.0,anonymous apr recently purchased redmi note pro but communicating chinese half cmorei think bought chinese rom change rom global technician not go setting,1
https://www.gsmarena.com/apple_iphone_se_(2022)-reviews-11410,Anonymous,23 Aug 2024,0,Dat battery life tho...,Dat battery life though...,4,Neutral,0.0,dat battery life though,1
https://www.gsmarena.com/apple_iphone_15_pro_max-reviews-12548,olicruz30,09 Jun 2024,0,"Anonymous, 26 Mar 2024No it doesn't, 8k is more detailed and for now s24u is the best 8k resolution recording d...morenow, i did do my research..device = a thing made or adapted for a particular purpose, especially a piece of mechanical or electronic equipment.so basically any mobile phone is a device and same goes for a red digital cinema camera.so don't throw in your opinion that the S24U is the best 8k recording ""device"" out there but then say that it is so unfair to compare the S24U to an actual digital cinema camera ""device"".there's nothing wrong with voicing out your opinion that the S24U is the best 8k recording device out there but don't start yelping out when someone tells you of an actual device that does the job better than your favored S24U.","Anonymous, 26 Mar 2024No it does not, 8k is more detailed and for now s24u is the best 8k resolution recording d...morenow, i did do my research..device = a thing made or adapted for a particular purpose, especially a piece of mechanical or electronic equipment.so basically any mobile phone is a device and same goes for a red digital cinema camera.so do not throw in your opinion that the S24U is the best 8k recording ""device"" out there but then say that it is so unfair to compare the S24U to an actual digital cinema camera ""device"".there is nothing wrong with voicing out your opinion that the S24U is the best 8k recording device out there but do not start yelping out when someone tells you of an actual device that does the job better than your favored S24U.",139,Positive,0.9468,anonymous mar no not detailed su best resolution recording dmorenow researchdevice thing made adapted particular purpose especially piece mechanical electronic equipmentso basically mobile phone device go red digital cinema cameraso not throw opinion su best recording device but say unfair compare su actual digital cinema camera devicethere nothing wrong voicing opinion su best recording device but not start yelping someone tell actual device job better favored su,2
https://www.gsmarena.com/xiaomi_redmi_note_13_pro-reviews-12581,Anonymous,11 Mar 2025,0,"Just updated to 2.0.4.0 and so far so good. The lag part has been partially fixed. But still, moat of the features are not available","Just updated to 2.0.4.0 and so far so good. The lag part has been partially fixed. But still, moat of the features are not available",25,Positive,0.1787,updated far good lag part partially fixed but still moat feature not available,2
https://www.gsmarena.com/realme_c55-reviews-12159,Anonymous,05 Nov 2023,0,"Worst I ever used, 02 Aug 2023This is one of the worst phone I've ever used. I have realme 1 from 5 years ago which sti...moreok","Worst I ever used, 02 Aug 2023This is one of the worst phone I have ever used. I have realme 1 from 5 years ago which sti...moreok",27,Negative,-0.8481,worst ever used aug one worst phone ever used realme year ago stimoreok,0
https://www.gsmarena.com/realme_c55-reviews-12159,rakesh2010,07 Mar 2023,0,I hope they will make a written review for this phone.,I hope they will make a written review for this phone.,11,Positive,0.4404,hope make written review phone,2
https://www.gsmarena.com/samsung_galaxy_a54-reviews-12070,Anonymous,23 Sep 2025,0,"Anonymous, 22 Aug 2025My A54 never have such issues after almost 2 yearsSame","Anonymous, 22 Aug 2025My A54 never have such issues after almost 2 yearsSame",13,Neutral,0.0,anonymous aug never issue almost yearssame,1
https://www.gsmarena.com/apple_iphone_15_pro_max-reviews-12548,Anonymous,07 Jun 2024,0,"2342342342342, 06 Jun 2024Not at all a best phone in the world because best one is Samsung Galaxy S24 UltraLol No one can touch IPhone ... Its experience is miles ahead of everyone.","2342342342342, 06 Jun 2024Not at all a best phone in the world because best one is Samsung Galaxy S24 UltraLol No one can touch IPhone ... Its experience is miles ahead of everyone.",33,Positive,0.802,jun not best phone world best one samsung galaxy ultralol no one touch iphone experience mile ahead everyone,2
https://www.gsmarena.com/realme_c55-reviews-12159,Anonymous,13 Apr 2023,0,The sound recording on video is awful!!! Stay away from this phone,The sound recording on video is awful!!! Stay away from this phone,12,Negative,-0.5962,sound recording video awful stay away phone,0
https://www.gsmarena.com/samsung_galaxy_a54-reviews-12070,Anonymous,13 Nov 2025,0,"Phone with 256gb, 8gb ram and 1tb sd, works great, I have the animation speed set to 0.5 and it works faster. For this money it is great and it is not big.","Phone with 256gb, 8gb ram and 1tb sd, works great, I have the animation speed set to 0.5 and it works faster. For this money it is great and it is not big.",33,Positive,0.8481,phone gb gb ram tb sd work great animation speed set work faster money great not big,2
https://www.gsmarena.com/apple_iphone_15_pro_max-reviews-12548,Anonymous,06 Nov 2024,0,Hallo bro my iPhone 15 promax dual sim tray in on d right hand side n why is it so?,Hallo bro my iPhone 15 promax dual sim tray in on d right hand side n why is it so?,20,Positive,0.4939,hallo bro iphone promax dual sim tray right hand side,2
https://www.gsmarena.com/apple_iphone_se_(2022)-reviews-11410,The Boy with Red Hat,15 Jun 2025,0,"Problem will be as long as apps stop working at your iPhone, iOS is far different from Android, for now many apps stops working on older models for example iOS 12 and 13 many apps already dont work on those versions. So as long your iPhone gets oldes sooner or later many apps will stop working, and since SE 2022 has the A15, well, this iPhone will last longer.","Problem will be as long as apps stop working at your iPhone, iOS is far different from Android, for now many apps stops working on older models for example iOS 12 and 13 many apps already do not work on those versions. So as long your iPhone gets oldes sooner or later many apps will stop working, and since SE 2022 has the A15, well, this iPhone will last longer.",70,Negative,-0.6808,problem long apps stop working iphone io far different android many apps stop working older model example io many apps already not work version long iphone get oldes sooner later many apps stop working since se well iphone last longer,0
https://www.gsmarena.com/xiaomi_redmi_note_13_pro-reviews-12581,Anonymous,16 Jan 2025,0,"WildSpaniard, 14 Jan 2025You can easily turn off the ads within the Xiaomi apps. It took me 10 minutes or so.How did you do that?","WildSpaniard, 14 Jan 2025You can easily turn off the ads within the Xiaomi apps. It took me 10 minutes or so.How did you do that?",25,Positive,0.34,wildspaniard jan easily turn ad within xiaomi apps took minute sohow,2
https://www.gsmarena.com/samsung_galaxy_s24_ultra-reviews-12771,IByWilden67,03 Dec 2025,0,I got this phone after getting the Samsung FE and it was a luxurey,I got this phone after getting the Samsung FE and it was a luxurey,14,Neutral,0.0,got phone getting samsung fe luxurey,1
https://www.gsmarena.com/xiaomi_redmi_note_13_pro-reviews-12581,Eric20,01 Mar 2025,0,"anonymous, 24 Feb 2025Is this phone worth buying for 410 cad? I need phone for amateur videos on tiktok and as my ma...morehttps://www.gsmarena.com/realme_13-13289.phpThis is C$ 270 only athttps://www.aliexpress.com/item/1005007612967657.htmlThe Xiaomi Note 13 Pro 4G version was only $200 during Black Friday, but you missed the boat.","anonymous, 24 Feb 2025Is this phone worth buying for 410 cad? I need phone for amateur videos on tiktok and as my ma...more is C$ 270 only at Xiaomi Note 13 Pro 4G version was only $200 during Black Friday, but you missed the boat.",45,Negative,-0.3291,anonymous feb phone worth buying cad need phone amateur video tiktok mamore xiaomi note pro version black friday but missed boat,0
https://www.gsmarena.com/apple_iphone_15_pro_max-reviews-12548,Anonymous,27 May 2024,0,"No aux, no sd card.... No buy. Even infrared is missing.","No aux, no sd card.... No buy. Even infrared is missing.",11,Negative,-0.7783,no aux no sd card no buy even infrared missing,0
https://www.gsmarena.com/samsung_galaxy_a54-reviews-12070,Anonymous,19 Aug 2024,0,"Anonymous, 30 Jul 2024I know it has USB-PD, but does it also have QC 3.0?

Samsung adopted QC 2.0 as early as 2014...moreQc 3.0 is only for Qualcomm soc's","Anonymous, 30 Jul 2024I know it has USB-PD, but does it also have QC 3.0? Samsung adopted QC 2.0 as early as 2014...moreQc 3.0 is only for Qualcomm soc's",29,Neutral,0.0,anonymous jul know usbpd but also qc samsung adopted qc early moreqc qualcomm socs,1
https://www.gsmarena.com/samsung_galaxy_a54-reviews-12070,Gino76ph,13 Oct 2024,0,"Did you find the Galaxy A54 ultrawide camera has colours and sharpness comparable and consistent with it's main camera?Would you say skin tones are accurate for both main and selfie?Dynamic range any good? No overblown backgrounds? Blue sky is truly blue?In low light are there no highlights (overblown) when it comes to building lights, street lamps and store signs?Digital zoom is decent and clean and not too noisy or blurred or oversharpened?Or get something else like a Nord 3 or Poco F6 which are in may ways 80% better in specs apart from the cameras which are a decent lot.","Did you find the Galaxy A54 ultrawide camera has colours and sharpness comparable and consistent with it is main camera?Would you say skin tones are accurate for both main and selfie?Dynamic range any good? No overblown backgrounds? Blue sky is truly blue?In low light are there no highlights (overblown) when it comes to building lights, street lamps and store signs?Digital zoom is decent and clean and not too noisy or blurred or oversharpened?Or get something else like a Nord 3 or Poco F6 which are in may ways 80% better in specs apart from the cameras which are a decent lot.",101,Positive,0.8714,find galaxy ultrawide camera colour sharpness comparable consistent main camerawould say skin tone accurate main selfiedynamic range good no overblown background blue sky truly bluein low light no highlight overblown come building light street lamp store signsdigital zoom decent clean not noisy blurred oversharpenedor get something else like nord poco may way better spec apart camera decent lot,2
https://www.gsmarena.com/xiaomi_redmi_note_13_pro-reviews-12581,ashrobb,25 Dec 2024,0,"Anonymous, 25 Dec 2024Currently using a Poco X6 Pro. No major issues with it, so I'm not planning to switch pho...moreI'm on the same boat. I've actually read good news about HyperOS 2, seems to be an improvement over 1.0. I think X6 Pro is already getting it in Europe.In your case at least the hardware is very powerful so it can overcome unoptimized software, but in the case of this phone it requires more work. Let's see what happens.","Anonymous, 25 Dec 2024Currently using a Poco X6 Pro. No major issues with it, so I am not planning to switch pho...moreI'm on the same boat. I have actually read good news about HyperOS 2, seems to be an improvement over 1.0. I think X6 Pro is already getting it in Europe.In your case at least the hardware is very powerful so it can overcome unoptimized software, but in the case of this phone it requires more work. Let us see what happens.",83,Positive,0.5262,anonymous dec currently using poco pro no major issue not planning switch phomoreim boat actually read good news hyperos seems improvement think pro already getting europein case least hardware powerful overcome unoptimized software but case phone requires work let u see happens,2
https://www.gsmarena.com/apple_iphone_15_pro_max-reviews-12548,Anonymous,10 Jul 2024,0,"Anonymous, 09 Jul 2024Wait. If 16 pro max is good then buy it. If not then 15 pro max will be cheaper so win win situationAlso can try S4 Plus for the super chipset generation the most of the futuristic and advance technologies.","Anonymous, 09 Jul 2024Wait. If 16 pro max is good then buy it. If not then 15 pro max will be cheaper so win win situationAlso can try S4 Plus for the super chipset generation the most of the futuristic and advance technologies.",43,Positive,0.9554,anonymous jul wait pro max good buy not pro max cheaper win win situationalso try plus super chipset generation futuristic advance technology,2
https://www.gsmarena.com/samsung_galaxy_a54-reviews-12070,Anonymous,13 Mar 2025,0,"tiltil, 13 Mar 2025i have experienced this issue recently with the usb moisture detector error.Switch it off,power it on and right after samsung logo disapears insert the usb charger and it will skip moisture detection","tiltil, 13 Mar 2025i have experienced this issue recently with the usb moisture detector error.Switch it off,power it on and right after samsung logo disapears insert the usb charger and it will skip moisture detection",35,Neutral,0.0,tiltil mar experienced issue recently usb moisture detector errorswitch offpower right samsung logo disapears insert usb charger skip moisture detection,1
https://www.gsmarena.com/realme_c55-reviews-12159,Jemlim,17 Mar 2023,0,"Anonymous, 16 Mar 2023Thinkphones ?thinkphones? maybe you meant motorola thinkphone. well, that phone's price is higher than this one, so its not counted.","Anonymous, 16 Mar 2023Thinkphones ?thinkphones? maybe you meant motorola thinkphone. well, that phone's price is higher than this one, so its not counted.",23,Positive,0.3527,anonymous mar thinkphones thinkphones maybe meant motorola thinkphone well phone price higher one not counted,2
https://www.gsmarena.com/samsung_galaxy_s24_ultra-reviews-12771,Sam799,23 Jun 2026,0,"Aadrian, 22 Jun 2026Thanks for sharing, I checked it on my phone as well and also got the patch of June!You're welcome 😊","Aadrian, 22 Jun 2026Thanks for sharing, I checked it on my phone as well and also got the patch of June!You are welcome",23,Positive,0.8016,aadrian jun thanks sharing checked phone well also got patch juneyou welcome,2
https://www.gsmarena.com/apple_iphone_15_pro_max-reviews-12548,Omnia1991,01 May 2026,0,"Samuel mame, 26 Jan 2026Why i dont like ipone 15 max is that the battery does nft last is who have powerbank that use ...moreI really do it 🤭","Samuel mame, 26 Jan 2026Why i do not like ipone 15 max is that the battery does nft last is who have powerbank that use ...moreI really do it",29,Negative,-0.2755,samuel mame jan not like ipone max battery nft last powerbank use morei really,0
https://www.gsmarena.com/apple_iphone_se_(2022)-reviews-11410,Anonymous,24 Sep 2023,0,"I know that we don't share same tastes but seriously how do you consider this phone is ""good"" when the only good thing is the chip but most users don't gonna use full potential due the terrible 4.7 inches LCD HD 60hz screen combined with a battery that won't last half of a day, and that is at launch, I can't imagine how bad will be the battery in a couple of years that is the time that some users will have the phone.Also base storage is 64gb... pls, tell me how would you use such terrible device in 2026You really need to be an Apple fanboy because the specs are like 100$ phone while being selled at 400$ in USA and 600$ in the rest of the countries","I know that we do not share same tastes but seriously how do you consider this phone is ""good"" when the only good thing is the chip but most users do not going to use full potential due the terrible 4.7 inches LCD HD 60hz screen combined with a battery that will not last half of a day, and that is at launch, I cannot imagine how bad will be the battery in a couple of years that is the time that some users will have the phone.Also base storage is 64gb... pls, tell me how would you use such terrible device in 2026You really need to be an Apple fanboy because the specs are like 100$ phone while being selled at 400$ in USA and 600$ in the rest of the countries",133,Positive,0.1358,know not share taste but seriously consider phone good good thing chip but user not going use full potential due terrible inch lcd hd hz screen combined battery not last half day launch not imagine bad battery couple year time user phonealso base storage gb pls tell would use terrible device really need apple fanboy spec like phone selled usa rest country,2
https://www.gsmarena.com/samsung_galaxy_s24_ultra-reviews-12771,Anonymous,24 Jul 2026,0,"So I'm buying new phone after 6 years of usage of my previous one. So I previously decided to buy Red Magic 11 Pro (16/512 variant), but after seeing this phone (12/512 variant) in nearly same price. I am quite confused, so what phone would be better for long term S24U or RM 11 Pro?","So I am buying new phone after 6 years of usage of my previous one. So I previously decided to buy Red Magic 11 Pro (16/512 variant), but after seeing this phone (12/512 variant) in nearly same price. I am quite confused, so what phone would be better for long term S24U or RM 11 Pro?",56,Positive,0.1181,buying new phone year usage previous one previously decided buy red magic pro variant but seeing phone variant nearly price quite confused phone would better long term su rm pro,2
https://www.gsmarena.com/apple_iphone_se_(2022)-reviews-11410,Anonymous,29 Jul 2025,0,"mussa, 26 Jul 2025your 3d image view nowadays is garbage can not zoom in high definition as beforeCan't even flip it from under, instead browser scrolls up. Thought it's my phone.","mussa, 26 Jul 2025your 3d image view nowadays is garbage can not zoom in high definition as beforeCan't even flip it from under, instead browser scrolls up. Thought it is my phone.",32,Neutral,0.0,mussa jul image view nowadays garbage not zoom high definition beforecant even flip instead browser scroll thought phone,1
https://www.gsmarena.com/apple_iphone_se_(2022)-reviews-11410,Anonymous,28 Dec 2023,0,"Anonymous, 26 Dec 2023I want to buy phonewhich phone","Anonymous, 26 Dec 2023I want to buy phonewhich phone",9,Positive,0.0772,anonymous dec want buy phonewhich phone,2
https://www.gsmarena.com/samsung_galaxy_a54-reviews-12070,Anonymous,17 Jul 2025,0,Best phone ever,Best phone ever,3,Positive,0.6369,best phone ever,2
https://www.gsmarena.com/xiaomi_redmi_note_13_pro-reviews-12581,mortis,06 Jul 2026,0,"Mishael witty, 30 Jun 2026Did this phone still good for this year 2026?
Pls help me 
I need an answerfrom my 2 years of experience using this phone, my issues with this phone is the battery and the heat. i wont recommend this phone if you go out very often, the screen is bright but the battery dont really pair with it, it drains fast, and it gets hot pretty quickly, especially if you use the max brightness","Mishael witty, 30 Jun 2026Did this phone still good for this year 2026? Pls help me I need an answerfrom my 2 years of experience using this phone, my issues with this phone is the battery and the heat. i will not recommend this phone if you go out very often, the screen is bright but the battery do not really pair with it, it drains fast, and it gets hot pretty quickly, especially if you use the max brightness",80,Positive,0.901,mishael witty jun phone still good year pls help need answerfrom year experience using phone issue phone battery heat not recommend phone go often screen bright but battery not really pair drain fast get hot pretty quickly especially use max brightness,2
https://www.gsmarena.com/samsung_galaxy_s24_ultra-reviews-12771,Anonymous,19 Dec 2025,0,Received december security update yesterday.,Received december security update yesterday.,5,Positive,0.34,received december security update yesterday,2
https://www.gsmarena.com/apple_iphone_15_pro_max-reviews-12548,Anonymous,10 Jun 2024,0,"2342342342342, 06 Jun 2024Not at all a best phone in the world because best one is Samsung Galaxy S24 UltraYes Ultra most of the best in the world. so fantastic","2342342342342, 06 Jun 2024Not at all a best phone in the world because best one is Samsung Galaxy S24 UltraYes Ultra most of the best in the world. so fantastic",30,Positive,0.9596,jun not best phone world best one samsung galaxy ultrayes ultra best world fantastic,2
https://www.gsmarena.com/samsung_galaxy_a54-reviews-12070,Anonymous,01 Sep 2024,0,"Bro, I'm so confused whether to choose A54 or A35, Which one is better?","Bro, I am so confused whether to choose A54 or A35, Which one is better?",15,Neutral,-0.0236,bro confused whether choose one better,1
https://www.gsmarena.com/xiaomi_redmi_note_13_pro-reviews-12581,Anonymous,25 Mar 2025,0,"Anonymous, 24 Mar 2025is all xiaomi crapware easy to remove ? I mean not the obvious netflix and apps, the shaddy ad...moreUse Android Debloater (ADB)","Anonymous, 24 Mar 2025is all xiaomi crapware easy to remove ? I mean not the obvious netflix and apps, the shaddy ad...moreUse Android Debloater (ADB)",25,Positive,0.4404,anonymous mar xiaomi crapware easy remove mean not obvious netflix apps shaddy admoreuse android debloater adb,2
https://www.gsmarena.com/xiaomi_redmi_note_13_pro-reviews-12581,Anonymous,24 Jan 2025,0,"Hew86ey, 23 Jan 2025I've not experienced any issues with the update, I had to change the region to Argentina ...morenice advise. I will try that on monday. But did you got the deep effect on the wallpaper?","Hew86ey, 23 Jan 2025I've not experienced any issues with the update, I had to change the region to Argentina ...morenice advise. I will try that on monday. But did you got the deep effect on the wallpaper?",37,Neutral,0.0,hewey jan ive not experienced issue update change region argentina morenice advise try monday but got deep effect wallpaper,1
https://www.gsmarena.com/samsung_galaxy_a54-reviews-12070,Anonymous,23 Mar 2025,0,in this price segmentAverage quality phone,in this price segmentAverage quality phone,6,Neutral,0.0,price segmentaverage quality phone,1
https://www.gsmarena.com/apple_iphone_se_(2022)-reviews-11410,Michael McCarthy,18 Oct 2024,0,"Canelo, 13 Oct 2024Why must you commenters use the word….Literally so much.Use what word?","Canelo, 13 Oct 2024Why must you commenters use the word.Literally so much.Use what word?",14,Neutral,0.0,canelo oct must commenters use wordliterally muchuse word,1
https://www.gsmarena.com/xiaomi_redmi_note_13_pro-reviews-12581,BATMANN,19 Jul 2026,0,Better than note 17 pro 💀,Better than note 17 pro,5,Positive,0.4404,better note pro,2
https://www.gsmarena.com/realme_c55-reviews-12159,Kenyan Oxygen,22 May 2023,0,Nowadays phones be like 64Mp bt produces 1080px like wtf,Nowadays phones be like 64Mp bt produces 1080px like wtf,10,Positive,0.0516,nowadays phone like mp bt produce px like wtf,2
https://www.gsmarena.com/xiaomi_redmi_note_13_pro-reviews-12581,Anonymous,06 Dec 2024,0,"Anonymous, 02 Dec 2024Try taking photos in low-light, you'll notice a huge difference between the 10X Pro and N...moreIn low light it makes horrible photo's or mine does have a hardware problemThe camera of mine Redmi Note 12 Pro was way better","Anonymous, 02 Dec 2024Try taking photos in low-light, you will notice a huge difference between the 10X Pro and N...moreIn low light it makes horrible photo's or mine does have a hardware problemThe camera of mine Redmi Note 12 Pro was way better",43,Negative,-0.1027,anonymous dec try taking photo lowlight notice huge difference pro nmorein low light make horrible photo mine hardware problemthe camera mine redmi note pro way better,0
https://www.gsmarena.com/apple_iphone_se_(2022)-reviews-11410,P650SE,19 May 2023,0,"need advice, 17 May 2023Please advise. Iphone SE 2022 or Asus Zenfone 9? 
I need a small phone with monster performance.In terms of performance they're about the same, A15 is a bit better overall, Snapdragon has slightly better gaming performance. I suppose it depends whether you prefer iOS or Android, and if you prefer the larger screen size and AMOLED of the Zenfone 9. Asus has significantly larger battery capacity.For me personally I would choose SE because IPS screen is more colour-accurate and better for my eyes (no PWM flickering) and I prefer a more compact phone. I like iOS more aesthetically as well as better privacy compared to Google. SE will probably get more years of software support in future.","need advice, 17 May 2023Please advise. Iphone SE 2022 or Asus Zenfone 9? I need a small phone with monster performance.In terms of performance they are about the same, A15 is a bit better overall, Snapdragon has slightly better gaming performance. I suppose it depends whether you prefer iOS or Android, and if you prefer the larger screen size and AMOLED of the Zenfone 9. Asus has significantly larger battery capacity.For me personally I would choose SE because IPS screen is more colour-accurate and better for my eyes (no PWM flickering) and I prefer a more compact phone. I like iOS more aesthetically as well as better privacy compared to Google. SE will probably get more years of software support in future.",122,Positive,0.9547,need advice may please advise iphone se asus zenfone need small phone monster performancein term performance bit better overall snapdragon slightly better gaming performance suppose depends whether prefer io android prefer larger screen size amoled zenfone asus significantly larger battery capacityfor personally would choose se ip screen colouraccurate better eye no pwm flickering prefer compact phone like io aesthetically well better privacy compared google se probably get year software support future,2
https://www.gsmarena.com/apple_iphone_se_(2022)-reviews-11410,Michael McCarthy,07 Oct 2024,0,"Anonymous, 06 Oct 2024-Has iPhone 8 outdated design (which is barely different from the 2015 iPhone 6)
-Has iPhone ...moreI’m not old and I wouldn’t say I need Touch ID I’ve just always had the home button so I guess I like it rather than need it. I’ve only had two iPhones so far though, a 6 Plus and an 8 Plus. I haven’t really tried using the newer iPhones so I dunno if I’d miss having the home button or not.","Anonymous, 06 Oct 2024-Has iPhone 8 outdated design (which is barely different from the 2015 iPhone 6) -Has iPhone ...moreIm not old and I would not say I need Touch ID I Have just always had the home button so I guess I like it rather than need it. I Have only had two iPhones so far though, a 6 Plus and an 8 Plus. I have not really tried using the newer iPhones so I do not know if Id miss having the home button or not.",88,Positive,0.2911,anonymous oct iphone outdated design barely different iphone iphone moreim not old would not say need touch id always home button guess like rather need two iphones far though plus plus not really tried using newer iphones not know id miss home button not,2
https://www.gsmarena.com/samsung_galaxy_s24_ultra-reviews-12771,Anonymous,14 May 2026,0,https://youtu.be/8vXfIfRqGBc?si=vfv8PJBdNe8E5mwNThis will tell you everything update 8.5 update which is really a downgrade.,will tell you everything update 8.5 update which is really a downgrade.,12,Neutral,0.0,tell everything update update really downgrade,1
https://www.gsmarena.com/samsung_galaxy_a54-reviews-12070,Asher7,11 Dec 2025,0,"I've been using a degraded Google Pixel 4a for 1.5 years, right now, the phone has frustrated me with battery life, the screen is in a really cracked condition, and the performance isn't good anymore.I am a casual user and looking for a used budget phone which will give me a good battery life, decent performance (I only play eFootball mobile) and camera. I plan to use the phone for like 2 years.My current phone options are the Samsung Galaxy A54 and the Samsung Galaxy S21 FE (because of budget).I want a phone that won't die on me and won't degrade in health over the years, a good and smooth performance (at least for eFootball mobile) that will be okay over the years, decent camera age and software longevity.","I have been using a degraded Google Pixel 4a for 1.5 years, right now, the phone has frustrated me with battery life, the screen is in a really cracked condition, and the performance is not good anymore.I am a casual user and looking for a used budget phone which will give me a good battery life, decent performance (I only play eFootball mobile) and camera. I plan to use the phone for like 2 years.My current phone options are the Samsung Galaxy A54 and the Samsung Galaxy S21 FE (because of budget).I want a phone that will not die on me and will not degrade in health over the years, a good and smooth performance (at least for eFootball mobile) that will be okay over the years, decent camera age and software longevity.",133,Neutral,0.0088,using degraded google pixel year right phone frustrated battery life screen really cracked condition performance not good anymorei casual user looking used budget phone give good battery life decent performance play efootball mobile camera plan use phone like yearsmy current phone option samsung galaxy samsung galaxy fe budgeti want phone not die not degrade health year good smooth performance least efootball mobile okay year decent camera age software longevity,1
https://www.gsmarena.com/samsung_galaxy_a54-reviews-12070,FMHaker,21 Oct 2025,0,"When it came out at first it came with android 13 and oneui 5.1! The software animations were little bit laggy, heating issues on lite use, battery drain quickly... Now phone is updated to latest android 16 with one ui 8 on top and meny issues was solved! No lagg, no heat, battery vas much better.... At first i was disipointed, now i feel i m rocking like completly brand new phone! Tumb up for Samsung! 👍","When it came out at first it came with android 13 and oneui 5.1! The software animations were little bit laggy, heating issues on lite use, battery drain quickly... Now phone is updated to latest android 16 with one ui 8 on top and meny issues was solved! No lagg, no heat, battery vas much better.... At first i was disipointed, now i feel i m rocking like completly brand new phone! Tumb up for Samsung!",76,Positive,0.4885,came first came android oneui software animation little bit laggy heating issue lite use battery drain quickly phone updated latest android one ui top meny issue solved no lagg no heat battery va much better first disipointed feel rocking like completly brand new phone tumb samsung,2
https://www.gsmarena.com/apple_iphone_se_(2022)-reviews-11410,Anonymous,26 Jun 2024,0,"P650SE, 22 Apr 2024I purchased this phone new a week ago. The one major issue I have noticed personally, is that ...moreI have this model too, I don't have this problem, but the battery is very bad, the interface is slow like all iPhones, IOS is inconvenient if you need something more than just calls and a browser. I'd rather buy the OnePlus 12R","P650SE, 22 Apr 2024I purchased this phone new a week ago. The one major issue I have noticed personally, is that ...moreI have this model too, I do not have this problem, but the battery is very bad, the interface is slow like all iPhones, IOS is inconvenient if you need something more than just calls and a browser. I would rather buy the OnePlus 12R",66,Negative,-0.7965,pse apr purchased phone new week ago one major issue noticed personally morei model not problem but battery bad interface slow like iphones io inconvenient need something call browser would rather buy oneplus,0
https://www.gsmarena.com/realme_c55-reviews-12159,domar6274,02 Nov 2023,0,"I bought this phone 3 months ago, (6GB RAM and 128GB storage) The phone is nice ,the camera is good ,camera zoom is up to 10x, the phone is smooth, but when I play roblox it kind of lags a bit when playing heavy games and the graphics is full , It's good enough for basic tasks like watching YouTube, using Facebook,messaging,  casual browsing ,and etc. The phone charges fast (33W) which is good.","I bought this phone 3 months ago, (6GB RAM and 128GB storage) The phone is nice ,the camera is good ,camera zoom is up to 10x, the phone is smooth, but when I play roblox it kind of lags a bit when playing heavy games and the graphics is full , It is good enough for basic tasks like watching YouTube, using Facebook,messaging, casual browsing ,and etc. The phone charges fast (33W) which is good.",75,Positive,0.932,bought phone month ago gb ram gb storage phone nice camera good camera zoom phone smooth but play roblox kind lag bit playing heavy game graphic full good enough basic task like watching youtube using facebookmessaging casual browsing etc phone charge fast good,2
https://www.gsmarena.com/samsung_galaxy_a54-reviews-12070,MahmoodKhan,02 Aug 2025,0,I Use this mobile 2 years best mobile.,I Use this mobile 2 years best mobile.,8,Positive,0.6369,use mobile year best mobile,2
https://www.gsmarena.com/samsung_galaxy_s24_ultra-reviews-12771,Anonymous,18 May 2026,0,"Maria, 18 May 2026Sorry for making a mess here. This old thing, I mean, is from Samsung Corp.'s perspective...moreOh right. Lol. Sorry,  I  misread your comment. My apologies. Have a nice day.","Maria, 18 May 2026Sorry for making a mess here. This old thing, I mean, is from Samsung Corp.'s perspective...moreOh right. Lol. Sorry, I misread your comment. My apologies. Have a nice day.",32,Positive,0.1779,maria may sorry making mess old thing mean samsung corp perspectivemoreoh right lol sorry misread comment apology nice day,2
https://www.gsmarena.com/apple_iphone_se_(2022)-reviews-11410,Anonymous,18 Nov 2024,0,"DX.EARTHLING, 03 Nov 2024Currently i have an iphone xr (64gb) and im thinking to switch it up for this one by the end o...moreyes, I think its a good upgrade cause it will get updates until 2028 and you could get 7hrs screen time before it dies","DX.EARTHLING, 03 Nov 2024Currently i have an iphone xr (64gb) and i am thinking to switch it up for this one by the end o...moreyes, I think its a good upgrade because it will get updates until 2028 and you could get 7hrs screen time before it dies",48,Positive,0.4404,dxearthling nov currently iphone xr gb thinking switch one end omoreyes think good upgrade get update could get hr screen time dy,2
https://www.gsmarena.com/xiaomi_redmi_note_13_pro-reviews-12581,Anonymous,30 Dec 2024,0,I consider Redmi Note 13 pro and Pova 6 pro. Do you think which one is better?,I consider Redmi Note 13 pro and Pova 6 pro. Do you think which one is better?,17,Positive,0.4404,consider redmi note pro pova pro think one better,2
https://www.gsmarena.com/samsung_galaxy_s24_ultra-reviews-12771,Anonymous,05 Dec 2025,0,"Phone works super !!Waiting one UI 8,5","Phone works super !!Waiting one UI 8,5",7,Positive,0.6688,phone work super waiting one ui,2
https://www.gsmarena.com/xiaomi_redmi_note_13_pro-reviews-12581,Anonymous,05 Apr 2026,0,Can it clone apps ?.,Can it clone apps ?.,5,Neutral,0.0,clone apps,1
https://www.gsmarena.com/realme_c55-reviews-12159,Anonymous,14 Mar 2023,0,If it's not coming with Super AMOLED display then it's a very big blunder from Realme,If it is not coming with Super AMOLED display then it is a very big blunder from Realme,18,Negative,-0.4847,not coming super amoled display big blunder realme,0
https://www.gsmarena.com/realme_c55-reviews-12159,Gilles,07 Mar 2023,0,I'm almost sure it has NFC.,I am almost sure it has NFC.,7,Negative,-0.5308,almost sure nfc,0
https://www.gsmarena.com/xiaomi_redmi_note_13_pro-reviews-12581,Anonymous,02 Dec 2024,0,"Mik3, 28 Nov 2024I encountered this model in a store. I took a picture with it across the well lit showroom abo...moreTry taking photos in low-light, you'll notice a huge difference between the 10X Pro and Note 13 Pro. The Note 13 Pro's 200MP cam captures with significantly better detail, much less noise, and with more accurate colors thanks to the larger sensor.","Mik3, 28 Nov 2024I encountered this model in a store. I took a picture with it across the well lit showroom abo...moreTry taking photos in low-light, you will notice a huge difference between the 10X Pro and Note 13 Pro. The Note 13 Pro's 200MP cam captures with significantly better detail, much less noise, and with more accurate colors thanks to the larger sensor.",64,Positive,0.8578,mik nov encountered model store took picture across well lit showroom abomoretry taking photo lowlight notice huge difference pro note pro note pro mp cam capture significantly better detail much less noise accurate color thanks larger sensor,2
https://www.gsmarena.com/samsung_galaxy_s24_ultra-reviews-12771,Aadrian,22 Jun 2026,0,"Sam799, 22 Jun 2026Just received the June update around 485 MB.Thanks for sharing, I checked it on my phone as well and also got the patch of June!","Sam799, 22 Jun 2026Just received the June update around 485 MB.Thanks for sharing, I checked it on my phone as well and also got the patch of June!",28,Positive,0.636,sam jun received june update around mbthanks sharing checked phone well also got patch june,2
https://www.gsmarena.com/samsung_galaxy_s24_ultra-reviews-12771,Aadrian,25 Jun 2026,0,"SAM, 25 Jun 2026How do I drag the edge panel down as it's too high on the screen. I used to do it easily ...moreSame here it's annoying and to remove such little things make it feel less ergonomic. You now have to navigate to settings>display-edge panels>sidebar. You can then choose whether you want it left or right and if you pick one or the other you can adjust how high or low you want it.Whenever I tried to drag it up or down as in One UI 8 I am getting some Galaxy AI. Very annoying. Just those little things... Samsung don't make them that difficult!","SAM, 25 Jun 2026How do I drag the edge panel down as it is too high on the screen. I used to do it easily ...moreSame here it is annoying and to remove such little things make it feel less ergonomic. You now have to navigate to settings>display-edge panels>sidebar. You can then choose whether you want it left or right and if you pick one or the other you can adjust how high or low you want it.Whenever I tried to drag it up or down as in One UI 8 I am getting some Galaxy AI. Very annoying. Just those little things... Samsung do not make them that difficult!",110,Negative,-0.8439,sam jun drag edge panel high screen used easily moresame annoying remove little thing make feel less ergonomic navigate settingsdisplayedge panelssidebar choose whether want left right pick one adjust high low want itwhenever tried drag one ui getting galaxy ai annoying little thing samsung not make difficult,0
https://www.gsmarena.com/realme_c55-reviews-12159,Anonymous,23 Mar 2023,0,"Anonymous, 19 Mar 2023Infinix Note 12 2023moto g31","Anonymous, 19 Mar 2023Infinix Note 12 2023moto g31",8,Neutral,0.0,anonymous mar infinix note moto,1
https://www.gsmarena.com/apple_iphone_15_pro_max-reviews-12548,Anonymous,01 Jul 2024,0,"user, 24 Jun 2024Any smartphone even with a thousand megapixels will take worse photos than the 12 megapixel Ni...moreThat's pretty much bad example but yea you are right. Megapixels only plays huge part when zooming in very far. Bigger sensor with better software will always beat megapixels on tiny sensors.","user, 24 Jun 2024Any smartphone even with a thousand megapixels will take worse photos than the 12 megapixel Ni...moreThat's pretty much bad example but yea you are right. Megapixels only plays huge part when zooming in very far. Bigger sensor with better software will always beat megapixels on tiny sensors.",50,Positive,0.7964,user jun smartphone even thousand megapixels take worse photo megapixel nimorethats pretty much bad example but yea right megapixels play huge part zooming far bigger sensor better software always beat megapixels tiny sensor,2
https://www.gsmarena.com/xiaomi_redmi_note_13_pro-reviews-12581,ashrobb,08 Jan 2025,0,"geo, 07 Jan 2025Can the protective film be removed (peeled off) immediately without any hussle?Yes, easily","geo, 07 Jan 2025Can the protective film be removed (peeled off) immediately without any hussle?Yes, easily",16,Negative,-0.2584,geo jan protective film removed peeled immediately without hussleyes easily,0
https://www.gsmarena.com/samsung_galaxy_s24_ultra-reviews-12771,Anonymous,09 Apr 2026,0,"I really love the design of this phone. Rectangular, sharp edges. Though I don't know how it feels on hand, probably bad. Samsung always does this thing where they get the design right once every 3-5 years and never do that again.","I really love the design of this phone. Rectangular, sharp edges. Though I do not know how it feels on hand, probably bad. Samsung always does this thing where they get the design right once every 3-5 years and never do that again.",43,Positive,0.6361,really love design phone rectangular sharp edge though not know feel hand probably bad samsung always thing get design right every year never,2
https://www.gsmarena.com/realme_c55-reviews-12159,Anonymous,06 May 2023,0,"Crystal, 05 May 2023How'much did you buy yours..??€152 for 128/6 in offline store","Crystal, 05 May 2023How'much did you buy yours..??152 for 128/6 in offline store",13,Negative,-0.2168,crystal may howmuch buy offline store,0
https://www.gsmarena.com/apple_iphone_15_pro_max-reviews-12548,Anonymous,18 Apr 2024,0,"feel solid,very good speaker and undoubtedly a high performance mobile phone even for console gaming.the only thing annoyed me is the brightness automaticly went to dimm without any reason even auto brightness is off.The brightness level show full brightness,but the actual brightness is very low especially when playing games.","feel solid,very good speaker and undoubtedly a high performance mobile phone even for console gaming.the only thing annoyed me is the brightness automaticly went to dimm without any reason even auto brightness is off.The brightness level show full brightness,but the actual brightness is very low especially when playing games.",49,Positive,0.855,feel solidvery good speaker undoubtedly high performance mobile phone even console gamingthe thing annoyed brightness automaticly went dimm without reason even auto brightness offthe brightness level show full brightnessbut actual brightness low especially playing game,2
https://www.gsmarena.com/xiaomi_redmi_note_13_pro-reviews-12581,Anonymous,12 Mar 2025,0,"Battery life has improved but not that much. Lag is partially fixed since there are still times when the phone lags. Mainly because of the animation. Youtube and Gmail still force closes on my end. I don't know about the others. But at least there's an improvement compared to 2.0.2.0. By the way, my phone's variant is Emerald.","Battery life has improved but not that much. Lag is partially fixed since there are still times when the phone lags. Mainly because of the animation. Youtube and Gmail still force closes on my end. I do not know about the others. But at least there is an improvement compared to 2.0.2.0. By the way, my phone's variant is Emerald.",60,Positive,0.6546,battery life improved but not much lag partially fixed since still time phone lag mainly animation youtube gmail still force close end not know others but least improvement compared way phone variant emerald,2
https://www.gsmarena.com/realme_c55-reviews-12159,Bluewave,25 Jul 2023,0,"Waiting for Realme C66 with Mediatek G99, Android 14 best phone ever 👍👍🙏","Waiting for Realme C66 with Mediatek G99, Android 14 best phone ever",12,Positive,0.6369,waiting realme mediatek android best phone ever,2
https://www.gsmarena.com/apple_iphone_se_(2022)-reviews-11410,Anonymous,22 Sep 2023,0,"Rvse, 14 Sep 2023Honestly, I love it!
The fact that this still looks like a 2017 Phone is something I've ...moreS0e my dear","Rvse, 14 Sep 2023Honestly, I love it! The fact that this still looks like a 2017 Phone is something I have ...moreS0e my dear",24,Positive,0.8622,rvse sep honestly love fact still look like phone something morese dear,2
https://www.gsmarena.com/samsung_galaxy_a54-reviews-12070,Anonymous,13 Aug 2025,0,"Kasi4lebza, 12 Aug 2025I'm in south africa and According to gsmarena.com it looks like samsung galaxy A54 5G has...moreit has esim in east asian countries only","Kasi4lebza, 12 Aug 2025I'm in south africa and According to gsmarena.com it looks like samsung galaxy A54 5G has...moreit has esim in east asian countries only",26,Positive,0.3612,kasilebza aug im south africa according gsmarenacom look like samsung galaxy hasmoreit esim east asian country,2
https://www.gsmarena.com/samsung_galaxy_a54-reviews-12070,Anonymous,26 Oct 2024,0,"alexcpass50, 25 Oct 2024I had a Realme GT Master. Is the A54 superior and more modern? Yes, but there's something...moreA54 it's just a Multimedia device ! it's good for Streaming, YouTube, Messenger like E2EE platform and maybe a little occasional gaming.But It's very good if you want Software Support for long time Security Update very quickly in this category price just like the one expensive phone !Depends if you want.","alexcpass50, 25 Oct 2024I had a Realme GT Master. Is the A54 superior and more modern? Yes, but there is something...moreA54 it is just a Multimedia device ! it is good for Streaming, YouTube, Messenger like E2EE platform and maybe a little occasional gaming.But It is very good if you want Software Support for long time Security Update very quickly in this category price just like the one expensive phone !Depends if you want.",74,Positive,0.9808,alexcpass oct realme gt master superior modern yes but somethingmorea multimedia device good streaming youtube messenger like eee platform maybe little occasional gamingbut good want software support long time security update quickly category price like one expensive phone depends want,2
https://www.gsmarena.com/xiaomi_redmi_note_13_pro-reviews-12581,Anonymous,07 Jul 2025,0,Hyper OS 2.0 it's ok?,Hyper OS 2.0 it is ok?,6,Positive,0.296,hyper o ok,2
https://www.gsmarena.com/apple_iphone_se_(2022)-reviews-11410,Guto7011,27 Aug 2023,0,"Nia, 27 Aug 2023Does this phone support apple magsafe battery packNo","Nia, 27 Aug 2023Does this phone support apple magsafe battery packNo",11,Positive,0.4019,nia aug phone support apple magsafe battery packno,2
https://www.gsmarena.com/xiaomi_redmi_note_13_pro-reviews-12581,urban19,29 Nov 2024,0,Good preformance for the price,Good preformance for the price,5,Positive,0.4404,good preformance price,2
https://www.gsmarena.com/apple_iphone_15_pro_max-reviews-12548,Anonymous,04 Apr 2025,0,i have a question do iphone 15 pm still overheat with ios 18.4,i have a question do iphone 15 pm still overheat with ios 18.4,13,Neutral,0.0,question iphone pm still overheat io,1
https://www.gsmarena.com/xiaomi_redmi_note_13_pro-reviews-12581,Anonymous,21 Dec 2024,0,"ashrobb, 18 Dec 2024I think Samsung offers balanced phones. There are things that I dislike but overall they'...moreI personally don't care much about software support and updates. I care more about software experience and stability.What do you think about Vivo and Funtouch OS? I've heard mixed opinions about Funtouch OS - some say it's cleaner and more stable than HyperOS, while others think it's just as bad and bloated as every other Chinese UI.","ashrobb, 18 Dec 2024I think Samsung offers balanced phones. There are things that I dislike but overall they'...moreI personally do not care much about software support and updates. I care more about software experience and stability.What do you think about Vivo and Funtouch OS? I have heard mixed opinions about Funtouch OS - some say it is cleaner and more stable than HyperOS, while others think it is just as bad and bloated as every other Chinese UI.",78,Negative,-0.6803,ashrobb dec think samsung offer balanced phone thing dislike but overall theymorei personally not care much software support update care software experience stabilitywhat think vivo funtouch o heard mixed opinion funtouch o say cleaner stable hyperos others think bad bloated every chinese ui,0
https://www.gsmarena.com/xiaomi_redmi_note_13_pro-reviews-12581,Anonymous,05 Dec 2024,0,"ofotografoamericano, 05 Dec 2024What is OIS?Optical Image Stabilization, it’s a feature where it helps stabilize the video while recording. It makes sure the video doesn’t get wheezy while recording.","ofotografoamericano, 05 Dec 2024What is OIS?Optical Image Stabilization, its a feature where it helps stabilize the video while recording. It makes sure the video does not get wheezy while recording.",30,Positive,0.5994,ofotografoamericano dec oisoptical image stabilization feature help stabilize video recording make sure video not get wheezy recording,2
https://www.gsmarena.com/samsung_galaxy_s24_ultra-reviews-12771,Anonymous,01 Mar 2026,0,"Maria, 01 Mar 2026How does one initiate a system restart?

I am pleased to welcome OneUI 8 to my device. While...moreIm talking about February security update. Can't wipe cache partition in recovery mode. Samsung took this feature away with this security update. I have one ui 8.0 .","Maria, 01 Mar 2026How does one initiate a system restart? I am pleased to welcome OneUI 8 to my device. While...moreIm talking about February security update. Cannot wipe cache partition in recovery mode. Samsung took this feature away with this security update. I have one ui 8.0 .",48,Positive,0.8658,maria mar one initiate system restart pleased welcome oneui device whilemoreim talking february security update not wipe cache partition recovery mode samsung took feature away security update one ui,2
https://www.gsmarena.com/samsung_galaxy_a54-reviews-12070,s35ym.,01 Sep 2025,0,"blacky2gd, 28 Aug 2025bruh the camera is so bad at one ui 7,next update need to fix the cameraWell said.","blacky2gd, 28 Aug 2025bruh the camera is so bad at one ui 7,next update need to fix the cameraWell said.",20,Negative,-0.6696,blackygd aug bruh camera bad one ui next update need fix camerawell said,0
https://www.gsmarena.com/apple_iphone_se_(2022)-reviews-11410,Healthyheart,07 Feb 2024,0,I'm planning to buy it's phone.How's it's battery backupN low light photography 🤔I wish apple may realise next SE with 8 Plus design or else 11.LCD display is must or else that OLED iPhonez are already available,I am planning to buy it is phone.How is it is battery backupN low light photography I wish apple may realise next SE with 8 Plus design or else 11.LCD display is must or else that OLED iPhonez are already available,41,Positive,0.1531,planning buy phonehow battery backupn low light photography wish apple may realise next se plus design else lcd display must else oled iphonez already available,2
https://www.gsmarena.com/apple_iphone_15_pro_max-reviews-12548,Anonymous,20 Aug 2024,0,"Fox, 15 Aug 2024Can i charge this using my 120w xiaomi charger?You can use dell alienware 500w charging if you want","Fox, 15 Aug 2024Can i charge this using my 120w xiaomi charger?You can use dell alienware 500w charging if you want",21,Positive,0.0772,fox aug charge using xiaomi chargeryou use dell alienware charging want,2
https://www.gsmarena.com/apple_iphone_se_(2022)-reviews-11410,Anonymous,23 Sep 2023,0,"Daemon Targaryen, 16 Sep 2023SE3 has become my favorite iPhone of all-time. I just went back using it as my daily driver be...moreThanks. As a user and owner of the iPhone SE3, I fully concur with the views expressed by you. I shared similar views about the battery efficiency, portability, functionality of the fingerprint reader, turbo-fast performance, etc. For me, the iPhone SE3 is the very best of the best compact phones on the market since it was launched. I hope that Apple will maintain the production of this particular device.","Daemon Targaryen, 16 Sep 2023SE3 has become my favorite iPhone of all-time. I just went back using it as my daily driver be...moreThanks. As a user and owner of the iPhone SE3, I fully concur with the views expressed by you. I shared similar views about the battery efficiency, portability, functionality of the fingerprint reader, turbo-fast performance, etc. For me, the iPhone SE3 is the very best of the best compact phones on the market since it was launched. I hope that Apple will maintain the production of this particular device.",91,Positive,0.9652,daemon targaryen sep se become favorite iphone alltime went back using daily driver bemorethanks user owner iphone se fully concur view expressed shared similar view battery efficiency portability functionality fingerprint reader turbofast performance etc iphone se best best compact phone market since launched hope apple maintain production particular device,2
https://www.gsmarena.com/xiaomi_redmi_note_13_pro-reviews-12581,Anonymous,14 Dec 2024,0,"Coming from a midrange Samsung, I got this phone to give it a try. Can't say that I am 100% satisfied. Yeah, it's got a great display, awesome cameras, it's super snappy and the fast charging is also nice to have. Now regarding the cons, HyperOS required a lot of fiddling around to get it to my liking and I still miss some Samsung apps, updates are behind on my device (I am on August security update but the latest available update is for November!) and the battery life is terrible (not sure if that's due to the battery itself or the bad OS optimization?). Also calendar notifications don't work (which is actually important for me), and vibration is bugged in silent mode if haptic feedback is disabled. And that's just the beginning, God knows what else is going to come up. Xiaomi has released devices with remarkable specs, but they lost me with their software. I don't know if I am biased due to being used to Samsung, I just want a smartphone that just works.","Coming from a midrange Samsung, I got this phone to give it a try. Cannot say that I am 100% satisfied. Yeah, it is got a great display, awesome cameras, it is super snappy and the fast charging is also nice to have. Now regarding the cons, HyperOS required a lot of fiddling around to get it to my liking and I still miss some Samsung apps, updates are behind on my device (I am on August security update but the latest available update is for November!) and the battery life is terrible (not sure if that is due to the battery itself or the bad OS optimization?). Also calendar notifications do not work (which is actually important for me), and vibration is bugged in silent mode if haptic feedback is disabled. And that is just the beginning, God knows what else is going to come up. Xiaomi has released devices with remarkable specs, but they lost me with their software. I do not know if I am biased due to being used to Samsung, I just want a smartphone that just works.",183,Positive,0.8791,coming midrange samsung got phone give try not say satisfied yeah got great display awesome camera super snappy fast charging also nice regarding con hyperos required lot fiddling around get liking still miss samsung apps update behind device august security update but latest available update november battery life terrible not sure due battery bad o optimization also calendar notification not work actually important vibration bugged silent mode haptic feedback disabled beginning god know else going come xiaomi released device remarkable spec but lost software not know biased due used samsung want smartphone work,2
https://www.gsmarena.com/xiaomi_redmi_note_13_pro-reviews-12581,PureViewer4t1,10 Feb 2025,0,"What I really like about this phone is the headphone jack. Coupled with Hi-Res output of Poweramp and Xiaomi Sound enabled, it produces an enjoyable sound. Yeah, a dedicated DAC still sounds better but if you don't want the hassle of another cable I recommend this phone. Just don't update it to Android 15 because Google has ruined the Hi-Res output. But that's applicable to every other phone.Xiaomi Sound makes the sound ""fuller"" so I also leave it on with Bluetooth.Overall, good SQ.","What I really like about this phone is the headphone jack. Coupled with Hi-Res output of Poweramp and Xiaomi Sound enabled, it produces an enjoyable sound. Yeah, a dedicated DAC still sounds better but if you do not want the hassle of another cable I recommend this phone. Just do not update it to Android 15 because Google has ruined the Hi-Res output. But that is applicable to every other phone.Xiaomi Sound makes the sound ""fuller"" so I also leave it on with Bluetooth.Overall, good SQ.",86,Positive,0.8072,really like phone headphone jack coupled hire output poweramp xiaomi sound enabled produce enjoyable sound yeah dedicated dac still sound better but not want hassle another cable recommend phone not update android google ruined hire output but applicable every phonexiaomi sound make sound fuller also leave bluetoothoverall good sq,2
https://www.gsmarena.com/xiaomi_redmi_note_13_pro-reviews-12581,jsoprano75,13 Jan 2025,0,"Nilo, 11 Jan 2025Any news about hyper os 2.0I'm with you, I still didn't get the update either, but apparently its coming in February or March, because they said its going to roll out in Q1 of 2025. Funny thing is, I have the Redmi 13C also, which is a vastly inferior phone, and I just got the Hyper OS 2.0 update for that a couple of days ago, so the update for the note should be coming shortly. Apparently the update helps extend the battery life. We'll see about that.","Nilo, 11 Jan 2025Any news about hyper os 2.0I'm with you, I still did not get the update either, but apparently its coming in February or March, because they said its going to roll out in Q1 of 2025. Funny thing is, I have the Redmi 13C also, which is a vastly inferior phone, and I just got the Hyper OS 2.0 update for that a couple of days ago, so the update for the note should be coming shortly. Apparently the update helps extend the battery life. We will see about that.",93,Positive,0.6956,nilo jan news hyper o im still not get update either but apparently coming february march said going roll funny thing redmi also vastly inferior phone got hyper o update couple day ago update note coming shortly apparently update help extend battery life see,2
https://www.gsmarena.com/samsung_galaxy_s24_ultra-reviews-12771,Anonymous,05 Jun 2026,0,"maks-rs, 04 Jun 2026/ settings / general management / keyboard / show button to hide keyboard . You can use this b...moreThanks for your help. It works.","maks-rs, 04 Jun 2026/ settings / general management / keyboard / show button to hide keyboard . You can use this b...moreThanks for your help. It works.",27,Positive,0.25,maksrs jun setting general management keyboard show button hide keyboard use bmorethanks help work,2
https://www.gsmarena.com/samsung_galaxy_a54-reviews-12070,Anonymous,22 Aug 2024,0,"Anonymous, 22 Aug 2024MediaTek 8020 from Edge 40 ( UFS 3.1) it's Superior to This Exynos 1380 from A54 and A35....moreYa!","Anonymous, 22 Aug 2024MediaTek 8020 from Edge 40 ( UFS 3.1) it is Superior to This Exynos 1380 from A54 and A35....moreYa!",22,Positive,0.5848,anonymous aug mediatek edge ufs superior exynos amoreya,2
https://www.gsmarena.com/samsung_galaxy_s24_ultra-reviews-12771,Anonymous,01 Aug 2026,0,"Fredburnes1987, 28 Jul 2026No oleophobic screen coating?? What are we doing samsung??It has, but like all oleophobic coatings it wears off over time.","Fredburnes1987, 28 Jul 2026No oleophobic screen coating?? What are we doing samsung??It has, but like all oleophobic coatings it wears off over time.",23,Positive,0.6381,fredburnes jul no oleophobic screen coating samsungit but like oleophobic coating wear time,2
https://www.gsmarena.com/realme_c55-reviews-12159,Anonymous,25 Apr 2023,0,"Burg, 24 Apr 2023Wait a sec my phone is 56% when i bought it around 5:30 pm something now its 19% 10:38 pm. Its...moreI don't have this issues. My phone battery is normal. I think you better send for service to check.","Burg, 24 Apr 2023Wait a sec my phone is 56% when i bought it around 5:30 pm something now its 19% 10:38 pm. Its...moreI do not have this issues. My phone battery is normal. I think you better send for service to check.",43,Positive,0.4404,burg apr wait sec phone bought around pm something pm itsmorei not issue phone battery normal think better send service check,2
https://www.gsmarena.com/xiaomi_redmi_note_13_pro-reviews-12581,Anonymous,20 May 2025,0,Lock screen not working..How to solve?,Lock screen not working..How to solve?,6,Negative,-0.1511,lock screen not workinghow solve,0
https://www.gsmarena.com/samsung_galaxy_s24_ultra-reviews-12771,Dream-buddy,09 Feb 2026,0,"Anonymous, 08 Feb 2026Thanks for your response.,.,please how do I know the region my phone is made for ? 
ThanksSee your phone software version Number or Build Number then on SamMobile site see the software version & Build Number list to know the country or dial *#1234# to identify the country","Anonymous, 08 Feb 2026Thanks for your response.,.,please how do I know the region my phone is made for ? ThanksSee your phone software version Number or Build Number then on SamMobile site see the software version & Build Number list to know the country or dial *#1234# to identify the country",51,Positive,0.2263,anonymous feb thanks responseplease know region phone made thankssee phone software version number build number sammobile site see software version build number list know country dial identify country,2
https://www.gsmarena.com/apple_iphone_se_(2022)-reviews-11410,nasta18,08 Sep 2023,0,"Anonymous, 02 Sep 2023First thise its not a cheap phone, and his specs are not value  500$ . The battery have just 2...moreYou are lucky if you Poco get even one update.","Anonymous, 02 Sep 2023First thise its not a cheap phone, and his specs are not value 500$ . The battery have just 2...moreYou are lucky if you Poco get even one update.",32,Positive,0.1935,anonymous sep first thise not cheap phone spec not value battery moreyou lucky poco get even one update,2
https://www.gsmarena.com/realme_c55-reviews-12159,Anonymous,03 Apr 2023,0,mono sound in headphone camara quality also disappointed,mono sound in headphone camara quality also disappointed,8,Negative,-0.4767,mono sound headphone camara quality also disappointed,0
https://www.gsmarena.com/samsung_galaxy_a54-reviews-12070,Anonymous,14 Sep 2024,0,"Asim Siddiq, 09 Sep 2024Planning to buy A54 but reading a lot of negative comments about heating and lagging, is that ...moreThis is a good phone to be honest with you","Asim Siddiq, 09 Sep 2024Planning to buy A54 but reading a lot of negative comments about heating and lagging, is that ...moreThis is a good phone to be honest with you",31,Positive,0.1531,asim siddiq sep planning buy but reading lot negative comment heating lagging morethis good phone honest,2
https://www.gsmarena.com/samsung_galaxy_a54-reviews-12070,Ultima 9,18 Aug 2024,0,"Anonymous, 18 Aug 2024On r/galaxya54 every Monday and Thursday they complain about this phone, among other things ab...moreyeah well i have been using this phone for more than a year and it doesnt get hot","Anonymous, 18 Aug 2024On r/galaxya54 every Monday and Thursday they complain about this phone, among other things ab...moreyeah well i have been using this phone for more than a year and it does not get hot",36,Negative,-0.1027,anonymous aug rgalaxya every monday thursday complain phone among thing abmoreyeah well using phone year not get hot,0
https://www.gsmarena.com/apple_iphone_15_pro_max-reviews-12548,Anonymous,22 Sep 2024,0,"Blaze70, 15 Sep 2024Surely putting a screen protector on and a good case is the first thing you do when you get a ...moreMe either","Blaze70, 15 Sep 2024Surely putting a screen protector on and a good case is the first thing you do when you get a ...moreMe either",25,Positive,0.4404,blaze sep surely putting screen protector good case first thing get moreme either,2
https://www.gsmarena.com/apple_iphone_15_pro_max-reviews-12548,Anonymous,10 Jun 2024,0,"Anonymous, 08 Jun 2024s24 ultra
200 MP
8k 30 fps, 4k 120 fps
12GB ram vs 15 pro max's 8GB
Oh, sorry. 15 pro...moreS24 ultra can make up better to all perfomance at all. Like to know the Apple Android in ganges rivers available now. so fast update.","Anonymous, 08 Jun 2024s24 ultra 200 MP 8k 30 fps, 4k 120 fps 12GB ram vs 15 pro max's 8GB Oh, sorry. 15 pro...moreS24 ultra can make up better to all perfomance at all. Like to know the Apple Android in ganges rivers available now. so fast update.",48,Positive,0.6249,anonymous jun ultra mp fps fps gb ram v pro max gb oh sorry promores ultra make better perfomance like know apple android ganges river available fast update,2
https://www.gsmarena.com/samsung_galaxy_s24_ultra-reviews-12771,SmileyBoy,30 Nov 2025,0,"I've been using this phone for 4 months and it's quite impressive, especially the experience i get on high graphic games like roblox, minecraft and many other games. The only thing which isnt quite pleasing about this phone is the battery performance","I have been using this phone for 4 months and it is quite impressive, especially the experience i get on high graphic games like roblox, minecraft and many other games. The only thing which is not quite pleasing about this phone is the battery performance",45,Positive,0.4767,using phone month quite impressive especially experience get high graphic game like roblox minecraft many game thing not quite pleasing phone battery performance,2
https://www.gsmarena.com/xiaomi_redmi_note_13_pro-reviews-12581,Anonymous,18 Jan 2025,0,"Anonymous, 18 Jan 2025I am confused between this phone and the Samsung A35 phone. My friend has owned it for two mon...moreIf You Can Flash A Custom rom to it,buy redmi note 13 pro.if u cant,buy a samsung.cuz hyper os sucks in optimization","Anonymous, 18 Jan 2025I am confused between this phone and the Samsung A35 phone. My friend has owned it for two mon...moreIf You Can Flash A Custom rom to it,buy redmi note 13 pro.if you cannot,buy a samsung.cuz hyper os sucks in optimization",43,Positive,0.25,anonymous jan confused phone samsung phone friend owned two monmoreif flash custom rom itbuy redmi note proif cannotbuy samsungcuz hyper o suck optimization,2
https://www.gsmarena.com/apple_iphone_15_pro_max-reviews-12548,Anonymous,31 May 2024,0,"Anonymous, 31 May 2024Best iPhone ever using its form last 1 month only 11 battery cycle counts.Yes. The battery so fast when using iOS system but version android always updates.","Anonymous, 31 May 2024Best iPhone ever using its form last 1 month only 11 battery cycle counts.Yes. The battery so fast when using iOS system but version android always updates.",30,Neutral,0.0,anonymous may best iphone ever using form last month battery cycle countsyes battery fast using io system but version android always update,1
https://www.gsmarena.com/apple_iphone_se_(2022)-reviews-11410,Anonymous,06 Jan 2026,0,Yeah IDC about the 2018 mah battery :\,Yeah IDC about the 2018 mah battery :\,8,Neutral,-0.0258,yeah idc mah battery,1
https://www.gsmarena.com/apple_iphone_15_pro_max-reviews-12548,Anonymous,28 May 2025,0,"Nik, 08 May 2025Why my 15pm batery health down 95% after using 10 month.i used to hate but 15 promax is good especially when you get it from the box","Nik, 08 May 2025Why my 15pm batery health down 95% after using 10 month.i used to hate but 15 promax is good especially when you get it from the box",30,Positive,0.3612,nik may pm batery health using monthi used hate but promax good especially get box,2
https://www.gsmarena.com/realme_c55-reviews-12159,Anonymous,29 Mar 2023,0,"I like the bezel thiness, and uh yeah 👍","I like the bezel thiness, and uh yeah",8,Positive,0.5719,like bezel thiness uh yeah,2
https://www.gsmarena.com/xiaomi_redmi_note_13_pro-reviews-12581,SoraF,17 Jan 2025,0,"Im wondering If i should still get this Phone because of the bugs and Battery drain. Im thinking to wait and buy Poco X7 Pro but im kinda worried after like 2 years of using,it will suddenly shut down and won't turn back on,like other Poco phones","I Am wondering If i should still get this Phone because of the bugs and Battery drain. I Am thinking to wait and buy Poco X7 Pro but i am kind of worried after like 2 years of using,it will suddenly shut down and will not turn back on,like other Poco phones",52,Neutral,0.0027,wondering still get phone bug battery drain thinking wait buy poco pro but kind worried like year usingit suddenly shut not turn back onlike poco phone,1
https://www.gsmarena.com/apple_iphone_se_(2022)-reviews-11410,Raphael ERD,29 Jun 2023,0,I think se3 will hold up very so i recommend you to get se 3,I think se3 will hold up very so i recommend you to get se 3,15,Positive,0.5558,think se hold recommend get se,2
https://www.gsmarena.com/apple_iphone_15_pro_max-reviews-12548,Anonymous,25 Apr 2024,0,"Anonymous, 24 Apr 2024You will never, ever see any genuine Apple iPhone with Android OS.Same goes for funny people in this opinion section. People trying to be funny never is funny","Anonymous, 24 Apr 2024You will never, ever see any genuine Apple iPhone with Android OS.Same goes for funny people in this opinion section. People trying to be funny never is funny",31,Positive,0.8271,anonymous apr never ever see genuine apple iphone android ossame go funny people opinion section people trying funny never funny,2
https://www.gsmarena.com/samsung_galaxy_a54-reviews-12070,Ultima 9,10 Sep 2024,0,"Anonymous, 09 Sep 2024According to what you wrote, the A35's main camera has a larger sensor. Isn't bigger...moreBruh go learn maths first then reply 1/1.56=0.64 inch for a541/1.96=0.51 inch for a35","Anonymous, 09 Sep 2024According to what you wrote, the A35's main camera has a larger sensor. Is not bigger...moreBruh go learn maths first then reply 1/1.56=0.64 inch for a541/1.96=0.51 inch for a35",32,Neutral,0.0,anonymous sep according wrote main camera larger sensor not biggermorebruh go learn math first reply inch inch,1
https://www.gsmarena.com/realme_c55-reviews-12159,Anonymous,08 Jun 2024,0,"Jabra82, 20 Jul 2023One of the best mid-range Realme Smartphones! And with the Android 14 and realmeui 5.0 the min...moreYou mean the phone accepts updates on android 14 and I 5.0","Jabra82, 20 Jul 2023One of the best mid-range Realme Smartphones! And with the Android 14 and realmeui 5.0 the min...moreYou mean the phone accepts updates on android 14 and I 5.0",31,Positive,0.7777,jabra jul one best midrange realme smartphones android realmeui minmoreyou mean phone accepts update android,2
https://www.gsmarena.com/samsung_galaxy_s24_ultra-reviews-12771,Anonymous,23 May 2026,0,"SteveUk, 22 May 2026Just updated to UI 8.5... Early impressions: I'm not too keen on the new Gallery layout a...moreAgree, and I just applied the authentic Samsung screen protector for S24U, feel as though i just unboxed the S24U.","SteveUk, 22 May 2026Just updated to UI 8.5... Early impressions: I am not too keen on the new Gallery layout a...moreAgree, and I just applied the authentic Samsung screen protector for S24U, feel as though i just unboxed the S24U.",40,Negative,-0.0541,steveuk may updated ui early impression not keen new gallery layout amoreagree applied authentic samsung screen protector su feel though unboxed su,0
https://www.gsmarena.com/xiaomi_redmi_note_13_pro-reviews-12581,Anonymous,17 Mar 2026,0,My redmi note 13 pro has not received the hyper os 3 update. Indian version.,My redmi note 13 pro has not received the hyper os 3 update. Indian version.,15,Neutral,0.0,redmi note pro not received hyper o update indian version,1
https://www.gsmarena.com/realme_c55-reviews-12159,strain.jar,14 Mar 2023,0,Do realme get updates let's say an update from android 13 to 14 or just from a previous android to the next ?,Do realme get updates let us say an update from android 13 to 14 or just from a previous android to the next ?,24,Neutral,0.0,realme get update let u say update android previous android next,1
https://www.gsmarena.com/samsung_galaxy_a54-reviews-12070,Anonymous,02 Apr 2026,0,"captaincreta, 08 Jan 2026SEVERE NETWORK ISSUE: Afterupgrading to One UI 8.0, cell connectivity stopped working. No serv...moreExperiencing network issues after installing a software update.","captaincreta, 08 Jan 2026SEVERE NETWORK ISSUE: Afterupgrading to One UI 8.0, cell connectivity stopped working. No serv...moreExperiencing network issues after installing a software update.",24,Negative,-0.4767,captaincreta jan severe network issue afterupgrading one ui cell connectivity stopped working no servmoreexperiencing network issue installing software update,0
https://www.gsmarena.com/apple_iphone_se_(2022)-reviews-11410,Anonymous,31 Aug 2024,0,"technologic, 28 Apr 2024i think space isnt a big deal because it is the cheapest phone with this chip 5 bionic so if u...morePls Can the iphone se download up to 10 apps in a 64g and will there be space remaining fo pictures and videos","technologic, 28 Apr 2024i think space is not a big deal because it is the cheapest phone with this chip 5 bionic so if you...morePls Can the iphone se download up to 10 apps in a 64g and will there be space remaining fo pictures and videos",47,Neutral,0.0,technologic apr think space not big deal cheapest phone chip bionic youmorepls iphone se download apps space remaining fo picture video,1
https://www.gsmarena.com/samsung_galaxy_a54-reviews-12070,Anonymous,11 Nov 2024,0,"anyone encountered ""sim 1 not allowed"" problem here? i hope i can find a fix herw","anyone encountered ""sim 1 not allowed"" problem here? i hope i can find a fix herw",16,Positive,0.6319,anyone encountered sim not allowed problem hope find fix herw,2
https://www.gsmarena.com/xiaomi_redmi_note_13_pro-reviews-12581,ElPillo,07 Feb 2025,0,This one or Galaxy A55? Can't decide since days,This one or Galaxy A55? Cannot decide since days,9,Neutral,0.0,one galaxy not decide since day,1
https://www.gsmarena.com/apple_iphone_15_pro_max-reviews-12548,Anonymous,25 Apr 2024,0,"kuiliopong bofestyuj, 25 Apr 2024apple now use android OS. for the selected version. can get it at ganges rivers shop . get upd...moreThose fake iPhones with Android OS are selling all over the Internet for approximately 1/10th of the price of the real thing. Buyer Beware.","kuiliopong bofestyuj, 25 Apr 2024apple now use android OS. for the selected version. can get it at ganges rivers shop . get upd...moreThose fake iPhones with Android OS are selling all over the Internet for approximately 1/10th of the price of the real thing. Buyer Beware.",46,Negative,-0.4767,kuiliopong bofestyuj apr apple use android o selected version get ganges river shop get updmorethose fake iphones android o selling internet approximately th price real thing buyer beware,0
https://www.gsmarena.com/xiaomi_redmi_note_13_pro-reviews-12581,Anonymous,23 Nov 2024,0,"Anonymous, 23 Nov 2024Hello guys,

Could you please suggest better or similar alternatives to this phone. I like t...morePoco X6 5g","Anonymous, 23 Nov 2024Hello guys, Could you please suggest better or similar alternatives to this phone. I like t...morePoco X6 5g",21,Positive,0.7717,anonymous nov hello guy could please suggest better similar alternative phone like tmorepoco,2
https://www.gsmarena.com/samsung_galaxy_s24_ultra-reviews-12771,Anonymous,13 Jun 2026,0,"[deleted post]I was really looking forward to OneUI 8.5 because I can resize and delete stuff on the quick panel. That's the main difference, at least for me.","[deleted post]I was really looking forward to OneUI 8.5 because I can resize and delete stuff on the quick panel. That is the main difference, at least for me.",29,Neutral,0.0,deleted posti really looking forward oneui resize delete stuff quick panel main difference least,1
https://www.gsmarena.com/xiaomi_redmi_note_13_pro-reviews-12581,Zalaa,03 Apr 2025,0,"Anonymous, 02 Apr 2025I recently bought this phone, it's performing well but I am not able to upgrade to hyper ...morechange the region in your phone settings. , many users of some countries have received the hyperOS 2 update like morocco / pakistan / germany / turkey / etc  and don't forget to factory reset after updating.","Anonymous, 02 Apr 2025I recently bought this phone, it is performing well but I am not able to upgrade to hyper ...morechange the region in your phone settings. , many users of some countries have received the hyperOS 2 update like morocco / pakistan / germany / turkey / etc and do not forget to factory reset after updating.",59,Positive,0.7003,anonymous apr recently bought phone performing well but not able upgrade hyper morechange region phone setting many user country received hyperos update like morocco pakistan germany turkey etc not forget factory reset updating,2
https://www.gsmarena.com/apple_iphone_se_(2022)-reviews-11410,n0n0r0b0,27 Jun 2026,0,"I bought this phone in july 2023 for my wife and she still loves It.She likes the size, the home button and the pictures she gets from It are great.Since then, we did travel to Turkey, Greek, Republic Czech, Germany and the 5G modem never felt down while both my iPhone 12 AND 15 were constantly  struggling with network connectivity (with same internet provider) !So, I can’t recommend that small phone enough !","I bought this phone in july 2023 for my wife and she still loves It.She likes the size, the home button and the pictures she gets from It are great.Since then, we did travel to Turkey, Greek, Republic Czech, Germany and the 5G modem never felt down while both my iPhone 12 AND 15 were constantly struggling with network connectivity (with same internet provider) !So, I cannot recommend that small phone enough !",73,Positive,0.4895,bought phone july wife still love itshe like size home button picture get greatsince travel turkey greek republic czech germany modem never felt iphone constantly struggling network connectivity internet provider not recommend small phone enough,2
https://www.gsmarena.com/samsung_galaxy_a54-reviews-12070,Anonymous,09 Feb 2026,0,I just ordered mine from China.,I just ordered mine from China.,6,Neutral,0.0,ordered mine china,1
https://www.gsmarena.com/apple_iphone_se_(2022)-reviews-11410,Anonymous,04 Jun 2023,0,We need an iPhone SE with iPhone 11 body accompanied with a perfect LCD display.Waiting for a long time to get a latest and large usable LCD iPhone as I can't bear PWM flickering from OLED screens.🤕,We need an iPhone SE with iPhone 11 body accompanied with a perfect LCD display.Waiting for a long time to get a latest and large usable LCD iPhone as I cannot bear PWM flickering from OLED screens.,37,Positive,0.5719,need iphone se iphone body accompanied perfect lcd displaywaiting long time get latest large usable lcd iphone not bear pwm flickering oled screen,2
https://www.gsmarena.com/apple_iphone_se_(2022)-reviews-11410,CardboardHuman,22 Nov 2024,0,"krisztian, 18 Nov 2024yes, I think its a good upgrade cause it will get updates until 2028 and you could get 7hrs sc...moreNote: Apple doesnt officially promise software support periods, unlike most other OEMs. That said, they do have a decent history of long software support for older phones","krisztian, 18 Nov 2024yes, I think its a good upgrade because it will get updates until 2028 and you could get 7hrs sc...moreNote: Apple does not officially promise software support periods, unlike most other OEMs. That said, they do have a decent history of long software support for older phones",50,Positive,0.746,krisztian nov yes think good upgrade get update could get hr scmorenote apple not officially promise software support period unlike oems said decent history long software support older phone,2
https://www.gsmarena.com/samsung_galaxy_a54-reviews-12070,Anonymous,14 Sep 2024,0,Any news for Gcam works ok ?,Any news for Gcam works ok ?,7,Positive,0.296,news gcam work ok,2
https://www.gsmarena.com/samsung_galaxy_a54-reviews-12070,Gino76ph,10 Nov 2024,0,"alexcpass50, 05 Nov 2024A 12 pro plus. I'm really enjoying the screen, the colors and the photos. The battery als...moreProblem is Realme has stopped trading in the UK. So, software updates may be affected and could become slower or more scarce. That also goes for Vivo.","alexcpass50, 05 Nov 2024A 12 pro plus. I am really enjoying the screen, the colors and the photos. The battery als...moreProblem is Realme has stopped trading in the UK. So, software updates may be affected and could become slower or more scarce. That also goes for Vivo.",47,Positive,0.2944,alexcpass nov pro plus really enjoying screen color photo battery alsmoreproblem realme stopped trading uk software update may affected could become slower scarce also go vivo,2
https://www.gsmarena.com/samsung_galaxy_s24_ultra-reviews-12771,Anonymous,04 Jan 2026,0,"Loveforever, 04 Jan 2026Yes through Samsung-Member Aap mostly in Korea,  Bharat & Poland not know about other countriesGermany? Not sure about it","Loveforever, 04 Jan 2026Yes through Samsung-Member Aap mostly in Korea, Bharat & Poland not know about other countriesGermany? Not sure about it",22,Negative,-0.2411,loveforever jan yes samsungmember aap mostly korea bharat poland not know countriesgermany not sure,0
https://www.gsmarena.com/realme_c55-reviews-12159,Cambodia 2023,11 May 2023,0,"If front glass came with corning gorilla 5 protection, it would be great deal for $199 phone.","If front glass came with corning gorilla 5 protection, it would be great deal for $199 phone.",17,Positive,0.6249,front glass came corning gorilla protection would great deal phone,2
https://www.gsmarena.com/apple_iphone_se_(2022)-reviews-11410,Michael McCarthy,28 Mar 2026,0,"NISHOR, 24 Mar 2026Any advice where i can get a product red 128 or 256gbeBay has them I think. Are you looking for new or used?","NISHOR, 24 Mar 2026Any advice where i can get a product red 128 or 256gbeBay has them I think. Are you looking for new or used?",26,Neutral,0.0,nishor mar advice get product red gbebay think looking new used,1
https://www.gsmarena.com/xiaomi_redmi_note_13_pro-reviews-12581,alrahhal,16 Aug 2026,0,Fingerprint (under display) is slow,Fingerprint (under display) is slow,5,Neutral,0.0,fingerprint display slow,1
https://www.gsmarena.com/apple_iphone_se_(2022)-reviews-11410,Anonymous,27 Jul 2023,0,"Anonymous, 21 Jul 2023I wanna buy this SE but I'm worried about battery drain and especially overheating when d...moreMine only overheats if I’m using it while it’s on charge but that’s a given really . Had it over a year and all good","Anonymous, 21 Jul 2023I want to buy this SE but I am worried about battery drain and especially overheating when d...moreMine only overheats if I Am using it while its on charge but that is a given really . Had it over a year and all good",47,Positive,0.296,anonymous jul want buy se but worried battery drain especially overheating dmoremine overheats using charge but given really year good,2
https://www.gsmarena.com/samsung_galaxy_a54-reviews-12070,Anonymous,03 Dec 2024,0,Samsung Galaxy A54 5G vs redmi note 12 pro 5g?,Samsung Galaxy A54 5G vs redmi note 12 pro 5g?,10,Neutral,0.0,samsung galaxy v redmi note pro,1
https://www.gsmarena.com/apple_iphone_15_pro_max-reviews-12548,Anonymous,11 Jul 2024,0,The best Iphone,The best Iphone,3,Positive,0.6369,best iphone,2
https://www.gsmarena.com/samsung_galaxy_s24_ultra-reviews-12771,Anonymous,24 Jan 2026,0,"Aadrian, 21 Jan 2026470MB january patch recieved and installed today.Same here in UK","Aadrian, 21 Jan 2026470MB january patch recieved and installed today.Same here in UK",13,Neutral,0.0,aadrian jan mb january patch recieved installed todaysame uk,1
https://www.gsmarena.com/samsung_galaxy_s24_ultra-reviews-12771,Anonymous,26 Jun 2026,0,"Aadrian, 25 Jun 2026Same here it's annoying and to remove such little things make it feel less ergonomic. You...moreGot it!! Thanks a ton Aadrian!! I don't get why they made these little settings so complicated now. It was so easy doing these things earlier.","Aadrian, 25 Jun 2026Same here it is annoying and to remove such little things make it feel less ergonomic. You...moreGot it!! Thanks a ton Aadrian!! I do not get why they made these little settings so complicated now. It was so easy doing these things earlier.",46,Positive,0.7277,aadrian jun annoying remove little thing make feel less ergonomic youmoregot thanks ton aadrian not get made little setting complicated easy thing earlier,2
https://www.gsmarena.com/samsung_galaxy_s24_ultra-reviews-12771,Anonymous,01 Mar 2026,0,"Maggs, 27 Feb 2026The February security update removes the feature wipe cache partition. I got it on my s25 ultr...moreHow does one initiate a system restart?I am pleased to welcome OneUI 8 to my device. While I did not experience OneUI 7 directly, I upgraded from OneUI 6.1, effectively transitioning straight to version 8.","Maggs, 27 Feb 2026The February security update removes the feature wipe cache partition. I got it on my s25 ultr...moreHow does one initiate a system restart?I am pleased to welcome OneUI 8 to my device. While I did not experience OneUI 7 directly, I upgraded from OneUI 6.1, effectively transitioning straight to version 8.",54,Positive,0.9022,maggs feb february security update remove feature wipe cache partition got ultrmorehow one initiate system restarti pleased welcome oneui device not experience oneui directly upgraded oneui effectively transitioning straight version,2
https://www.gsmarena.com/samsung_galaxy_a54-reviews-12070,Anonymous,23 Aug 2024,0,"A54 user, 22 Aug 2024Where and how Y'all getting overheating.  Jeez, I've had this phone for over 8months...moreThere is a solution to Exynos' heating problems, buy a phone that contains Snapdragon.","A54 user, 22 Aug 2024Where and how You all getting overheating. Jeez, I have had this phone for over 8months...moreThere is a solution to Exynos' heating problems, buy a phone that contains Snapdragon.",33,Negative,-0.1027,user aug getting overheating jeez phone monthsmorethere solution exynos heating problem buy phone contains snapdragon,0
https://www.gsmarena.com/samsung_galaxy_a54-reviews-12070,Anonymous,13 Oct 2024,0,"Enock, 23 Sep 2024Phone is quite buggy. It reboots the modem when on a call for over 30 mins; all Simcards go of...moreCan you compare it more against the M51 please in terms of audio quality, camera , overall responsiveness etc? I don't want to spend on a new despite using M51 for about 4 years as it's built like a tank and works well even now.","Enock, 23 Sep 2024Phone is quite buggy. It reboots the modem when on a call for over 30 mins; all Simcards go of...moreCan you compare it more against the M51 please in terms of audio quality, camera , overall responsiveness etc? I do not want to spend on a new despite using M51 for about 4 years as it is built like a tank and works well even now.",69,Positive,0.6886,enock sep phone quite buggy reboots modem call min simcards go ofmorecan compare against please term audio quality camera overall responsiveness etc not want spend new despite using year built like tank work well even,2
https://www.gsmarena.com/xiaomi_redmi_note_13_pro-reviews-12581,Anonymous,24 Sep 2025,0,Notification delay and network issue from china variant???,Notification delay and network issue from china variant???,8,Negative,-0.4291,notification delay network issue china variant,0
https://www.gsmarena.com/samsung_galaxy_a54-reviews-12070,Anonymous,23 Jan 2026,0,"santi64, 16 Jan 2026still working fine with latest updates? i may get one to replace my old broken galaxy s9Working flawlessly for me","santi64, 16 Jan 2026still working fine with latest updates? i may get one to replace my old broken galaxy s9Working flawlessly for me",23,Negative,-0.128,santi jan still working fine latest update may get one replace old broken galaxy sworking flawlessly,0
https://www.gsmarena.com/samsung_galaxy_s24_ultra-reviews-12771,Anonymous897,26 Nov 2025,0,Is it a big upgrade coming from an s10? My battery life sucks and chipset is starting to show it's age day by day,Is it a big upgrade coming from an s10? My battery life sucks and chipset is starting to show it is age day by day,25,Negative,-0.3612,big upgrade coming battery life suck chipset starting show age day day,0
https://www.gsmarena.com/samsung_galaxy_a54-reviews-12070,Ultima 9,05 Sep 2024,0,"szlymb2, 02 Sep 2024a35 better for price since its just a rebranded a54 but cheaper and has more updatesa54 has better cameras and thats a fact","szlymb2, 02 Sep 2024a35 better for price since its just a rebranded a54 but cheaper and has more updatesa54 has better cameras and that is a fact",27,Positive,0.7003,szlymb sep better price since rebranded but cheaper updatesa better camera fact,2
https://www.gsmarena.com/samsung_galaxy_a54-reviews-12070,Anonymous,15 Sep 2024,0,How many using at 60 Hz?Because It overheats less and provides longer battery life.,How many using at 60 Hz?Because It overheats less and provides longer battery life.,14,Neutral,0.0,many using hzbecause overheats less provides longer battery life,1
https://www.gsmarena.com/samsung_galaxy_a54-reviews-12070,Jager001,26 May 2026,0,Best smartphone I've used so far and I'm coming from an iPhone 11.,Best smartphone I have used so far and I am coming from an iPhone 11.,15,Positive,0.6369,best smartphone used far coming iphone,2
https://www.gsmarena.com/samsung_galaxy_a54-reviews-12070,Anonymous,15 Mar 2025,0,"Anonymous, 13 Mar 2025Switch it off,power it on and right after samsung logo disapears insert the usb charger and it...moreit really works, I try it now but no matter what, Im go to buy another phone","Anonymous, 13 Mar 2025Switch it off,power it on and right after samsung logo disapears insert the usb charger and it...moreit really works, I try it now but no matter what, I Am go to buy another phone",37,Negative,-0.3919,anonymous mar switch offpower right samsung logo disapears insert usb charger itmoreit really work try but no matter go buy another phone,0
https://www.gsmarena.com/samsung_galaxy_a54-reviews-12070,Anonymous,02 Apr 2025,0,When will android 15 be update?,When will android 15 be update?,6,Neutral,0.0,android update,1
https://www.gsmarena.com/xiaomi_redmi_note_13_pro-reviews-12581,Anonymous,03 Mar 2025,0,I think the Garnet version does not have the bugs that the Emerald version have. That's why they have a better and stable version,I think the Garnet version does not have the bugs that the Emerald version have. That is why they have a better and stable version,25,Positive,0.6249,think garnet version not bug emerald version better stable version,2
https://www.gsmarena.com/apple_iphone_se_(2022)-reviews-11410,Michael McCarthy,26 Apr 2026,0,"Nick, 25 Apr 2026I use a 6s as my daily driver and it works just fine. I have all the apps I need on this phone...moreYeah but your battery isn’t down to 56% though is it? The other guy’s is. That was my point.","Nick, 25 Apr 2026I use a 6s as my daily driver and it works just fine. I have all the apps I need on this phone...moreYeah but your battery is not down to 56% though is it? The other guys is. That was my point.",45,Positive,0.1027,nick apr use daily driver work fine apps need phonemoreyeah but battery not though guy point,2
https://www.gsmarena.com/xiaomi_redmi_note_13_pro-reviews-12581,Anonymous,25 Jun 2025,0,"babydubdub, 30 Apr 2025hey guys, i'm considering buying this phone as my former phone finally gave up today.
i ...moreI had the infinix note 30 vip what is the same techno camon 20 pro I had the same problem with the motherboard I looked for solutions and nothing here is working yet but it turns off out of nowhere I think it is a factory problem","babydubdub, 30 Apr 2025hey guys, i am considering buying this phone as my former phone finally gave up today. i ...moreI had the infinix note 30 vip what is the same techno camon 20 pro I had the same problem with the motherboard I looked for solutions and nothing here is working yet but it turns off out of nowhere I think it is a factory problem",67,Negative,-0.4404,babydubdub apr hey guy considering buying phone former phone finally gave today morei infinix note vip techno camon pro problem motherboard looked solution nothing working yet but turn nowhere think factory problem,0
https://www.gsmarena.com/samsung_galaxy_a54-reviews-12070,Anonymous,17 Sep 2024,0,"Not sure why no one ever mention about its selfie camera is pretty bad to do group photo. The closest always clear, but everyone else are so blur. This phone is easily the worst phone I have ever have.","Not sure why no one ever mention about its selfie camera is pretty bad to do group photo. The closest always clear, but everyone else are so blur. This phone is easily the worst phone I have ever have.",39,Negative,-0.4473,not sure no one ever mention selfie camera pretty bad group photo closest always clear but everyone else blur phone easily worst phone ever,0
https://www.gsmarena.com/apple_iphone_15_pro_max-reviews-12548,Anonymous,16 May 2024,0,finally an iphone with no notch tho lol,finally an iphone with no notch though lol,8,Positive,0.1531,finally iphone no notch though lol,2
https://www.gsmarena.com/xiaomi_redmi_note_13_pro-reviews-12581,Anonymous,06 Dec 2024,0,"Very good phone, Xiaomi once again delivers amazing features in very coherent and fair price! With only 250€ (in Greece), you have 5G connectivity, 67W Turbo charge, Snapdragon 7s Gen2 (powerful CPU in this price range) and many more. I upgraded my Redmi 8 (NOT the  Note 8 or Note 8 Pro!) to this, and the upgrade definitely worthed it! Thr camera is also stunning! 4K video is also very good. I just noticed something, the phone can capture photos BETTER when the environment has more colors and more light. Primarily the selfie camera, when in low light environment, the photo that the phone captures is TRASH!!!!! Compared to a Note 10 Pro from 2021, the Note 10 Pro somehow dominates the 13 Pro 5G in selfie camera.The Note 13 Pro 5G however, has some insanely high zoom reaching up to 10x zoom, and still capturing enough details.Generally, this phone is amazing for budget-ballers.","Very good phone, Xiaomi once again delivers amazing features in very coherent and fair price! With only 250 (in Greece), you have 5G connectivity, 67W Turbo charge, Snapdragon 7s Gen2 (powerful CPU in this price range) and many more. I upgraded my Redmi 8 (NOT the Note 8 or Note 8 Pro!) to this, and the upgrade definitely worthed it! Thr camera is also stunning! 4K video is also very good. I just noticed something, the phone can capture photos BETTER when the environment has more colors and more light. Primarily the selfie camera, when in low light environment, the photo that the phone captures is TRASH!!!!! Compared to a Note 10 Pro from 2021, the Note 10 Pro somehow dominates the 13 Pro 5G in selfie camera.The Note 13 Pro 5G however, has some insanely high zoom reaching up to 10x zoom, and still capturing enough details.Generally, this phone is amazing for budget-ballers.",154,Positive,0.9789,good phone xiaomi delivers amazing feature coherent fair price greece connectivity turbo charge snapdragon gen powerful cpu price range many upgraded redmi not note note pro upgrade definitely worthed thr camera also stunning video also good noticed something phone capture photo better environment color light primarily selfie camera low light environment photo phone capture trash compared note pro note pro somehow dominates pro selfie camerathe note pro however insanely high zoom reaching zoom still capturing enough detailsgenerally phone amazing budgetballers,2
https://www.gsmarena.com/realme_c55-reviews-12159,Anonymous,16 May 2023,0,"DON'T BUY THIS PHONE! GET THE REALME 8 INSTEAD!!Realme 8 has Super AMOLED and Helio G95, it also has 4k30fps recording and has better storage chip and Corning Gorilla Class! Don't try and buy this crap..","DO NOT BUY THIS PHONE! GET THE REALME 8 INSTEAD!!Realme 8 has Super AMOLED and Helio G95, it also has 4k30fps recording and has better storage chip and Corning Gorilla Class! Do not try and buy this crap..",38,Positive,0.8388,not buy phone get realme insteadrealme super amoled helio also kfps recording better storage chip corning gorilla class not try buy crap,2
https://www.gsmarena.com/samsung_galaxy_s24_ultra-reviews-12771,Anonymous,25 Jun 2026,0,How do I drag the edge panel down as it's too high on the screen. I used to do it easily by just holding & dragging it up & down but now when I long press it the edges of the home screen glow and nothing happens.,How do I drag the edge panel down as it is too high on the screen. I used to do it easily by just holding & dragging it up & down but now when I long press it the edges of the home screen glow and nothing happens.,48,Positive,0.0644,drag edge panel high screen used easily holding dragging but long press edge home screen glow nothing happens,2
https://www.gsmarena.com/samsung_galaxy_s24_ultra-reviews-12771,Anonymous,26 Feb 2026,0,"Maria, 26 Feb 2026Getting the S26U today actually makes me appreciate my S24U even more, even though it's t...moreWhy did you upgrade to S26 Ultra?","Maria, 26 Feb 2026Getting the S26U today actually makes me appreciate my S24U even more, even though it is t...moreWhy did you upgrade to S26 Ultra?",26,Positive,0.4019,maria feb getting su today actually make appreciate su even even though tmorewhy upgrade ultra,2
https://www.gsmarena.com/apple_iphone_se_(2022)-reviews-11410,Michael McCarthy,27 Apr 2026,0,"Nick, 25 Apr 2026I use a 6s as my daily driver and it works just fine. I have all the apps I need on this phone...moreAnd I agree with you. You don’t necessarily always need the latest and greatest. That’s why my mum and I are still using our 8 Plus’ and we’re happy. I’ve been thinking about possibly getting an SE 2022 but I’ll be downgrading the display resolution if I do, that’s what’s holding me back from getting one.","Nick, 25 Apr 2026I use a 6s as my daily driver and it works just fine. I have all the apps I need on this phone...moreAnd I agree with you. You do not necessarily always need the latest and greatest. That Is why my mum and I are still using our 8 Plus and were happy. I Have been thinking about possibly getting an SE 2022 but Ill be downgrading the display resolution if I do, that is what is holding me back from getting one.",86,Positive,0.34,nick apr use daily driver work fine apps need phonemoreand agree not necessarily always need latest greatest mum still using plus happy thinking possibly getting se but ill downgrading display resolution holding back getting one,2
https://www.gsmarena.com/apple_iphone_se_(2022)-reviews-11410,Anonymous,21 Jul 2023,0,I wanna buy this SE but I'm worried about battery drain and especially overheating when doing any tasks that aren't chatting. No one is mentioning overheating so I guess it's fine?,I want to buy this SE but I am worried about battery drain and especially overheating when doing any tasks that are not chatting. No one is mentioning overheating so I guess it is fine?,35,Positive,0.222,want buy se but worried battery drain especially overheating task not chatting no one mentioning overheating guess fine,2
https://www.gsmarena.com/samsung_galaxy_a54-reviews-12070,Anonymous,01 Jun 2025,0,I have a54  fix camera is not clear like Andoid 14 .  And another problem is when i open internet browser the screen getting flashing second problem fix it  i pay Samsung for good product not for bad one,I have a54 fix camera is not clear like Andoid 14 . And another problem is when i open internet browser the screen getting flashing second problem fix it i pay Samsung for good product not for bad one,39,Negative,-0.5178,fix camera not clear like andoid another problem open internet browser screen getting flashing second problem fix pay samsung good product not bad one,0
https://www.gsmarena.com/xiaomi_redmi_note_13_pro-reviews-12581,Anonymous,02 Jul 2025,0,"Just checked the 7s gen 2's camera capabilities out of curiosity, seems like they bottlenecked the processor in that front. Whether that means good or bad is a huge question mark to me though cuz I don't have that phone, GSMarena pls mention the camera quality after and in long term usage of this model","Just checked the 7s gen 2's camera capabilities out of curiosity, seems like they bottlenecked the processor in that front. Whether that means good or bad is a huge question mark to me though cuz I do not have that phone, GSMarena pls mention the camera quality after and in long term usage of this model",56,Positive,0.5423,checked gen camera capability curiosity seems like bottlenecked processor front whether mean good bad huge question mark though cuz not phone gsmarena pls mention camera quality long term usage model,2
https://www.gsmarena.com/samsung_galaxy_a54-reviews-12070,Anonymous,25 Aug 2025,0,Bought a refurbished A54 last year and still running smooth. Besides the camera (bit washed out images) its a good phone.,Bought a refurbished A54 last year and still running smooth. Besides the camera (bit washed out images) its a good phone.,21,Positive,0.4404,bought refurbished last year still running smooth besides camera bit washed image good phone,2
https://www.gsmarena.com/samsung_galaxy_a54-reviews-12070,Gino76ph,29 Oct 2024,0,"alexcpass50, 29 Oct 2024I couldn't keep the device. I didn't like the colors on the screen and in the photos...moreWhich Realme phone did you buy instead?","alexcpass50, 29 Oct 2024I could not keep the device. I did not like the colors on the screen and in the photos...moreWhich Realme phone did you buy instead?",28,Negative,-0.2755,alexcpass oct could not keep device not like color screen photosmorewhich realme phone buy instead,0
https://www.gsmarena.com/samsung_galaxy_a54-reviews-12070,Anonymous,06 Aug 2025,0,"Anonymous, 03 Aug 2025Samsung a54 have screen flickring problem, a34 5g best option also handfeel so goodWhat about A35?","Anonymous, 03 Aug 2025Samsung a54 have screen flickring problem, a34 5g best option also handfeel so goodWhat about A35?",19,Positive,0.3612,anonymous aug samsung screen flickring problem best option also handfeel goodwhat,2
https://www.gsmarena.com/apple_iphone_se_(2022)-reviews-11410,Anonymous,28 Jul 2023,0,"This phone has a proven 5g antenna design flow and thus has issues with connecting to various 5 bands. This results in having 300-600 download speeds on one block and almost non existent speeds on the next block in any city/town.There are absolutely no network issues if you switch to 4g only mode.Other than issues with 5g , this phone is perfect, smooth and stable.","This phone has a proven 5g antenna design flow and thus has issues with connecting to various 5 bands. This results in having 300-600 download speeds on one block and almost non existent speeds on the next block in any city/town.There are absolutely no network issues if you switch to 4g only mode.Other than issues with 5g , this phone is perfect, smooth and stable.",65,Negative,-0.3384,phone proven antenna design flow thus issue connecting various band result download speed one block almost non existent speed next block citytownthere absolutely no network issue switch modeother issue phone perfect smooth stable,0
https://www.gsmarena.com/samsung_galaxy_s24_ultra-reviews-12771,Anonymous,03 Jan 2026,0,oneui 6.1 still lol,oneui 6.1 still lol,4,Positive,0.4215,oneui still lol,2
https://www.gsmarena.com/xiaomi_redmi_note_13_pro-reviews-12581,Anonymous,19 Jan 2025,0,"UPDATE:Already did a factory reset yesterday and the phone still sucks. HyperOS 2 is buggy. Laggy control center, delayed option when long pressing the app on the home screen, lots of bloatwares that cannot be uninstalled or disabled and lots of ads. You need to go thought every app just to disable the ads which is kinda annoying and hustle. Random force close on some apps, no AI lockscreen feature like in the advertisement of some youtubers (on my variant) and so on. For me, HyperOS 1 is much better and stable than HyperOS 2","UPDATE:Already did a factory reset yesterday and the phone still sucks. HyperOS 2 is buggy. Laggy control center, delayed option when long pressing the app on the home screen, lots of bloatwares that cannot be uninstalled or disabled and lots of ads. You need to go thought every app just to disable the ads which is kind of annoying and hustle. Random force close on some apps, no AI lockscreen feature like in the advertisement of some youtubers (on my variant) and so on. For me, HyperOS 1 is much better and stable than HyperOS 2",96,Negative,-0.2484,updatealready factory reset yesterday phone still suck hyperos buggy laggy control center delayed option long pressing app home screen lot bloatwares not uninstalled disabled lot ad need go thought every app disable ad kind annoying hustle random force close apps no ai lockscreen feature like advertisement youtubers variant hyperos much better stable hyperos,0
https://www.gsmarena.com/samsung_galaxy_a54-reviews-12070,ENTER0,24 Aug 2024,0,"Anonymous, 24 Aug 2024As I wrote, there're no shortage of users on r/galaxya54 who disagree with you+it's ...moreYeah I see quite number of people on both sides wherever I go, kinda strange lol(but least I can tell for sure least mine doesn't overheats usually)","Anonymous, 24 Aug 2024As I wrote, there are no shortage of users on r/galaxya54 who disagree with you+it is ...moreYeah I see quite number of people on both sides wherever I go, kind of strange lol(but least I can tell for sure least mine does not overheats usually)",48,Negative,-0.6124,anonymous aug wrote no shortage user rgalaxya disagree youit moreyeah see quite number people side wherever go kind strange lolbut least tell sure least mine not overheats usually,0
https://www.gsmarena.com/xiaomi_redmi_note_13_pro-reviews-12581,Anonymous,06 Mar 2025,0,"Zero, 15 Feb 2025Yes. But other online games such as Ragnarok Mobile, Solo Leveling & Genshin Impact, I wou...morewhich best other phone for their game with best gaming performance than this phone","Zero, 15 Feb 2025Yes. But other online games such as Ragnarok Mobile, Solo Leveling & Genshin Impact, I wou...morewhich best other phone for their game with best gaming performance than this phone",32,Positive,0.9274,zero feb yes but online game ragnarok mobile solo leveling genshin impact woumorewhich best phone game best gaming performance phone,2
https://www.gsmarena.com/apple_iphone_15_pro_max-reviews-12548,Anonymous,05 Jul 2024,0,I currently use iphone 6plus and I want to upgrade my phone to 15pm but  I heard media reports saying that iPhone 16pm will large screen battery Ai fast charging 44w up to 25w wireless charging better cooling system new design cameras and I heard use in A18pro which 4.4ghzclock speed and now im confused then I waiting for it in this year September mid thanks for reading my diary 😂,I currently use iphone 6plus and I want to upgrade my phone to 15pm but I heard media reports saying that iPhone 16pm will large screen battery Ai fast charging 44w up to 25w wireless charging better cooling system new design cameras and I heard use in A18pro which 4.4ghzclock speed and now i am confused then I waiting for it in this year September mid thanks for reading my diary,71,Positive,0.7096,currently use iphone plus want upgrade phone pm but heard medium report saying iphone pm large screen battery ai fast charging wireless charging better cooling system new design camera heard use apro ghzclock speed confused waiting year september mid thanks reading diary,2
https://www.gsmarena.com/apple_iphone_se_(2022)-reviews-11410,Anonymous,24 Dec 2023,0,"Anonymous, 24 Dec 2023The person wants a small phone and you say they should not buy it because it is too small. Do ...moreI want a small phone boi.","Anonymous, 24 Dec 2023The person wants a small phone and you say they should not buy it because it is too small. Do ...moreI want a small phone boi.",29,Positive,0.0772,anonymous dec person want small phone say not buy small morei want small phone boi,2
https://www.gsmarena.com/xiaomi_redmi_note_13_pro-reviews-12581,Gino76ph,22 Jan 2025,0,Now that the new Note 14 series is out I have been looking at the specs. And may sound like a stupid question...is the Redmi Note 13 Pro 5G better than the Poco X7 Pro or the new Redmi Note 14 5G Global variant?,Now that the new Note 14 series is out I have been looking at the specs. And may sound like a stupid question...is the Redmi Note 13 Pro 5G better than the Poco X7 Pro or the new Redmi Note 14 5G Global variant?,44,Positive,0.25,new note series looking spec may sound like stupid questionis redmi note pro better poco pro new redmi note global variant,2
https://www.gsmarena.com/samsung_galaxy_a54-reviews-12070,tiltil,06 Apr 2025,0,"Will, 02 Apr 2025When will android 15 be update?Probably next month???","Will, 02 Apr 2025When will android 15 be update?Probably next month???",11,Neutral,0.0,apr android updateprobably next month,1
https://www.gsmarena.com/samsung_galaxy_s24_ultra-reviews-12771,Aadrian,16 Dec 2025,0,Got the december update today over 500MB in size.,Got the december update today over 500MB in size.,9,Neutral,0.0,got december update today mb size,1
https://www.gsmarena.com/samsung_galaxy_s24_ultra-reviews-12771,portushit,17 Dec 2025,0,"SmileyBoy, 30 Nov 2025I've been using this phone for 4 months and it's quite impressive, especially the ex...moreYou should search the tips and tricks on Internet for prolong your battery life.","SmileyBoy, 30 Nov 2025I've been using this phone for 4 months and it is quite impressive, especially the ex...moreYou should search the tips and tricks on Internet for prolong your battery life.",32,Positive,0.4754,smileyboy nov ive using phone month quite impressive especially exmoreyou search tip trick internet prolong battery life,2
https://www.gsmarena.com/samsung_galaxy_s24_ultra-reviews-12771,Anonymous,02 Aug 2026,0,"Sam799, 01 Aug 2026After taking pics you could find the ""remaster"" & ""portrait"" options i...moreThey moved it into the edit pictures section; tap the edit icon, then tap the four-circle thing bottom right, you'll see the background blur feature there.","Sam799, 01 Aug 2026After taking pics you could find the ""remaster"" & ""portrait"" options i...moreThey moved it into the edit pictures section; tap the edit icon, then tap the four-circle thing bottom right, you will see the background blur feature there.",41,Neutral,0.0,sam aug taking pic could find remaster portrait option imorethey moved edit picture section tap edit icon tap fourcircle thing bottom right see background blur feature,1
https://www.gsmarena.com/apple_iphone_15_pro_max-reviews-12548,Anonymous,05 Jul 2024,0,"limiting 5x zoom to Pro Max models only is probably one of the worst things Apple has done just to earn more money, there's no way they couldnt make Pro models have 5x zoom too.","limiting 5x zoom to Pro Max models only is probably one of the worst things Apple has done just to earn more money, there is no way they could not make Pro models have 5x zoom too.",37,Negative,-0.743,limiting zoom pro max model probably one worst thing apple done earn money no way could not make pro model zoom,0
https://www.gsmarena.com/apple_iphone_15_pro_max-reviews-12548,Anonymous,30 Apr 2026,0,Is it still overheating?? And what are the reasons of overheating,Is it still overheating?? And what are the reasons of overheating,11,Neutral,0.0,still overheating reason overheating,1
https://www.gsmarena.com/samsung_galaxy_s24_ultra-reviews-12771,Anonymous,02 May 2026,0,This phone looks great in that yellowish color!,This phone looks great in that yellowish color!,8,Positive,0.6588,phone look great yellowish color,2
https://www.gsmarena.com/samsung_galaxy_s24_ultra-reviews-12771,Anonymous,18 May 2026,0,"maks-rs, 18 May 2026If you expect to get everything from the latest series, you are very mistaken. What was in the...moreI understand. They should make that clear to users when testing beta.  That was misleading..... As for the update I find it changed nothing in terms of performance.  Yes a few little things have been added which is good but not brilliant. But like you said they cant give those features because of S26 ultra release. Hopefully we get it on one ui 9 when it comes out. Have a nice day .","maks-rs, 18 May 2026If you expect to get everything from the latest series, you are very mistaken. What was in the...moreI understand. They should make that clear to users when testing beta. That was misleading..... As for the update I find it changed nothing in terms of performance. Yes a few little things have been added which is good but not brilliant. But like you said they cannot give those features because of S26 ultra release. Hopefully we get it on one ui 9 when it comes out. Have a nice day .",93,Positive,0.4906,maksrs may expect get everything latest series mistaken themorei understand make clear user testing beta misleading update find changed nothing term performance yes little thing added good but not brilliant but like said not give feature ultra release hopefully get one ui come nice day,2
https://www.gsmarena.com/xiaomi_redmi_note_13_pro-reviews-12581,jsoprano75,08 Mar 2025,0,"PureViewer4t1, 07 Mar 2025I recently updated to HyperOS 2 and I feel the battery life has improved. But the new launcher...moreI actually like it better than the MI UI interface. It looks almost exactly like the iPhone control center. I compared them and they're almost exactly the same, LOL.","PureViewer4t1, 07 Mar 2025I recently updated to HyperOS 2 and I feel the battery life has improved. But the new launcher...moreI actually like it better than the MI UI interface. It looks almost exactly like the iPhone control center. I compared them and they are almost exactly the same, LOL.",50,Positive,0.9531,pureviewert mar recently updated hyperos feel battery life improved but new launchermorei actually like better mi ui interface look almost exactly like iphone control center compared almost exactly lol,2
https://www.gsmarena.com/apple_iphone_se_(2022)-reviews-11410,JeyEme,12 Apr 2024,0,I wonder why Apple insist to produce this phone,I wonder why Apple insist to produce this phone,9,Neutral,0.0,wonder apple insist produce phone,1
https://www.gsmarena.com/samsung_galaxy_a54-reviews-12070,Anonymous,16 Dec 2024,0,Why do some A 54 have esim and others don't and yet the phone is being sold at the same price? If some samsung does not take steps to address that issue some of us may take a legal action against samsung because we have been misled by the information put out on Gsmarena by samsung.,Why do some A 54 have esim and others do not and yet the phone is being sold at the same price? If some samsung does not take steps to address that issue some of us may take a legal action against samsung because we have been misled by the information put out on Gsmarena by samsung.,57,Positive,0.128,esim others not yet phone sold price samsung not take step address issue u may take legal action against samsung misled information put gsmarena samsung,2
https://www.gsmarena.com/apple_iphone_15_pro_max-reviews-12548,Anonymous,08 Jun 2024,0,"Bet, 07 Jun 2024Lol No one can touch IPhone ... Its experience is miles ahead of everyone.For apple fanboys. Not everone is woke. Rest of us need software features flexibilty that are not available in iphones.","Bet, 07 Jun 2024Lol No one can touch IPhone ... Its experience is miles ahead of everyone.For apple fanboys. Not everone is woke. Rest of us need software features flexibilty that are not available in iphones.",36,Negative,-0.296,bet jun lol no one touch iphone experience mile ahead everyonefor apple fanboys not everone woke rest u need software feature flexibilty not available iphones,0
https://www.gsmarena.com/xiaomi_redmi_note_13_pro-reviews-12581,Anonymous,02 Mar 2025,0,"jsoprano75, 28 Feb 2025Same here, its working great for me, in fact my battery life is even a little better.whats the android version was used","jsoprano75, 28 Feb 2025Same here, its working great for me, in fact my battery life is even a little better.what is the android version was used",26,Positive,0.6249,jsoprano feb working great fact battery life even little betterwhat android version used,2
https://www.gsmarena.com/samsung_galaxy_a54-reviews-12070,Anonymous,08 Oct 2024,0,"Gino76ph, 06 Oct 2024It's a difficult choice i know. 
If the A54 has a 256GB UFS 4.0 and eSIM version that ma...moreIts using UFS 3.1 NOT 4.0 stop with the false information","Gino76ph, 06 Oct 2024It's a difficult choice i know. If the A54 has a 256GB UFS 4.0 and eSIM version that ma...moreIts using UFS 3.1 NOT 4.0 stop with the false information",32,Negative,-0.1561,ginoph oct difficult choice know gb ufs esim version mamoreits using ufs not stop false information,0
https://www.gsmarena.com/samsung_galaxy_a54-reviews-12070,s35ym.,29 Apr 2025,0,"Poir, 28 Apr 2025April update, volume control bug.Mention clearly.","Poir, 28 Apr 2025April update, volume control bug.Mention clearly.",9,Positive,0.4019,poir apr april update volume control bugmention clearly,2
https://www.gsmarena.com/realme_c55-reviews-12159,Anonymous,12 Oct 2023,0,Can someone tell me if the camera is good for filming vlog etc. to upload on tiktok?,Can someone tell me if the camera is good for filming vlog etc. to upload on tiktok?,17,Positive,0.4404,someone tell camera good filming vlog etc upload tiktok,2
https://www.gsmarena.com/nokia_g22-reviews-12145,Anonymous,15 Jul 2024,0,"In my country, e-commerce comparison sites advertise this tablet as having an active pen feature. Many consumers in my country purchased this tablet for this reason, and numerous customer review sites contain numerous complaints from dozens of individuals who wish to obtain the stylus. This tablet is of poor quality. It lacks a pen feature, an active pen feature, passive technology, and palm rejection. Nxtpaper is a deceptive marketing scheme. It is unethical to mislead consumers. I would have purchased an iPad or a Samsung tablet if I had known I would have wasted my money. Unfortunately, customer support is nonexistent after the purchase.","In my country, e-commerce comparison sites advertise this tablet as having an active pen feature. Many consumers in my country purchased this tablet for this reason, and numerous customer review sites contain numerous complaints from dozens of individuals who wish to obtain the stylus. This tablet is of poor quality. It lacks a pen feature, an active pen feature, passive technology, and palm rejection. Nxtpaper is a deceptive marketing scheme. It is unethical to mislead consumers. I would have purchased an iPad or a Samsung tablet if I had known I would have wasted my money. Unfortunately, customer support is nonexistent after the purchase.",104,Negative,-0.765,country ecommerce comparison site advertise tablet active pen feature many consumer country purchased tablet reason numerous customer review site contain numerous complaint dozen individual wish obtain stylus tablet poor quality lack pen feature active pen feature passive technology palm rejection nxtpaper deceptive marketing scheme unethical mislead consumer would purchased ipad samsung tablet known would wasted money unfortunately customer support nonexistent purchase,0
https://www.gsmarena.com/apple_iphone_se_(2022)-reviews-11410,NISHOR,24 Mar 2026,0,"Someone, 21 Mar 2026I love this phone wanna use this as soon as possible i dont carwe about display or battery 
I...moreAny advice where i can get a product red 128 or 256gb","Someone, 21 Mar 2026I love this phone want to use this as soon as possible i do not carwe about display or battery I...moreAny advice where i can get a product red 128 or 256gb",35,Positive,0.6705,someone mar love phone want use soon possible not carwe display battery imoreany advice get product red gb,2
https://www.gsmarena.com/apple_iphone_15_pro_max-reviews-12548,Anonymous,18 Jun 2024,0,"SeanUchiha, 18 Jun 2024not an iphone fan but l believe iphone is stronger due to its 3nm processorStronger? Let's see how your ""strongest"" phone holds up to concrete. I think strongest phones are CAT ar blackview.","SeanUchiha, 18 Jun 2024not an iphone fan but l believe iphone is stronger due to its 3nm processorStronger? Let us see how your ""strongest"" phone holds up to concrete. I think strongest phones are CAT ar blackview.",37,Positive,0.836,seanuchiha jun not iphone fan but believe iphone stronger due nm processorstronger let u see strongest phone hold concrete think strongest phone cat ar blackview,2
https://www.gsmarena.com/samsung_galaxy_a54-reviews-12070,Anonymous,01 May 2025,0,"s35ym., 29 Apr 2025Mention clearly.After restart, work correctly.","s35ym., 29 Apr 2025Mention clearly.After restart, work correctly.",8,Neutral,0.0,sym apr mention clearlyafter restart work correctly,1
https://www.gsmarena.com/xiaomi_redmi_note_13_pro-reviews-12581,Anonymous,04 Mar 2026,0,"Nick, 28 Feb 2026Last hours of February and it hasn't come yet.It turned up.Not too different from os 2 but I like the ""dynamic island"".","Nick, 28 Feb 2026Last hours of February and it has not come yet.It turned up.Not too different from os 2 but I like the ""dynamic island"".",26,Positive,0.7684,nick feb last hour february not come yetit turned upnot different o but like dynamic island,2
https://www.gsmarena.com/apple_iphone_se_(2022)-reviews-11410,Anonymous,15 Feb 2026,0,"Anonymous, 08 Jan 2026ewwwww poco sucksNot really, POCO is one of the brands that's best known by their amazing value-for-money right now. Though there are cutoffs and compromises like the build quality, cameras, and software (especially ads).","Anonymous, 08 Jan 2026e poco sucksNot really, POCO is one of the brands that is best known by their amazing value-for-money right now. Though there are cutoffs and compromises like the build quality, cameras, and software (especially ads).",38,Positive,0.8885,anonymous jan poco sucksnot really poco one brand best known amazing valueformoney right though cutoff compromise like build quality camera software especially ad,2
https://www.gsmarena.com/samsung_galaxy_a54-reviews-12070,s35ym.,16 Oct 2025,0,"Blue, 13 Oct 2025I used it for 2 year. I have problem with mobile network. It only work when I connect wifi. Wh...moreChange the sim and see.","Blue, 13 Oct 2025I used it for 2 year. I have problem with mobile network. It only work when I connect wifi. Wh...moreChange the sim and see.",27,Negative,-0.4019,blue oct used year problem mobile network work connect wifi whmorechange sim see,0
https://www.gsmarena.com/samsung_galaxy_s24_ultra-reviews-12771,Anonymous,22 Jun 2026,0,"Sam799, 22 Jun 2026Just received the June update around 485 MB.Same here. Im just installing june update now. 484.46mb.","Sam799, 22 Jun 2026Just received the June update around 485 MB.Same here. I Am just installing june update now. 484.46mb.",20,Neutral,0.0,sam jun received june update around mbsame installing june update mb,1
https://www.gsmarena.com/apple_iphone_se_(2022)-reviews-11410,lofu,31 Aug 2023,0,"idk why everyone hates this phone, atleast apple made a cheap phone that everyone can afford","i do not know why everyone hates this phone, atleast apple made a cheap phone that everyone can afford",19,Negative,-0.4404,not know everyone hate phone atleast apple made cheap phone everyone afford,0
https://www.gsmarena.com/samsung_galaxy_s24_ultra-reviews-12771,Anonymous,29 Nov 2025,0,"Anonymous, 26 Nov 2025Nothing here yetKeep checking manually.","Anonymous, 26 Nov 2025Nothing here yetKeep checking manually.",8,Neutral,0.0,anonymous nov nothing yetkeep checking manually,1
https://www.gsmarena.com/apple_iphone_15_pro_max-reviews-12548,Romie Lee,26 Sep 2024,0,"I having experience ghost touch now on my iphone 15 pro max, but only if I do gaming and if heats up too much.","I having experience ghost touch now on my iphone 15 pro max, but only if I do gaming and if heats up too much.",24,Negative,-0.1655,experience ghost touch iphone pro max but gaming heat much,0
https://www.gsmarena.com/samsung_galaxy_s24_ultra-reviews-12771,Sam799,11 Jun 2026,0,"Ram, 07 Jun 2026Whenever I open camera settings it doesn't work can anyone help to fix itReset camera settings.","Ram, 07 Jun 2026Whenever I open camera settings it does not work can anyone help to fix itReset camera settings.",20,Positive,0.4019,ram jun whenever open camera setting not work anyone help fix itreset camera setting,2
https://www.gsmarena.com/samsung_galaxy_a54-reviews-12070,Anonymous,20 Oct 2024,0,Does it get Galaxy Ai ?,Does it get Galaxy Ai ?,6,Neutral,0.0,get galaxy ai,1
https://www.gsmarena.com/apple_iphone_se_(2022)-reviews-11410,Rebin Tunign,23 Feb 2024,0,"Fwench fwy, 09 Jan 2024Should I buy this or the 13 mini??It's been more than a month since you posted that comment but definitely, DEFINITELY the 13 mini, the only pro of this phone compared to that is the touch ID which is completely useless since you have face ID or other ways to unlock your phone anyway so it's technically not worth sacrificing the extra screen space for. The 13 Mini also gets rid of the stupid notch, much better than this. Though both phones are from 2022 so they might be getting less updates than the competition.","Fwench fwy, 09 Jan 2024Should I buy this or the 13 mini??It is been more than a month since you posted that comment but definitely, DEFINITELY the 13 mini, the only pro of this phone compared to that is the touch ID which is completely useless since you have face ID or other ways to unlock your phone anyway so it is technically not worth sacrificing the extra screen space for. The 13 Mini also gets rid of the stupid notch, much better than this. Though both phones are from 2022 so they might be getting less updates than the competition.",101,Positive,0.3962,fwench fwy jan buy miniit month since posted comment but definitely definitely mini pro phone compared touch id completely useless since face id way unlock phone anyway technically not worth sacrificing extra screen space mini also get rid stupid notch much better though phone might getting less update competition,2
https://www.gsmarena.com/xiaomi_redmi_note_13_pro-reviews-12581,Mik3,28 Nov 2024,0,"r0j0e, 26 Nov 2024I've had the note pro, versions 9, 10 and 12.. the 10 was the best xiaomi ever in my opin...moreNote 10X Pro has OIS.","r0j0e, 26 Nov 2024I've had the note pro, versions 9, 10 and 12.. the 10 was the best xiaomi ever in my opin...moreNote 10X Pro has OIS.",27,Positive,0.6369,rje nov ive note pro version best xiaomi ever opinmorenote pro ois,2
https://www.gsmarena.com/apple_iphone_15_pro_max-reviews-12548,Anonymous,03 May 2024,0,"Anonymous, 02 May 2024Best phone for you maybe. It's highly debatable which phone is the best. If we are talkin...moreIm heavy user after install lots of app on Samsung battery drain fast, overnight battery drain is more on s24 ultra compared to iPhone 15max. I feel ios is best on software who want stability. Gaming iPhone feel much better","Anonymous, 02 May 2024Best phone for you maybe. It is highly debatable which phone is the best. If we are talkin...moreIm heavy user after install lots of app on Samsung battery drain fast, overnight battery drain is more on s24 ultra compared to iPhone 15max. I feel ios is best on software who want stability. Gaming iPhone feel much better",60,Positive,0.9118,anonymous may best phone maybe highly debatable phone best talkinmoreim heavy user install lot app samsung battery drain fast overnight battery drain ultra compared iphone max feel io best software want stability gaming iphone feel much better,2
https://www.gsmarena.com/apple_iphone_se_(2022)-reviews-11410,gearJaxx,24 Apr 2024,0,"JeyEme, 12 Apr 2024I wonder why Apple insist to produce this phonepublic still love older design for iPhone. Maybe these type of people still one of Apple's best market out there. And Apple didn't bother to produce it again and again but in limited quantity","JeyEme, 12 Apr 2024I wonder why Apple insist to produce this phonepublic still love older design for iPhone. Maybe these type of people still one of Apple's best market out there. And Apple did not bother to produce it again and again but in limited quantity",46,Positive,0.5216,jeyeme apr wonder apple insist produce phonepublic still love older design iphone maybe type people still one apple best market apple not bother produce but limited quantity,2
https://www.gsmarena.com/apple_iphone_15_pro_max-reviews-12548,Nexxgrind,04 Mar 2025,0,Been user this beast for 5 Months and it was great and No complained!,Been user this beast for 5 Months and it was great and No complained!,14,Positive,0.126,user beast month great no complained,2
https://www.gsmarena.com/apple_iphone_se_(2022)-reviews-11410,Anonymous,14 Oct 2023,0,"Anonymous, 09 Oct 2023only if apple make iphone xr clone and call it se 
then i will take that as a success
please...moreJust buy a used iPhone 11","Anonymous, 09 Oct 2023only if apple make iphone xr clone and call it se then i will take that as a success please...moreJust buy a used iPhone 11",28,Positive,0.5719,anonymous oct apple make iphone xr clone call se take success pleasemorejust buy used iphone,2
https://www.gsmarena.com/apple_iphone_se_(2022)-reviews-11410,Anonymous,11 Apr 2026,0,"Man, a 4.7"" screen is amazing compared to all those 6"" devices dominating the market, some people say that 6"" is average but I think I do just fine with my 4.7"" of iScreen! yeah the 12mp camera doesn't hold up as well but everyone knows it's not the size of the pixel but the photo you're throwing it at!Anyways I'm glad that I can finally tell people ""it's bigger than my phone now""Thanks Apple!!","Man, a 4.7"" screen is amazing compared to all those 6"" devices dominating the market, some people say that 6"" is average but I think I do just fine with my 4.7"" of iScreen! yeah the 12mp camera does not hold up as well but everyone knows it is not the size of the pixel but the photo you are throwing it at!Anyways I am glad that I can finally tell people ""it is bigger than my phone now""Thanks Apple!!",80,Positive,0.9276,man screen amazing compared device dominating market people say average but think fine iscreen yeah mp camera not hold well but everyone know not size pixel but photo throwing atanyways glad finally tell people bigger phone nowthanks apple,2
https://www.gsmarena.com/samsung_galaxy_s24_ultra-reviews-12771,CamoGeko-XDA,25 May 2026,0,"Maria, 23 May 2026Agree, and I just applied the authentic Samsung screen protector for S24U, feel as though i ju...moreI use the ESR protector and my phone is still like new!","Maria, 23 May 2026Agree, and I just applied the authentic Samsung screen protector for S24U, feel as though i ju...moreI use the ESR protector and my phone is still like new!",31,Positive,0.4199,maria may agree applied authentic samsung screen protector su feel though jumorei use esr protector phone still like new,2
https://www.gsmarena.com/samsung_galaxy_s24_ultra-reviews-12771,CamoGeko-XDA,01 Mar 2026,0,Guys we need to get this amazing phone to 2k upvotes!! It's still the best Ultra phone from Samsung!,Guys we need to get this amazing phone to 2k upvotes!! It is still the best Ultra phone from Samsung!,20,Positive,0.8904,guy need get amazing phone upvotes still best ultra phone samsung,2
https://www.gsmarena.com/apple_iphone_se_(2022)-reviews-11410,Anonymous,02 Jun 2024,0,"I wouldn’t mind if they kept this design around for another 5 or even more years. It’s a comfortable and light design, and fits in the hand perfectly. After the SE 4 that looks like a 14 is out, they could keep this as a lower price option, like iPad 9 when iPad 10 was announced. Then just update the internals (SoC, RAM, storage) every now and then while lowering the price. Make it like a muscle car: class-leading performance in a retro design.","I would not mind if they kept this design around for another 5 or even more years. Its a comfortable and light design, and fits in the hand perfectly. After the SE 4 that looks like a 14 is out, they could keep this as a lower price option, like iPad 9 when iPad 10 was announced. Then just update the internals (SoC, RAM, storage) every now and then while lowering the price. Make it like a muscle car: class-leading performance in a retro design.",85,Positive,0.9356,would not mind kept design around another even year comfortable light design fit hand perfectly se look like could keep lower price option like ipad ipad announced update internals soc ram storage every lowering price make like muscle car classleading performance retro design,2
https://www.gsmarena.com/samsung_galaxy_a54-reviews-12070,Anonymous,28 Aug 2025,0,"bruh the camera is so bad at one ui 7,next update need to fix the camera","bruh the camera is so bad at one ui 7,next update need to fix the camera",16,Negative,-0.6696,bruh camera bad one ui next update need fix camera,0
https://www.gsmarena.com/samsung_galaxy_s24_ultra-reviews-12771,Anonymous,19 Jul 2026,0,"Yeah it’s supposed to be for S24 Ultra users but l am seeing others Galaxy users comment.That’s why you’re seeing S22, S23, even A-series folks there.The mods rarely restrict it to just one model. On the S24 Ultra: You're right — it’s one of Samsung’s best yet. Battery: Easily lasts a full day + even with heavy use and 7 years of Android updates: That’s huge. Your phone will literally stay current till 2031 Other functions: The S Pen, 200MP camera, and titanium build make it feel premium10 years with Samsung and this being your best says a lot.What’s your favorite feature on the S24 Ultra so far? For me it’s either the battery or the AI features and  7 years of Android updates","Yeah its supposed to be for S24 Ultra users but l am seeing others Galaxy users comment.That Is why you are seeing S22, S23, even A-series folks there.The mods rarely restrict it to just one model. On the S24 Ultra: You are right its one of Samsungs best yet. Battery: Easily lasts a full day + even with heavy use and 7 years of Android updates: That Is huge. Your phone will literally stay current till 2031 Other functions: The S Pen, 200MP camera, and titanium build make it feel premium10 years with Samsung and this being your best says a lot.What Is your favorite feature on the S24 Ultra so far? For me its either the battery or the AI features and 7 years of Android updates",128,Positive,0.9799,yeah supposed ultra user but seeing others galaxy user commentthat seeing even aseries folk therethe mod rarely restrict one model ultra right one samsungs best yet battery easily last full day even heavy use year android update huge phone literally stay current till function pen mp camera titanium build make feel premium year samsung best say lotwhat favorite feature ultra far either battery ai feature year android update,2
https://www.gsmarena.com/samsung_galaxy_a54-reviews-12070,Anonymous,03 Aug 2025,0,"Awan, 02 Aug 2025Which would be a better purchase: Realme 14 or Samsung Galaxy A54, considering both phones are...moreSamsung a54 have screen flickring problem, a34 5g best option also handfeel so good","Awan, 02 Aug 2025Which would be a better purchase: Realme 14 or Samsung Galaxy A54, considering both phones are...moreSamsung a54 have screen flickring problem, a34 5g best option also handfeel so good",32,Positive,0.8458,awan aug would better purchase realme samsung galaxy considering phone aremoresamsung screen flickring problem best option also handfeel good,2
https://www.gsmarena.com/apple_iphone_15_pro_max-reviews-12548,NeverPayOver1000eur,11 Jul 2024,0,Apple best in battery life? LMAO. How much they pay you for this ad GSMArena?,Apple best in battery life? LMAO. How much they pay you for this ad GSMArena?,15,Positive,0.8687,apple best battery life lmao much pay ad gsmarena,2
https://www.gsmarena.com/apple_iphone_15_pro_max-reviews-12548,Anonymous,06 Jul 2024,0,"chuk trid khrobongho, 03 Jul 2024Yes, now can, because jailbreak easy with this device. can make your own IOS.Locked bootloader crapple product.","chuk trid khrobongho, 03 Jul 2024Yes, now can, because jailbreak easy with this device. can make your own IOS.Locked bootloader crapple product.",22,Positive,0.4404,chuk trid khrobongho jul yes jailbreak easy device make ioslocked bootloader crapple product,2
https://www.gsmarena.com/apple_iphone_15_pro_max-reviews-12548,Anonymous,15 Jun 2026,0,"Propane001, 03 Mar 2025I'm thinking of switching to Apple after being on android for more than 11 years the last...moreIt would be easy via Google and yes it's possible","Propane001, 03 Mar 2025I'm thinking of switching to Apple after being on android for more than 11 years the last...moreIt would be easy via Google and yes it is possible",30,Positive,0.6808,propane mar im thinking switching apple android year lastmoreit would easy via google yes possible,2
https://www.gsmarena.com/xiaomi_redmi_note_13_pro-reviews-12581,Anonymous,05 Jun 2025,0,"why is it saying snapdragon, isn't it Helio G99-Ultra?","why is it saying snapdragon, is not it Helio G99-Ultra?",10,Neutral,0.0,saying snapdragon not helio gultra,1
https://www.gsmarena.com/xiaomi_redmi_note_13_pro-reviews-12581,Anonymous,27 Nov 2024,0,"Anonymous, 23 Nov 2024Hello guys,

Could you please suggest better or similar alternatives to this phone. I like t...morejust go in setting and disable ads and delete the bloatware","Anonymous, 23 Nov 2024Hello guys, Could you please suggest better or similar alternatives to this phone. I like t...morejust go in setting and disable ads and delete the bloatware",29,Positive,0.7717,anonymous nov hello guy could please suggest better similar alternative phone like tmorejust go setting disable ad delete bloatware,2
https://www.gsmarena.com/realme_c55-reviews-12159,Anonymous,18 Oct 2023,0,"Train, 07 Aug 2023It's c65 with helio g99 6m, 68 or 45 watts, dual speaker, 6.78 inch display with 120hz RR...moreexactly im also waiting for its next generation as long as it has allsymmetrical bezels onall 4 sides woth 3 identical cameras in size!","Train, 07 Aug 2023It's c65 with helio g99 6m, 68 or 45 watts, dual speaker, 6.78 inch display with 120hz RR...moreexactly i am also waiting for its next generation as long as it has allsymmetrical bezels onall 4 sides woth 3 identical cameras in size!",45,Neutral,0.0,train aug helio watt dual speaker inch display hz rrmoreexactly also waiting next generation long allsymmetrical bezel onall side woth identical camera size,1
https://www.gsmarena.com/samsung_galaxy_a54-reviews-12070,Akhlan,15 Jul 2026,0,"Uffff 8.5I updated my Samsung Galaxy A54 to One UI 8.5, and since then the battery life has become much worse.Before the update, my battery lasted around 12 hours, but now it only lasts about 6 hours under similar usage.I've watched many YouTube videos and tried almost every suggested fix, but nothing has helped.Has anyone else experienced the same issue? If you know of a solution, please let me know.Should I wait for a future software update that might fix it, or is downgrading to the previous version the better option?","Uffff 8.5I updated my Samsung Galaxy A54 to One UI 8.5, and since then the battery life has become much worse.Before the update, my battery lasted around 12 hours, but now it only lasts about 6 hours under similar usage.I have watched many YouTube videos and tried almost every suggested fix, but nothing has helped.Has anyone else experienced the same issue? If you know of a solution, please let me know.Should I wait for a future software update that might fix it, or is downgrading to the previous version the better option?",92,Positive,0.8782,uffff updated samsung galaxy one ui since battery life become much worsebefore update battery lasted around hour but last hour similar usagei watched many youtube video tried almost every suggested fix but nothing helpedhas anyone else experienced issue know solution please let knowshould wait future software update might fix downgrading previous version better option,2
https://www.gsmarena.com/samsung_galaxy_s24_ultra-reviews-12771,Anonymous,27 May 2026,0,"Maria, 23 May 2026Agree, and I just applied the authentic Samsung screen protector for S24U, feel as though i ju...moreI use magic John screen protectors.  They are so easy to apply. Ive tried other brands like samsung etc and they are useless. They leave bubbles on after applied.","Maria, 23 May 2026Agree, and I just applied the authentic Samsung screen protector for S24U, feel as though i ju...moreI use magic John screen protectors. They are so easy to apply. I Have tried other brands like samsung etc and they are useless. They leave bubbles on after applied.",49,Positive,0.5009,maria may agree applied authentic samsung screen protector su feel though jumorei use magic john screen protector easy apply tried brand like samsung etc useless leave bubble applied,2
https://www.gsmarena.com/samsung_galaxy_s24_ultra-reviews-12771,maks-rs,18 May 2026,0,"One UI 8.5 just landed in Europe , breathed new life into this phone. Best polished UI so far.","One UI 8.5 just landed in Europe , breathed new life into this phone. Best polished UI so far.",19,Positive,0.6369,one ui landed europe breathed new life phone best polished ui far,2
https://www.gsmarena.com/samsung_galaxy_a54-reviews-12070,s35ym.,16 Dec 2024,0,"Anonymous, 16 Dec 2024Why do some A 54 have esim and others don't and yet the phone is being sold at the same p...moreCan you prove that esim feature is costly?.","Anonymous, 16 Dec 2024Why do some A 54 have esim and others do not and yet the phone is being sold at the same p...moreCan you prove that esim feature is costly?.",32,Neutral,0.0,anonymous dec esim others not yet phone sold pmorecan prove esim feature costly,1
https://www.gsmarena.com/apple_iphone_se_(2022)-reviews-11410,Anonymous,18 Jul 2023,0,"rRadD, 15 Jul 2023the tap to wake feature should be available in the SE as well! What's wrong with you, App...moreHome Button","rRadD, 15 Jul 2023the tap to wake feature should be available in the SE as well! What is wrong with you, App...moreHome Button",23,Negative,-0.3164,rradd jul tap wake feature available se well wrong appmorehome button,0
https://www.gsmarena.com/apple_iphone_15_pro_max-reviews-12548,Anonymous,18 Apr 2024,0,"KennyYun, 18 Apr 2024feel solid,very good speaker and undoubtedly a high performance mobile phone even for console ...moreThe brightness is becoming dimmer because your phone is overheating. And your comparison with consoles is absurd. Let me guess you think clash of clans rivals any popular ps5 game? XD","KennyYun, 18 Apr 2024feel solid,very good speaker and undoubtedly a high performance mobile phone even for console ...moreThe brightness is becoming dimmer because your phone is overheating. And your comparison with consoles is absurd. Let me guess you think clash of clans rivals any popular ps5 game? XD",48,Positive,0.9158,kennyyun apr feel solidvery good speaker undoubtedly high performance mobile phone even console morethe brightness becoming dimmer phone overheating comparison console absurd let guess think clash clan rival popular p game xd,2
https://www.gsmarena.com/apple_iphone_se_(2022)-reviews-11410,Anonymous,13 Oct 2024,0,Why must you commenters use the word….Literally so much.,Why must you commenters use the word.Literally so much.,9,Neutral,0.0,must commenters use wordliterally much,1
https://www.gsmarena.com/samsung_galaxy_a54-reviews-12070,s35ym.,23 Apr 2025,0,No visible difference between Samsung A54 and A55.What to buy is the choice of the user.,No visible difference between Samsung A54 and A55.What to buy is the choice of the user.,16,Negative,-0.296,no visible difference samsung awhat buy choice user,0
https://www.gsmarena.com/realme_c55-reviews-12159,Anonymous,28 Dec 2023,0,Idk why this phone so easy to bend yah I was like lol,I Do Not Know why this phone so easy to bend yah I was like lol,16,Positive,0.8419,not know phone easy bend yah like lol,2
https://www.gsmarena.com/xiaomi_redmi_note_13_pro-reviews-12581,Anonymous,03 Jul 2026,0,"Benino, 01 Jun 2026How is it performing....does it drain your battery?Used to drain with the first update of hyper os 3, it's fixed now and the backup is quite acceptable now.","Benino, 01 Jun 2026How is it performing....does it drain your battery?Used to drain with the first update of hyper os 3, it is fixed now and the backup is quite acceptable now.",32,Positive,0.3804,benino jun performingdoes drain batteryused drain first update hyper o fixed backup quite acceptable,2
https://www.gsmarena.com/samsung_galaxy_s24_ultra-reviews-12771,Sam799,30 May 2026,0,Did we receive the May update??,Did we receive the May update??,6,Neutral,0.0,receive may update,1
https://www.gsmarena.com/samsung_galaxy_a54-reviews-12070,xboxl,18 Sep 2024,0,it's my main 😁,it is my main,4,Neutral,0.0,main,1
https://www.gsmarena.com/samsung_galaxy_s24_ultra-reviews-12771,Aadrian,24 Jan 2026,0,"CamoGeko-XDA, 23 Jan 2026Yep, here as well! Sadly it wasn't the OneUI 8.5 update I was hoping for, and just a secu...moreDon't expect 8.5 to arrive before the S26 launches with it. I think we gotta wait for 2 months at least.","CamoGeko-XDA, 23 Jan 2026Yep, here as well! Sadly it was not the OneUI 8.5 update I was hoping for, and just a secu...moreDon't expect 8.5 to arrive before the S26 launches with it. I think we got to wait for 2 months at least.",44,Positive,0.3382,camogekoxda jan yep well sadly not oneui update hoping secumoredont expect arrive launch think got wait month least,2
https://www.gsmarena.com/samsung_galaxy_a54-reviews-12070,Anonymous,26 Aug 2024,0,"Anonymous, 25 Aug 2024So how's the new monthly update? Are there any bugs?In a local forum talk about better color in camera ,better night shot .Other talk for fix heat .All for devices made in India ,sold East Europe .","Anonymous, 25 Aug 2024So how is the new monthly update? Are there any bugs?In a local forum talk about better color in camera ,better night shot .Other talk for fix heat .All for devices made in India ,sold East Europe .",41,Positive,0.7319,anonymous aug new monthly update bugsin local forum talk better color camera better night shot talk fix heat device made india sold east europe,2
https://www.gsmarena.com/apple_iphone_15_pro_max-reviews-12548,Anonymous,25 Feb 2025,0,when i can buy this phone,when i can buy this phone,6,Neutral,0.0,buy phone,1
https://www.gsmarena.com/apple_iphone_se_(2022)-reviews-11410,P650SE,10 Jun 2024,0,"Anonymous, 29 May 2024Lol you're comparing with a non true tone and true tone display. True Tone adapts to your...moreNo, not at all. I had True Tone completely switched off on the 3rd Gen. The screen on the 1st Gen is better in my opinion (except the size, which is definitely too small for me)","Anonymous, 29 May 2024Lol you are comparing with a non true tone and true tone display. True Tone adapts to your...moreNo, not at all. I had True Tone completely switched off on the 3rd Gen. The screen on the 1st Gen is better in my opinion (except the size, which is definitely too small for me)",56,Positive,0.9413,anonymous may lol comparing non true tone true tone display true tone adapts yourmoreno not true tone completely switched rd gen screen st gen better opinion except size definitely small,2
https://www.gsmarena.com/apple_iphone_se_(2022)-reviews-11410,Minu,29 Mar 2024,0,"IQ200, 28 Mar 2024I think Nokia 8 is the best phone ever. Jk lol. Too bad we need to point it out on Apple'...moreBecause the market is full of alternatives, and the Nokia 8 has comparable camera hardware with a higher resolution display etc. It's available at a fraction of the price of this, and nearly better in every aspect. It's a compelling option to those who love this design and dimensions, and not many people take their phone underwater.There isn't anything to justify this phone, and being interested in iOS devices only, isn't an excuse to purchase this over every phone available at this price in any market. Simple.","IQ200, 28 Mar 2024I think Nokia 8 is the best phone ever. Jk lol. Too bad we need to point it out on Apple'...moreBecause the market is full of alternatives, and the Nokia 8 has comparable camera hardware with a higher resolution display etc. It is available at a fraction of the price of this, and nearly better in every aspect. It is a compelling option to those who love this design and dimensions, and not many people take their phone underwater.There is not anything to justify this phone, and being interested in iOS devices only, is not an excuse to purchase this over every phone available at this price in any market. Simple.",114,Positive,0.9421,iq mar think nokia best phone ever jk lol bad need point applemorebecause market full alternative nokia comparable camera hardware higher resolution display etc available fraction price nearly better every aspect compelling option love design dimension not many people take phone underwaterthere not anything justify phone interested io device not excuse purchase every phone available price market simple,2
https://www.gsmarena.com/xiaomi_redmi_note_13_pro-reviews-12581,Anonymous,08 Sep 2025,0,"Anonymous, 07 Sep 2025Don't buy this. You'll find other phones that are far better in the same price range.whats problem u are  facing??","Anonymous, 07 Sep 2025Don't buy this. You will find other phones that are far better in the same price range.what is problem you are facing??",25,Positive,0.1431,anonymous sep dont buy find phone far better price rangewhat problem facing,2
https://www.gsmarena.com/xiaomi_redmi_note_13_pro-reviews-12581,Anonymous,22 Mar 2025,0,"Anonymous, 06 Mar 2025which best other phone for their game with best gaming performance than this phoneThis phone is overall perfect except for the camera it,s camera is terrible but other than that it is super fast it can handle apps has best storage and animation ohy good awesome but if u are looking for a phone with best camera this phone is for u","Anonymous, 06 Mar 2025which best other phone for their game with best gaming performance than this phoneThis phone is overall perfect except for the camera it,s camera is terrible but other than that it is super fast it can handle apps has best storage and animation ohy good awesome but if you are looking for a phone with best camera this phone is for you",65,Positive,0.9882,anonymous mar best phone game best gaming performance phonethis phone overall perfect except camera camera terrible but super fast handle apps best storage animation ohy good awesome but looking phone best camera phone,2
https://www.gsmarena.com/apple_iphone_se_(2022)-reviews-11410,Anonymous,30 Aug 2023,0,"The gap between flagships and midrange phones only gets wider, An a15 chip is nice but a 2018 mah battery seriously","The gap between flagships and midrange phones only gets wider, An a15 chip is nice but a 2018 mah battery seriously",21,Neutral,-0.0387,gap flagship midrange phone get wider chip nice but mah battery seriously,1
https://www.gsmarena.com/realme_c55-reviews-12159,Abdeldjalil Zeghar,08 Apr 2023,0,"Bluewave, 07 Apr 2023Horrible camera design 🤕🤕🤕😔😔👎👎👎👎What about the performance?! Did u use it?","Bluewave, 07 Apr 2023Horrible camera design What about the performance?! Did you use it?",14,Neutral,0.0,bluewave apr horrible camera design performance use,1
https://www.gsmarena.com/apple_iphone_15_pro_max-reviews-12548,Syed muhammad Yasir,14 Sep 2025,0,guys SS s24ultra or 15promax which one i Chose?,guys SS s24ultra or 15promax which one i Chose?,9,Neutral,0.0,guy s sultra promax one chose,1
https://www.gsmarena.com/xiaomi_redmi_note_13_pro-reviews-12581,Anonymous,02 Nov 2025,0,"Anonymous, 07 Sep 2025Don't buy this. You'll find other phones that are far better in the same price range.Can you name those phones","Anonymous, 07 Sep 2025Don't buy this. You will find other phones that are far better in the same price range.Can you name those phones",24,Positive,0.4404,anonymous sep dont buy find phone far better price rangecan name phone,2
https://www.gsmarena.com/apple_iphone_15_pro_max-reviews-12548,Anonymous,17 Apr 2024,0,Can it run Angry birds?,Can it run Angry birds?,5,Negative,-0.5106,run angry bird,0
https://www.gsmarena.com/apple_iphone_se_(2022)-reviews-11410,Anonymous,04 May 2024,0,I love the iphone se the network is fast,I love the iphone se the network is fast,9,Positive,0.6369,love iphone se network fast,2
https://www.gsmarena.com/xiaomi_redmi_note_13_pro-reviews-12581,Anonymous,27 Jan 2025,0,this phone is support MHL (Mobile High-Definiton Link)?,this phone is support MHL (Mobile High-Definiton Link)?,8,Positive,0.4019,phone support mhl mobile highdefiniton link,2
https://www.gsmarena.com/samsung_galaxy_a54-reviews-12070,Anonymous,09 Sep 2024,0,"Ultima 9, 09 Sep 2024if you judge a camera by megapixels you are wrong look at the sensor size for the main cameras...moreAccording to what you wrote, the A35's main camera has a larger sensor. Isn't bigger = better?","Ultima 9, 09 Sep 2024if you judge a camera by megapixels you are wrong look at the sensor size for the main cameras...moreAccording to what you wrote, the A35's main camera has a larger sensor. Is not bigger = better?",40,Negative,-0.6711,ultima sep judge camera megapixels wrong look sensor size main camerasmoreaccording wrote main camera larger sensor not bigger better,0
https://www.gsmarena.com/samsung_galaxy_a54-reviews-12070,Ultima 9,10 Sep 2024,0,"Asim Siddiq, 09 Sep 2024Planning to buy A54 but reading a lot of negative comments about heating and lagging, is that ...moreMy honest review of my unit have been using the phone for more than 1 year no such issues at allFaced them in the beginning but it was resolved after a week or two","Asim Siddiq, 09 Sep 2024Planning to buy A54 but reading a lot of negative comments about heating and lagging, is that ...moreMy honest review of my unit have been using the phone for more than 1 year no such issues at allFaced them in the beginning but it was resolved after a week or two",55,Negative,-0.6592,asim siddiq sep planning buy but reading lot negative comment heating lagging moremy honest review unit using phone year no issue allfaced beginning but resolved week two,0
https://www.gsmarena.com/xiaomi_redmi_note_13_pro-reviews-12581,urban19,19 Jan 2025,0,"Zero, 19 Jan 2025UPDATE:

Already did a factory reset yesterday and the phone still sucks. HyperOS 2 is buggy...moreIts laggy and buggy for me as well. I wish i stayed on HyperOS 1","Zero, 19 Jan 2025UPDATE: Already did a factory reset yesterday and the phone still sucks. HyperOS 2 is buggy...moreIts laggy and buggy for me as well. I wish i stayed on HyperOS 1",33,Positive,0.3182,zero jan update already factory reset yesterday phone still suck hyperos buggymoreits laggy buggy well wish stayed hyperos,2
https://www.gsmarena.com/apple_iphone_se_(2022)-reviews-11410,Michael McCarthy,08 Aug 2025,0,"phone.and.carguy, 05 Aug 2025it's alright but the homebutton will make you think it is a iphone 8 or someting but with...moreThe simple home button with Touch ID is nice though, I like it. My iPhone 8 Plus wouldn’t be the same without it. I don’t know if it’ll be easy or hard for me to adjust when I finally get a new iPhone. I’m thinking of maybe getting an iPhone 18 next year.And this phone has the Apple A15 Bionic which is probably a fair bit better than the Apple A11 Bionic in the 8 Plus.","phone.and.carguy, 05 Aug 2025it's alright but the homebutton will make you think it is a iphone 8 or someting but with...moreThe simple home button with Touch ID is nice though, I like it. My iPhone 8 Plus would not be the same without it. I do not know if it will be easy or hard for me to adjust when I finally get a new iPhone. I Am thinking of maybe getting an iPhone 18 next year.And this phone has the Apple A15 Bionic which is probably a fair bit better than the Apple A11 Bionic in the 8 Plus.",100,Positive,0.9552,phoneandcarguy aug alright but homebutton make think iphone someting but withmorethe simple home button touch id nice though like iphone plus would not without not know easy hard adjust finally get new iphone thinking maybe getting iphone next yearand phone apple bionic probably fair bit better apple bionic plus,2
https://www.gsmarena.com/apple_iphone_15_pro_max-reviews-12548,Anonymous,26 Jan 2025,0,"Nozel, 24 Jan 2025I've never tried any iPhones before, but I'm planning to buy one this year. I'm...moreWell So far I am using both 15pro Max and 16pro Max,But I still prefer the Samsung S24 ultra.","Nozel, 24 Jan 2025I've never tried any iPhones before, but I am planning to buy one this year. I am...moreWell So far I am using both 15pro Max and 16pro Max,But I still prefer the Samsung S24 ultra.",38,Neutral,0.0,nozel jan ive never tried iphones but planning buy one year ammorewell far using pro max pro maxbut still prefer samsung ultra,1
https://www.gsmarena.com/apple_iphone_15_pro_max-reviews-12548,CamoGeko-XDA,21 Feb 2025,0,"Salxar, 26 Jan 2025Well So far I am using both 15pro Max and 16pro Max,  
But I still prefer the Samsung S24 ultra.Hello, would you say the jump to 16 pro max is worth it over 15 pro max??","Salxar, 26 Jan 2025Well So far I am using both 15pro Max and 16pro Max, But I still prefer the Samsung S24 ultra.Hello, would you say the jump to 16 pro max is worth it over 15 pro max??",39,Positive,0.4039,salxar jan well far using pro max pro max but still prefer samsung ultrahello would say jump pro max worth pro max,2
https://www.gsmarena.com/apple_iphone_15_pro_max-reviews-12548,Anonymous,14 Jun 2024,0,"Anonymous, 03 May 2024Probably already waiting for 16 pro max to buy it for 0.001seconds faster instagram opening?so slow. need to use isos andre system for more fast and beautifull image.","Anonymous, 03 May 2024Probably already waiting for 16 pro max to buy it for 0.001seconds faster instagram opening?so slow. need to use isos andre system for more fast and beautifull image.",31,Neutral,0.0,anonymous may probably already waiting pro max buy second faster instagram openingso slow need use isos andre system fast beautifull image,1
https://www.gsmarena.com/xiaomi_redmi_note_13_pro-reviews-12581,Lyxa,21 Jan 2025,0,"After updated to latest HyperOS (3 Jan 2025) the only I noticed is harder gesture(s), for some reason the gesture(s) require a bit longer than MIUI in home screen and navigation, so you cannot flick a finger, but must swipe a longer distance to get an action.Some games lag and framming so bad, playing HoK and MLBB, after several matches, the FPS got dropped form 90 to 58-60 (stable), and hen drop again to 24-32 fps (stable) at 40-45°C [1/4 capacity of my phone already occupied, and game turbo turned on]. Otherword, this 120Hz screen refresh rate is not bad, but for gaming purpose, this isn't helping at all.Other than gaming, the phone is good to go, but not great enough for a daily-multitasking work","After updated to latest HyperOS (3 Jan 2025) the only I noticed is harder gesture(s), for some reason the gesture(s) require a bit longer than MIUI in home screen and navigation, so you cannot flick a finger, but must swipe a longer distance to get an action.Some games lag and framming so bad, playing HoK and MLBB, after several matches, the FPS got dropped form 90 to 58-60 (stable), and hen drop again to 24-32 fps (stable) at 40-45C [1/4 capacity of my phone already occupied, and game turbo turned on]. Otherword, this 120Hz screen refresh rate is not bad, but for gaming purpose, this is not helping at all.Other than gaming, the phone is good to go, but not great enough for a daily-multitasking work",126,Negative,-0.9663,updated latest hyperos jan noticed harder gesture reason gesture require bit longer miui home screen navigation not flick finger but must swipe longer distance get actionsome game lag framming bad playing hok mlbb several match fps got dropped form stable hen drop fps stable capacity phone already occupied game turbo turned otherword hz screen refresh rate not bad but gaming purpose not helping allother gaming phone good go but not great enough dailymultitasking work,0
https://www.gsmarena.com/samsung_galaxy_a54-reviews-12070,Anonymous,03 Jun 2026,0,"2 years into my A54 and I'm still very happy with it. The battery life is a bit meh, but otherwise I've had no dramas at all, it just works. Very fast OS, no lag, great camera, vibrant amoled screen, nice compact size. I have noticed it does get very hot if you watch/stream videos continuously, but thankfully that's not really my jam.","2 years into my A54 and I am still very happy with it. The battery life is a bit meh, but otherwise I have had no dramas at all, it just works. Very fast OS, no lag, great camera, vibrant amoled screen, nice compact size. I have noticed it does get very hot if you watch/stream videos continuously, but thankfully that is not really my jam.",66,Positive,0.9231,year still happy battery life bit meh but otherwise no drama work fast o no lag great camera vibrant amoled screen nice compact size noticed get hot watchstream video continuously but thankfully not really jam,2
https://www.gsmarena.com/samsung_galaxy_a54-reviews-12070,Anonymous,18 Aug 2024,0,"Zikapn, 17 Aug 2024Thanks for the answers. I narrowed down the choice to A54 and RN13PRO 5G, the price is similar...moreIn terms of chip, the RN13PRO is better, in terms of OS updates, the A54 is better.","Zikapn, 17 Aug 2024Thanks for the answers. I narrowed down the choice to A54 and RN13PRO 5G, the price is similar...moreIn terms of chip, the RN13PRO is better, in terms of OS updates, the A54 is better.",37,Positive,0.7003,zikapn aug thanks answer narrowed choice rnpro price similarmorein term chip rnpro better term o update better,2
https://www.gsmarena.com/apple_iphone_15_pro_max-reviews-12548,Anonymous,15 Jun 2024,0,"ForumExpert, 10 Jun 2024No it's not confusing. It's confusing if you are first time user of IOS and that...morerarely make changes and rarely fix bugs. worse than android","ForumExpert, 10 Jun 2024No it is not confusing. It is confusing if you are first time user of IOS and that...morerarely make changes and rarely fix bugs. worse than android",30,Positive,0.5975,forumexpert jun no not confusing confusing first time user io thatmorerarely make change rarely fix bug worse android,2
https://www.gsmarena.com/samsung_galaxy_a54-reviews-12070,BipolarCurious,22 Sep 2024,0,"A54 user, 22 Sep 2024I think its wonderful inspite of little lags and too mitch colors screen the battery is very g...more""i think it's wonderful....""  then goes on to say you're gonna go with a pixel next time?  not exactly picking a side are you?  which is it, a wonderful phone or is it ""not worth it so get a pixel instead""? ffs...","A54 user, 22 Sep 2024I think its wonderful inspite of little lags and too mitch colors screen the battery is very g...more""i think it is wonderful...."" then goes on to say you are going to go with a pixel next time? not exactly picking a side are you? which is it, a wonderful phone or is it ""not worth it so get a pixel instead""? ffs...",66,Positive,0.7242,user sep think wonderful inspite little lag mitch color screen battery gmorei think wonderful go say going go pixel next time not exactly picking side wonderful phone not worth get pixel instead ffs,2
https://www.gsmarena.com/apple_iphone_se_(2022)-reviews-11410,Minu,22 Jan 2025,0,"Michael McCarthy, 22 Jan 2025You’re probably right but switching from iPhone to android and vice versa is not seamless is i...moreIt's extremely seamless today, unlike 7-8 years ago.You can use AirDrop with Nearby Share, use the prospective brand's file transfer app (Samsung's Smart Switch), ShareIt, use your iCloud account on both devices, Bluetooth (works only on a handful of Android devices effectively, especially Nokia devices due to EU legislations) or use a Lightening to Thunderbolt (USB Type-C cable, most effective of all the above). 👍","Michael McCarthy, 22 Jan 2025Youre probably right but switching from iPhone to android and vice versa is not seamless is i...moreIt's extremely seamless today, unlike 7-8 years ago.You can use AirDrop with Nearby Share, use the prospective brand's file transfer app (Samsung's Smart Switch), ShareIt, use your iCloud account on both devices, Bluetooth (works only on a handful of Android devices effectively, especially Nokia devices due to EU legislations) or use a Lightening to Thunderbolt (USB Type-C cable, most effective of all the above).",84,Positive,0.9412,michael mccarthy jan youre probably right but switching iphone android vice versa not seamless imoreits extremely seamless today unlike year agoyou use airdrop nearby share use prospective brand file transfer app samsungs smart switch shareit use icloud account device bluetooth work handful android device effectively especially nokia device due eu legislation use lightening thunderbolt usb typec cable effective,2
https://www.gsmarena.com/realme_c55-reviews-12159,Anonymous,31 May 2023,0,"Anonymous, 30 May 2023Is there any display scratch protection like gorilla or panda glass.Yes corning gorilla glass 5","Anonymous, 30 May 2023Is there any display scratch protection like gorilla or panda glass.Yes corning gorilla glass 5",18,Positive,0.3612,anonymous may display scratch protection like gorilla panda glassyes corning gorilla glass,2
https://www.gsmarena.com/apple_iphone_se_(2022)-reviews-11410,Anonymous,04 Jul 2025,0,"Michael McCarthy, 03 Jul 2025So they’re not the same thing? One’s perfect (spaceship) and one’s best of manufacturer (flags...moreIt can but not always. Even perfect phone is not always perfect. On one side it can be perfect for u, on other side it can be perfect in everything. Also, many flagships are best from manufacturer, but are not suitable for u or are worse then competition.","Michael McCarthy, 03 Jul 2025So they are not the same thing? Ones perfect (spaceship) and ones best of manufacturer (flags...moreIt can but not always. Even perfect phone is not always perfect. On one side it can be perfect for you, on other side it can be perfect in everything. Also, many flagships are best from manufacturer, but are not suitable for you or are worse then competition.",67,Positive,0.9831,michael mccarthy jul not thing one perfect spaceship one best manufacturer flagsmoreit but not always even perfect phone not always perfect one side perfect side perfect everything also many flagship best manufacturer but not suitable worse competition,2
https://www.gsmarena.com/samsung_galaxy_a54-reviews-12070,ENTER0,17 Aug 2024,0,"Anonymous, 17 Aug 2024Phone overheats like crazy even with nothing running and almost all apps in deep sleep. What t...moreAfter 6 month of use, that Never happened.. if you checked all the installed app and found nothing+ still no solution, you might need to repair or return if its still on warranty..","Anonymous, 17 Aug 2024Phone overheats like crazy even with nothing running and almost all apps in deep sleep. What t...moreAfter 6 month of use, that Never happened.. if you checked all the installed app and found nothing+ still no solution, you might need to repair or return if its still on warranty..",52,Positive,0.0516,anonymous aug phone overheats like crazy even nothing running almost apps deep sleep tmoreafter month use never happened checked installed app found nothing still no solution might need repair return still warranty,2
https://www.gsmarena.com/xiaomi_redmi_note_13_pro-reviews-12581,Anonymous,14 Jan 2025,0,Phone full of bloatware. Just a small thing like changing theme or ringtone you end up clicking on Chinese adverts.(Alibaba) .Wouldn't recommend Xiaomi att all. Don't buy no matter there hardware specs. Software is crap.,Phone full of bloatware. Just a small thing like changing theme or ringtone you end up clicking on Chinese adverts.(Alibaba) .Would not recommend Xiaomi att all. Do not buy no matter there hardware specs. Software is crap.,37,Negative,-0.1017,phone full bloatware small thing like changing theme ringtone end clicking chinese advertsalibaba would not recommend xiaomi att not buy no matter hardware spec software crap,0
https://www.gsmarena.com/realme_c55-reviews-12159,Anonymous,17 May 2023,0,"Metloub, 16 May 2023DON'T BUY THIS PHONE! GET THE REALME 8 INSTEAD!!

Realme 8 has Super AMOLED and Helio G...moreI agree. Realme C55 is crap with IPS screen. Realme 8 have AMOLED.","Metloub, 16 May 2023DON'T BUY THIS PHONE! GET THE REALME 8 INSTEAD!! Realme 8 has Super AMOLED and Helio G...moreI agree. Realme C55 is crap with IPS screen. Realme 8 have AMOLED.",32,Positive,0.6884,metloub may dont buy phone get realme instead realme super amoled helio gmorei agree realme crap ip screen realme amoled,2
https://www.gsmarena.com/samsung_galaxy_s24_ultra-reviews-12771,Anonymous,22 Dec 2025,0,Best looking phone of all time after HTC One M8.,Best looking phone of all time after HTC One M8.,10,Positive,0.8091,best looking phone time htc one,2
https://www.gsmarena.com/xiaomi_redmi_note_13_pro-reviews-12581,Anonymous,06 Dec 2024,0,"This is a nice phone, I have sold my old iPhone 11 Pro Max and Bought this Note 13 Pro while I compare both, Display Quality, Camera Quality, Dolby Atmos Sound, Full Charge in 40 Minutes and more features available in Note 13 Pro.","This is a nice phone, I have sold my old iPhone 11 Pro Max and Bought this Note 13 Pro while I compare both, Display Quality, Camera Quality, Dolby Atmos Sound, Full Charge in 40 Minutes and more features available in Note 13 Pro.",44,Positive,0.4215,nice phone sold old iphone pro max bought note pro compare display quality camera quality dolby atmos sound full charge minute feature available note pro,2
https://www.gsmarena.com/apple_iphone_15_pro_max-reviews-12548,Anonymous,12 Jul 2024,0,"Anonymous, 11 Jul 2024The best IphoneThe newbie only. but more bugs inside.","Anonymous, 11 Jul 2024The best IphoneThe newbie only. but more bugs inside.",12,Positive,0.3818,anonymous jul best iphonethe newbie but bug inside,2
https://www.gsmarena.com/realme_c55-reviews-12159,Aerose,12 May 2023,0,"Cambodia 2023, 11 May 2023If front glass came with corning gorilla 5 protection, it would be great deal for $199 phone.a lot samsung phones has gorilla glass 5","Cambodia 2023, 11 May 2023If front glass came with corning gorilla 5 protection, it would be great deal for $199 phone.a lot samsung phones has gorilla glass 5",28,Positive,0.6249,cambodia may front glass came corning gorilla protection would great deal phonea lot samsung phone gorilla glass,2
https://www.gsmarena.com/xiaomi_redmi_note_13_pro-reviews-12581,Anonymous,24 Feb 2025,0,"Tin, 23 Feb 2025Does RN13 pro worth to buy?Depending on your taste. For me, NO. I'd rather go with Samsung A53. The only feature I liked about this phone is the headphone jack","Tin, 23 Feb 2025Does RN13 pro worth to buy?Depending on your taste. For me, NO. I would rather go with Samsung A53. The only feature I liked about this phone is the headphone jack",34,Positive,0.1943,tin feb rn pro worth buydepending taste no would rather go samsung feature liked phone headphone jack,2
https://www.gsmarena.com/samsung_galaxy_a54-reviews-12070,Anonymous,25 Aug 2024,0,"Anonymous, 24 Aug 2024Two of them are Snapdragons actually, my S9 Plus and an A9 Star for the missus. Both heat up q...moreWe are in 2024, welcome to the present. It's a well-known fact that Snapdragon chips of the current year and last year and the year before, etc. heat up less than Exynos chips, especially the Snapdragon chips manufactured by TSMC.","Anonymous, 24 Aug 2024Two of them are Snapdragons actually, my S9 Plus and an A9 Star for the missus. Both heat up q...moreWe are in 2024, welcome to the present. It is a well-known fact that Snapdragon chips of the current year and last year and the year before, etc. heat up less than Exynos chips, especially the Snapdragon chips manufactured by TSMC.",63,Positive,0.4588,anonymous aug two snapdragon actually plus star missus heat qmorewe welcome present wellknown fact snapdragon chip current year last year year etc heat less exynos chip especially snapdragon chip manufactured tsmc,2
https://www.gsmarena.com/samsung_galaxy_s24_ultra-reviews-12771,Loveforever,27 Nov 2025,0,"Huib, 23 Nov 2025Nice phone boxy and Note look I plan buying in JanuaryWhy waiting for January.........?, also Samsung stop making S24 Ultra since March that's why you don't S24 Ultra in Samsung Outlets any more only the third party store so Hurry Up","Huib, 23 Nov 2025Nice phone boxy and Note look I plan buying in JanuaryWhy waiting for January.........?, also Samsung stop making S24 Ultra since March that is why you do not S24 Ultra in Samsung Outlets any more only the third party store so Hurry Up",46,Positive,0.128,huib nov nice phone boxy note look plan buying januarywhy waiting january also samsung stop making ultra since march not ultra samsung outlet third party store hurry,2
https://www.gsmarena.com/samsung_galaxy_a54-reviews-12070,Anonymous,23 Nov 2024,0,"Anonymous, 20 Oct 2024Does it get Galaxy Ai ?Yes but you need to update it and you will get Samsung Ai features.","Anonymous, 20 Oct 2024Does it get Galaxy Ai ?Yes but you need to update it and you will get Samsung Ai features.",22,Positive,0.2144,anonymous oct get galaxy ai yes but need update get samsung ai feature,2
https://www.gsmarena.com/xiaomi_redmi_note_13_pro-reviews-12581,Anonymous,17 Mar 2025,0,"Zero, 12 Mar 2025Battery life has improved but not that much. Lag is partially fixed since there are still time...moreI’ve not encountered those issues although I had PayPal keep stopping after the update turning my phone off and back on resolved that issue for me so it may be worth you doing that","Zero, 12 Mar 2025Battery life has improved but not that much. Lag is partially fixed since there are still time...moreIve not encountered those issues although I had PayPal keep stopping after the update turning my phone off and back on resolved that issue for me so it may be worth you doing that",53,Positive,0.7273,zero mar battery life improved but not much lag partially fixed since still timemoreive not encountered issue although paypal keep stopping update turning phone back resolved issue may worth,2
https://www.gsmarena.com/apple_iphone_15_pro_max-reviews-12548,Anonymous,14 May 2024,0,"Anonymous, 03 May 2024Im heavy user after install lots of app on Samsung battery drain fast, overnight battery drain...moreIf you a heavy user I suggest you to do sports it's not good for your health. Talking about phones all phones nowadays are capable of your social media apps including mid range section.","Anonymous, 03 May 2024Im heavy user after install lots of app on Samsung battery drain fast, overnight battery drain...moreIf you a heavy user I suggest you to do sports it is not good for your health. Talking about phones all phones nowadays are capable of your social media apps including mid range section.",53,Positive,0.05,anonymous may im heavy user install lot app samsung battery drain fast overnight battery drainmoreif heavy user suggest sport not good health talking phone phone nowadays capable social medium apps including mid range section,2
https://www.gsmarena.com/xiaomi_redmi_note_13_pro-reviews-12581,jsoprano75,28 Feb 2025,0,"oeper, 26 Feb 2025i just got hyperos 2 and so far its going greatSame here, its working great for me, in fact my battery life is even a little better.","oeper, 26 Feb 2025i just got hyperos 2 and so far its going greatSame here, its working great for me, in fact my battery life is even a little better.",30,Positive,0.7722,oeper feb got hyperos far going greatsame working great fact battery life even little better,2
https://www.gsmarena.com/xiaomi_redmi_note_13_pro-reviews-12581,Anonymous,14 Jan 2025,0,Xiaomi is really sick with their updates. The last security patch update was of nov 2024 still on hyperos 1.15 they somehow promised to roll out hyperos 2 between nov or dec I think but it's mid jan already huh,Xiaomi is really sick with their updates. The last security patch update was of nov 2024 still on hyperos 1.15 they somehow promised to roll out hyperos 2 between nov or dec I think but it is mid jan already huh,41,Neutral,0.0396,xiaomi really sick update last security patch update nov still hyperos somehow promised roll hyperos nov dec think but mid jan already huh,1
https://www.gsmarena.com/samsung_galaxy_a54-reviews-12070,SamG05,17 Feb 2025,0,"Karimm, 03 Feb 2025Why is samsung keeping long to release the android update for galaxy A series..It is strange....I had A34 on 2023 and it got android 14 on november 2023....suprising even S24 series still stuck with android 14 which has more than 1 year and the expectation is on april or may.","Karimm, 03 Feb 2025Why is samsung keeping long to release the android update for galaxy A series..It is strange....I had A34 on 2023 and it got android 14 on november 2023....suprising even S24 series still stuck with android 14 which has more than 1 year and the expectation is on april or may.",53,Negative,-0.25,karimm feb samsung keeping long release android update galaxy seriesit strangei got android november suprising even series still stuck android year expectation april may,0
https://www.gsmarena.com/realme_c55-reviews-12159,Anonymous,13 Aug 2023,0,what is the storage type? is it ufs or emmc?,what is the storage type? is it ufs or emmc?,10,Neutral,0.0,storage type ufs emmc,1
https://www.gsmarena.com/apple_iphone_se_(2022)-reviews-11410,Michael McCarthy,10 Apr 2026,0,"Amaya, 09 Apr 2026I use an iphone 6s and the original battery health is now at 56% 🙃 I want to experiment it to ...moreLol I just hope that that 6s isn’t your daily driver or your only phone. It’s a bit silly if it is. 🫠","Amaya, 09 Apr 2026I use an iphone 6s and the original battery health is now at 56% I want to experiment it to ...moreLol I just hope that that 6s is not your daily driver or your only phone. Its a bit silly if it is.",46,Positive,0.6808,amaya apr use iphone original battery health want experiment morelol hope not daily driver phone bit silly,2
https://www.gsmarena.com/samsung_galaxy_s24_ultra-reviews-12771,Lorentziu,22 Jan 2026,0,new update today..nice !!,new update today..nice !!,4,Neutral,0.0,new update todaynice,1
https://www.gsmarena.com/apple_iphone_se_(2022)-reviews-11410,Anonymous,04 Jun 2023,0,"need advice, 17 May 2023Please advise. Iphone SE 2022 or Asus Zenfone 9? 
I need a small phone with monster performance.Monster performance? Well the chip inside the iPhone SE may be performant, but that weak battery isn't going to let it perform for long. I have owned it for less than a year and the battery is already noticeably downgraded. If I use it for forty minutes of browsing, video watching and video call, it'll get very warm and the screen will force dim. I don't think it's a good design to have that chip in that chassis with that battery. My previous iPhone 7 in its prime didn't have those issues. I'm gonna sell the phone. As for Asus I don't know.","need advice, 17 May 2023Please advise. Iphone SE 2022 or Asus Zenfone 9? I need a small phone with monster performance.Monster performance? Well the chip inside the iPhone SE may be performant, but that weak battery is not going to let it perform for long. I have owned it for less than a year and the battery is already noticeably downgraded. If I use it for forty minutes of browsing, video watching and video call, it will get very warm and the screen will force dim. I do not think it is a good design to have that chip in that chassis with that battery. My previous iPhone 7 in its prime did not have those issues. I am going to sell the phone. As for Asus I do not know.",131,Positive,0.5718,need advice may please advise iphone se asus zenfone need small phone monster performancemonster performance well chip inside iphone se may performant but weak battery not going let perform long owned less year battery already noticeably downgraded use forty minute browsing video watching video call get warm screen force dim not think good design chip chassis battery previous iphone prime not issue going sell phone asus not know,2
https://www.gsmarena.com/apple_iphone_se_(2022)-reviews-11410,Hassanwains,12 Jul 2023,0,Se 2022 or samsung 3 camera phones in term of photography and videography???,Se 2022 or samsung 3 camera phones in term of photography and videography???,13,Neutral,0.0,se samsung camera phone term photography videography,1
https://www.gsmarena.com/realme_c55-reviews-12159,Anonymous,31 May 2024,0,overall great phone for fair use and not all time gaming. the battery is really good and it charges under an hour it still has overheating issues but after i installed android 14 it was a little bit buggy at first but now its really good because it removes the overheating issuespeople complain that the android 14 ruins their gaming experience by dropping their FPSbut its because the android 14 has more secuirty for its data and some games are not familiar or built for it because they constantly consume your phone data and make your phone overheatsorry for my yapping xd,overall great phone for fair use and not all time gaming. the battery is really good and it charges under an hour it still has overheating issues but after i installed android 14 it was a little bit buggy at first but now its really good because it removes the overheating issuespeople complain that the android 14 ruins their gaming experience by dropping their FPSbut its because the android 14 has more secuirty for its data and some games are not familiar or built for it because they constantly consume your phone data and make your phone overheatsorry for my yapping xd,102,Positive,0.7984,overall great phone fair use not time gaming battery really good charge hour still overheating issue but installed android little bit buggy first but really good remove overheating issuespeople complain android ruin gaming experience dropping fpsbut android secuirty data game not familiar built constantly consume phone data make phone overheatsorry yapping xd,2
https://www.gsmarena.com/samsung_galaxy_s24_ultra-reviews-12771,Anonymous,26 Feb 2026,0,"Getting the S26U today actually makes me appreciate my S24U even more, even though it's two years old, has an older chip, and is 232 grams heavier.","Getting the S26U today actually makes me appreciate my S24U even more, even though it is two years old, has an older chip, and is 232 grams heavier.",28,Positive,0.4019,getting su today actually make appreciate su even even though two year old older chip gram heavier,2
https://www.gsmarena.com/samsung_galaxy_a54-reviews-12070,Anonymous,25 Jan 2025,0,"Anonymous, 29 Dec 2024Version for Europe EUX have eSim in meniu Settings - Connection - Sim Manger and appears SIM 1...moreMyanmar","Anonymous, 29 Dec 2024Version for Europe EUX have eSim in meniu Settings - Connection - Sim Manger and appears SIM 1...moreMyanmar",21,Neutral,0.0,anonymous dec version europe eux esim meniu setting connection sim manger appears sim moremyanmar,1
https://www.gsmarena.com/apple_iphone_se_(2022)-reviews-11410,Anonymous,23 Sep 2024,0,"Anonymous, 16 Sep 2024""New""? It's basically an iPhone 8 with more mAh and better chip.Its technically an iPhone 13 mini in an iPhone 8 body","Anonymous, 16 Sep 2024""New""? It is basically an iPhone 8 with more mAh and better chip.Its technically an iPhone 13 mini in an iPhone 8 body",26,Positive,0.4877,anonymous sep new basically iphone mah better chipits technically iphone mini iphone body,2
https://www.gsmarena.com/apple_iphone_15_pro_max-reviews-12548,Anonymous,20 Jan 2025,0,"Anonymous, 07 Dec 2024I'm a lurker and never been brave enough to comment but this phone has been an expensive ...moreI highly suggest you try the s24 ultra and you won't regret it","Anonymous, 07 Dec 2024I'm a lurker and never been brave enough to comment but this phone has been an expensive ...moreI highly suggest you try the s24 ultra and you will not regret it",34,Positive,0.2755,anonymous dec im lurker never brave enough comment but phone expensive morei highly suggest try ultra not regret,2
https://www.gsmarena.com/apple_iphone_se_(2022)-reviews-11410,Anonymous,24 Dec 2023,0,"Iphoneseuser, 22 Dec 2023Dont. Screen is too smallThe person wants a small phone and you say they should not buy it because it is too small. Do you notice something?","Iphoneseuser, 22 Dec 2023Dont. Screen is too smallThe person wants a small phone and you say they should not buy it because it is too small. Do you notice something?",30,Neutral,0.0,iphoneseuser dec dont screen smallthe person want small phone say not buy small notice something,1
https://www.gsmarena.com/apple_iphone_15_pro_max-reviews-12548,romanson,19 Aug 2024,0,"moby, 19 Aug 2024Battery is leagues better than 14, I can go over 3 days without a charge....had my phone for a...moreI accept what you are saying , but than maybe my battery is faulty or whatever. It is better tnah 14 pro max , but not even close to 13 pro max","moby, 19 Aug 2024Battery is leagues better than 14, I can go over 3 days without a charge....had my phone for a...moreI accept what you are saying , but than maybe my battery is faulty or whatever. It is better tnah 14 pro max , but not even close to 13 pro max",53,Positive,0.5647,moby aug battery league better go day without chargehad phone amorei accept saying but maybe battery faulty whatever better tnah pro max but not even close pro max,2
https://www.gsmarena.com/samsung_galaxy_a54-reviews-12070,Ultima 9,19 Aug 2024,0,"Anonymous, 18 Aug 2024Really? Even when you're watching YouTube videos in 1080p resolution or higher, or when y...morebro i am a dude and i play pubg mobile everyday for atleast an hour and i live in a hot climate country where its 35-40 degrees avg right now. the highest temp of the device is 37-38 degrees after playing long sessions. battery life is excellent 1.5 hours pubg along with other regular tasks i get 8 hours sot with about 12-13hours screen off timecheck this outhttps://r2.community.samsung.com/t5/Galaxy-A/Battery-backup-on-A54-after-1-year/td-p/16355189","Anonymous, 18 Aug 2024Really? Even when you are watching YouTube videos in 1080p resolution or higher, or when y...morebro i am a dude and i play pubg mobile everyday for atleast an hour and i live in a hot climate country where its 35-40 degrees average right now. the highest temp of the device is 37-38 degrees after playing long sessions. battery life is excellent 1.5 hours pubg along with other regular tasks i get 8 hours sot with about 12-13hours screen off timecheck this out",86,Positive,0.7845,anonymous aug really even watching youtube video resolution higher ymorebro dude play pubg mobile everyday atleast hour live hot climate country degree average right highest temp device degree playing long session battery life excellent hour pubg along regular task get hour sot hour screen timecheck,2
https://www.gsmarena.com/samsung_galaxy_a54-reviews-12070,Anonymous,27 Sep 2024,0,"Please answer honestly because I'm wondering about the refresh rate. Are you really using 120Hz or stick to the default 60Hz on this Galaxy A54? I'm sticking to default because it's hot. Not the same as my POCO X3 Pro before. For users of other brands of phones, be honest, do you use 120Hz because it's not hot or stick to the default 60Hz because it's hot?","Please answer honestly because I am wondering about the refresh rate. Are you really using 120Hz or stick to the default 60Hz on this Galaxy A54? I am sticking to default because it is hot. Not the same as my POCO X3 Pro before. For users of other brands of phones, be honest, do you use 120Hz because it is not hot or stick to the default 60Hz because it is hot?",72,Positive,0.8385,please answer honestly wondering refresh rate really using hz stick default hz galaxy sticking default hot not poco pro user brand phone honest use hz not hot stick default hz hot,2
https://www.gsmarena.com/samsung_galaxy_a54-reviews-12070,Anonymous,09 Mar 2025,0,"This phone is better than a26. If u plan to buy a26. Go for this phone instead, better camera, performance & batterylife","This phone is better than a26. If you plan to buy a26. Go for this phone instead, better camera, performance & batterylife",22,Positive,0.7003,phone better plan buy go phone instead better camera performance batterylife,2
https://www.gsmarena.com/samsung_galaxy_a54-reviews-12070,Anonymous,23 Nov 2024,0,"Anonymous, 13 Nov 2024If you think on RAM +, it doesn't. It's just a gimmick.Not really a gimmick, it is simply swap. Actually quite useful for improving performance in certain conditions, but does not do what people expect it to based on name...","Anonymous, 13 Nov 2024If you think on RAM +, it does not. It is just a gimmick.Not really a gimmick, it is simply swap. Actually quite useful for improving performance in certain conditions, but does not do what people expect it to based on name...",45,Positive,0.5688,anonymous nov think ram not gimmicknot really gimmick simply swap actually quite useful improving performance certain condition but not people expect based name,2
https://www.gsmarena.com/realme_c55-reviews-12159,Anonymous,27 Apr 2023,0,Has it Gorilla Glass or similar technology screen protection?,Has it Gorilla Glass or similar technology screen protection?,9,Neutral,0.0,gorilla glass similar technology screen protection,1
https://www.gsmarena.com/samsung_galaxy_s24_ultra-reviews-12771,Anonymous,26 Jul 2026,0,"Anonymous, 25 Jul 2026Don't buy Samsung. After 3 years you will face greenline issue.Thats true.","Anonymous, 25 Jul 2026Don't buy Samsung. After 3 years you will face greenline issue.That Is true.",16,Positive,0.4215,anonymous jul dont buy samsung year face greenline issuethat true,2
https://www.gsmarena.com/apple_iphone_15_pro_max-reviews-12548,e8013585,09 Aug 2024,0,"This phone has been great since I got it. Despite I'm not a fan of iOS, my experience with this phone has been quite fine. Great cameras, great zoom, decent if zoom more than 5x. Best video quality I have seen so far. Battery life has been the best too. It lasts insane 2 days on average usage per day (4h) without getting charged. However I recommend getting it a screen protector and a protective case, because I have cracked the screen once when it fell to concrete floor from my pocket, second time breaking a phone in my life. I've been using this since February 2024 and still main it today.","This phone has been great since I got it. Despite I am not a fan of iOS, my experience with this phone has been quite fine. Great cameras, great zoom, decent if zoom more than 5x. Best video quality I have seen so far. Battery life has been the best too. It lasts insane 2 days on average usage per day (4h) without getting charged. However I recommend getting it a screen protector and a protective case, because I have cracked the screen once when it fell to concrete floor from my pocket, second time breaking a phone in my life. I have been using this since February 2024 and still main it today.",114,Positive,0.9786,phone great since got despite not fan io experience phone quite fine great camera great zoom decent zoom best video quality seen far battery life best last insane day average usage per day without getting charged however recommend getting screen protector protective case cracked screen fell concrete floor pocket second time breaking phone life using since february still main today,2
https://www.gsmarena.com/samsung_galaxy_s24_ultra-reviews-12771,Anonymous,11 Apr 2026,0,"Anonymous, 09 Apr 2026I really love the design of this phone. Rectangular, sharp edges. Though I don't know how...moreI use a shockproof case so I don't feel the edges at all. It's very comfy on my hands.","Anonymous, 09 Apr 2026I really love the design of this phone. Rectangular, sharp edges. Though I do not know how...moreI use a shockproof case so I do not feel the edges at all. It is very comfy on my hands.",40,Positive,0.7778,anonymous apr really love design phone rectangular sharp edge though not know howmorei use shockproof case not feel edge comfy hand,2
https://www.gsmarena.com/samsung_galaxy_a54-reviews-12070,Anonymous,30 Jan 2026,0,"qwerty67, 15 Dec 2025My dad wants to buy this phone is it a good phone?Have 2 years and never had issues. Smooth and reliable. Photos however not that great. Not bad either.","qwerty67, 15 Dec 2025My dad wants to buy this phone is it a good phone?Have 2 years and never had issues. Smooth and reliable. Photos however not that great. Not bad either.",32,Positive,0.3519,qwerty dec dad want buy phone good phonehave year never issue smooth reliable photo however not great not bad either,2
https://www.gsmarena.com/xiaomi_redmi_note_13_pro-reviews-12581,Anonymous,20 Nov 2024,0,"after disabling ""msa"" and after a patch update I am getting ads again, is there a way how to remove them since ""msa"" doesn't show up any more.","after disabling ""msa"" and after a patch update I am getting ads again, is there a way how to remove them since ""msa"" does not show up any more.",29,Negative,-0.4767,disabling msa patch update getting ad way remove since msa not show,0
https://www.gsmarena.com/apple_iphone_se_(2022)-reviews-11410,Michael McCarthy,01 Jun 2025,0,"AnonD-838133, 31 May 2025Switch to android. For 300€ u has Poco X7 pro which is spaceship for this.X7 or X7 Pro? And what do you mean it’s spaceship? You mean like it’s really advanced and stuff?I’m not sure I want to make the switch to android. I’m satisfied with my 8 Plus for now. I’ll need to get a new phone at some point though.","AnonD-838133, 31 May 2025Switch to android. For 300 you has Poco X7 pro which is spaceship for this.X7 or X7 Pro? And what do you mean its spaceship? You mean like its really advanced and stuff?I Am not sure I want to make the switch to android. I Am satisfied with my 8 Plus for now. Ill need to get a new phone at some point though.",67,Positive,0.4852,anond may switch android poco pro spaceship thisx pro mean spaceship mean like really advanced stuffi not sure want make switch android satisfied plus ill need get new phone point though,2
https://www.gsmarena.com/xiaomi_redmi_note_13_pro-reviews-12581,ashrobb,21 Dec 2024,0,"Anonymous, 21 Dec 2024I personally don't care much about software support and updates. I care more about softwa...moreI haven't tried them honestly, only Motorola, Samsung and Xiaomi so I can speak about these. And to complement your needs, I think Samsung is quite reliable when it comes to the software experience. Maybe wait to see what they offer this upcoming year with the S25 series and their midrange stuff (A36 and A56)","Anonymous, 21 Dec 2024I personally do not care much about software support and updates. I care more about softwa...moreI have not tried them honestly, only Motorola, Samsung and Xiaomi so I can speak about these. And to complement your needs, I think Samsung is quite reliable when it comes to the software experience. Maybe wait to see what they offer this upcoming year with the S25 series and their midrange stuff (A36 and A56)",74,Negative,-0.6169,anonymous dec personally not care much software support update care softwamorei not tried honestly motorola samsung xiaomi speak complement need think samsung quite reliable come software experience maybe wait see offer upcoming year series midrange stuff,0
https://www.gsmarena.com/xiaomi_redmi_note_13_pro-reviews-12581,ashrobb,17 Dec 2024,0,"Doctor Phil, 14 Dec 2024Coming from a midrange Samsung, I got this phone to give it a try. Can't say that I am 10...moreThat has been the eternal struggle for Xiaomi phones: software. The offer good hardware for the price but have some terrible software on it compared to competitors.","Doctor Phil, 14 Dec 2024Coming from a midrange Samsung, I got this phone to give it a try. Cannot say that I am 10...moreThat has been the eternal struggle for Xiaomi phones: software. The offer good hardware for the price but have some terrible software on it compared to competitors.",50,Negative,-0.5927,doctor phil dec coming midrange samsung got phone give try not say morethat eternal struggle xiaomi phone software offer good hardware price but terrible software compared competitor,0
https://www.gsmarena.com/apple_iphone_15_pro_max-reviews-12548,Anonymous,19 Jul 2024,0,"user, 19 Jul 2024fake newscomfort yourself","user, 19 Jul 2024fake newscomfort yourself",6,Neutral,0.0,user jul fake newscomfort,1
https://www.gsmarena.com/xiaomi_redmi_note_13_pro-reviews-12581,Anonymous,20 Nov 2024,0,"PureViewer4t1, 19 Nov 2024I got this over Moto G84 and I'm disappointed.

Camera was supposed to be better but it...moreI think you can address these complaints to Xiaomi service center if one available near you. I am sorry to hear that you facing such issues with your smartphone. What I can do for you is to encourage you to perform some cleaning to each associated misbehave app you found. You can go to setting then go to apps then select manage apps. Searching the wanted app then delete all data including cache. This method worked for me on my Xiaomi Redmi Note 13 5G - less Pro :). Hope this work and you can regain happiness just like the feeling you got while unboxing the unit.","PureViewer4t1, 19 Nov 2024I got this over Moto G84 and I am disappointed. Camera was supposed to be better but it...moreI think you can address these complaints to Xiaomi service center if one available near you. I am sorry to hear that you facing such issues with your smartphone. What I can do for you is to encourage you to perform some cleaning to each associated misbehave app you found. You can go to setting then go to apps then select manage apps. Searching the wanted app then delete all data including cache. This method worked for me on my Xiaomi Redmi Note 13 5G - less Pro :). Hope this work and you can regain happiness just like the feeling you got while unboxing the unit.",127,Positive,0.8706,pureviewert nov got moto disappointed camera supposed better but itmorei think address complaint xiaomi service center one available near sorry hear facing issue smartphone encourage perform cleaning associated misbehave app found go setting go apps select manage apps searching wanted app delete data including cache method worked xiaomi redmi note less pro hope work regain happiness like feeling got unboxing unit,2
https://www.gsmarena.com/samsung_galaxy_s24_ultra-reviews-12771,Abhy06,11 Mar 2026,0,"SteveUk, 07 Mar 2026I think you may have a battery problem... you shouldn't have to charge your phone multipl...moreIts giving 5hrs SOT","SteveUk, 07 Mar 2026I think you may have a battery problem... you should not have to charge your phone multipl...moreIts giving 5hrs SOT",23,Positive,0.34,steveuk mar think may battery problem not charge phone multiplmoreits giving hr sot,2
https://www.gsmarena.com/samsung_galaxy_a54-reviews-12070,Gino76ph,03 Oct 2024,0,"Vans79, 03 Oct 2024S23 FE is better .. and its price will drop after the release of S24 FEAre you not concerned on reports of overheating and poor battery life?","Vans79, 03 Oct 2024S23 FE is better .. and its price will drop after the release of S24 FEAre you not concerned on reports of overheating and poor battery life?",30,Negative,-0.3182,van oct fe better price drop release feare not concerned report overheating poor battery life,0
https://www.gsmarena.com/apple_iphone_15_pro_max-reviews-12548,Bval,04 Mar 2025,0,Gsmarena in the past you have wrote iphones have TOF 3D for biometric now you change it in SL 3D.. I have notice that for all iphones that have Face ID like 12 13 14 etc...I know that SL is structured light but explain why did you change iphone biometric from TOF 3D to SL 3D ??,Gsmarena in the past you have wrote iphones have TOF 3D for biometric now you change it in SL 3D.. I have notice that for all iphones that have Face ID like 12 13 14 etc...I know that SL is structured light but explain why did you change iphone biometric from TOF 3D to SL 3D ??,57,Positive,0.2755,gsmarena past wrote iphones tof biometric change sl notice iphones face id like etci know sl structured light but explain change iphone biometric tof sl,2
https://www.gsmarena.com/samsung_galaxy_a54-reviews-12070,Anonymous,20 Aug 2024,0,"Ultima 9, 19 Aug 2024i also have a friend who bought an a54 (8/128) after listening to my experience of this phone ...moreIn the summer, as long as I use my phone with the air conditioner on, mine doesn't overheat either. It doesn't change the fact that there're plenty of other users whose A54 overheats in daily use.","Ultima 9, 19 Aug 2024i also have a friend who bought an a54 (8/128) after listening to my experience of this phone ...moreIn the summer, as long as I use my phone with the air conditioner on, mine does not overheat either. It does not change the fact that there are plenty of other users whose A54 overheats in daily use.",61,Positive,0.4939,ultima aug also friend bought listening experience phone morein summer long use phone air conditioner mine not overheat either not change fact plenty user whose overheats daily use,2
https://www.gsmarena.com/apple_iphone_se_(2022)-reviews-11410,Anonymous,24 Jan 2024,0,"I don't understand why GSMArena lists Touch ID as a pro when EVERY android phone has also a fingerprint reader and works way better than Apple's Touch ID and not only that, unlike iPhones in Android we also have the Face Unlock option if we want.The iPhone SE 2022 is an overpriced piece of shit, the only value of this phone is the chipset but considering the other aspects of this phone that's like playing with an RTX 4090 in an 800x600p monitor with an Intel Celeron for indie games.","I do not understand why GSMArena lists Touch ID as a pro when EVERY android phone has also a fingerprint reader and works way better than Apple's Touch ID and not only that, unlike iPhones in Android we also have the Face Unlock option if we want.The iPhone SE 2022 is an overpriced piece of shit, the only value of this phone is the chipset but considering the other aspects of this phone that is like playing with an RTX 4090 in an 800x600p monitor with an Intel Celeron for indie games.",92,Positive,0.7003,not understand gsmarena list touch id pro every android phone also fingerprint reader work way better apple touch id not unlike iphones android also face unlock option wantthe iphone se overpriced piece shit value phone chipset but considering aspect phone like playing rtx xp monitor intel celeron indie game,2
https://www.gsmarena.com/apple_iphone_se_(2022)-reviews-11410,Anonymous,03 Nov 2024,0,Currently i have an iphone xr (64gb) and im thinking to switch it up for this one by the end of the year (128 gb) it is actually a good idea?,Currently i have an iphone xr (64gb) and i am thinking to switch it up for this one by the end of the year (128 gb) it is actually a good idea?,32,Positive,0.4404,currently iphone xr gb thinking switch one end year gb actually good idea,2
https://www.gsmarena.com/xiaomi_redmi_note_13_pro-reviews-12581,Anonymous,15 Feb 2025,0,"Chillin, 13 Feb 2025Is it good for an average gaming performance?Yes. But other online games such as Ragnarok Mobile, Solo Leveling & Genshin Impact, I wouldn't recommend this phone.","Chillin, 13 Feb 2025Is it good for an average gaming performance?Yes. But other online games such as Ragnarok Mobile, Solo Leveling & Genshin Impact, I would not recommend this phone.",30,Negative,-0.1815,chillin feb good average gaming performanceyes but online game ragnarok mobile solo leveling genshin impact would not recommend phone,0
https://www.gsmarena.com/apple_iphone_se_(2022)-reviews-11410,Mopasha,09 Sep 2023,0,"Anonymous, 03 Sep 2023Apple doesn't even need to try, people BUY Apple stuff.😀","Anonymous, 03 Sep 2023Apple does not even need to try, people BUY Apple stuff.",14,Neutral,0.0,anonymous sep apple not even need try people buy apple stuff,1
https://www.gsmarena.com/nokia_g22-reviews-12145,Anonymous,30 Oct 2023,0,"İ bought this tablet.Because of our shrinking economy i do not want hibe so much money gör Huawei matepad series with phones and covers. İn Turkey , TCL T-pen Dell for separetely but this stylus PEN have not come yet here mu country. tablet cameras is very bad. Rest camera is very bad pixel pixel.My 2007 model Nokia camera is same photo quality. Tablet do not have SD card slot. only 1 sim card slot but sim card slot doesnt work.if you ise this sim card slot in my country you have to pay 22.000 turkish liras.( Yeah government fuc.s us hardcorely .i bought this tablet form 7.000 turkish liras .half of the money is government tax ( yeah also Tayyip from Rize live economic problems in his big big palace because of that he f.cs youths and turkish people )","bought this tablet.Because of our shrinking economy i do not want hibe so much money gr Huawei matepad series with phones and covers. n Turkey , TCL T-pen Dell for separetely but this stylus PEN have not come yet here mu country. tablet cameras is very bad. Rest camera is very bad pixel pixel.My 2007 model Nokia camera is same photo quality. Tablet do not have SD card slot. only 1 sim card slot but sim card slot does not work.if you ise this sim card slot in my country you have to pay 22.000 turkish liras.( Yeah government fuc.s us hardcorely .i bought this tablet form 7.000 turkish liras .half of the money is government tax ( yeah also Tayyip from Rize live economic problems in his big big palace because of that he f.cs youths and turkish people )",141,Negative,-0.9009,bought tabletbecause shrinking economy not want hibe much money gr huawei matepad series phone cover turkey tcl tpen dell separetely but stylus pen not come yet mu country tablet camera bad rest camera bad pixel pixelmy model nokia camera photo quality tablet not sd card slot sim card slot but sim card slot not workif ise sim card slot country pay turkish lira yeah government fucs u hardcorely bought tablet form turkish lira half money government tax yeah also tayyip rize live economic problem big big palace fcs youth turkish people,0
https://www.gsmarena.com/samsung_galaxy_a54-reviews-12070,Anonymous,17 Dec 2024,0,"s35ym., 16 Dec 2024Can you prove that esim feature is costly?.The crux of the matter is the fact customers have been misled into buying that phone since the information put out there by samsung about the features of the phone is not a true reflection of the phone. Obviously you don't know what actually motivate people into buying a particular product. Anyway I don't need to put out all my arsenals here.","s35ym., 16 Dec 2024Can you prove that esim feature is costly?.The crux of the matter is the fact customers have been misled into buying that phone since the information put out there by samsung about the features of the phone is not a true reflection of the phone. Obviously you do not know what actually motivate people into buying a particular product. Anyway I do not need to put out all my arsenals here.",74,Positive,0.0946,sym dec prove esim feature costlythe crux matter fact customer misled buying phone since information put samsung feature phone not true reflection phone obviously not know actually motivate people buying particular product anyway not need put arsenal,2
https://www.gsmarena.com/xiaomi_redmi_note_13_pro-reviews-12581,Anonymous,08 Apr 2025,0,Why my redmi note 13 pro keep relogin after switch to another app,Why my redmi note 13 pro keep relogin after switch to another app,13,Neutral,0.0,redmi note pro keep relogin switch another app,1
https://www.gsmarena.com/samsung_galaxy_s24_ultra-reviews-12771,Anonymous,23 May 2026,0,May patch still coming or they're gonna skip this time because of UI 8.5 update ?,May patch still coming or they are going to skip this time because of UI 8.5 update ?,18,Neutral,0.0,may patch still coming going skip time ui update,1
https://www.gsmarena.com/apple_iphone_se_(2022)-reviews-11410,Anonymous,30 Nov 2023,0,I am very sure I have an iPhone 7 and 8 and that phone is very similar to MINE'S but has 5G.,I am very sure I have an iPhone 7 and 8 and that phone is very similar to MINE'S but has 5G.,22,Positive,0.2014,sure iphone phone similar mine but,2
https://www.gsmarena.com/samsung_galaxy_a54-reviews-12070,Anonymous,09 Sep 2024,0,"Asim Siddiq, 09 Sep 2024Planning to buy A54 but reading a lot of negative comments about heating and lagging, is that ...moreSometimes the phone indeed heating and lagging. It's not just a Exynos, it's also the updates from Samsung to the operating system. There's almost no update that has no problem with it, and some have caused different degrees of heating and lagging.","Asim Siddiq, 09 Sep 2024Planning to buy A54 but reading a lot of negative comments about heating and lagging, is that ...moreSometimes the phone indeed heating and lagging. It is not just a Exynos, it is also the updates from Samsung to the operating system. There is almost no update that has no problem with it, and some have caused different degrees of heating and lagging.",66,Negative,-0.9651,asim siddiq sep planning buy but reading lot negative comment heating lagging moresometimes phone indeed heating lagging not exynos also update samsung operating system almost no update no problem caused different degree heating lagging,0
https://www.gsmarena.com/samsung_galaxy_a54-reviews-12070,Ultima 9,17 Aug 2024,0,"Anonymous, 17 Aug 2024Phone overheats like crazy even with nothing running and almost all apps in deep sleep. What t...morecareful there your brain will overheat for trying too hard to imagine this phone overheats doing nothing or performing light or mid level tasks","Anonymous, 17 Aug 2024Phone overheats like crazy even with nothing running and almost all apps in deep sleep. What t...morecareful there your brain will overheat for trying too hard to imagine this phone overheats doing nothing or performing light or mid level tasks",43,Negative,-0.0772,anonymous aug phone overheats like crazy even nothing running almost apps deep sleep tmorecareful brain overheat trying hard imagine phone overheats nothing performing light mid level task,0
https://www.gsmarena.com/realme_c55-reviews-12159,Anonymous,08 Mar 2023,0,For tis price its a great phone worth to buy for people who dont need anything overpriced.And for elderly and kids as their first phone.,For it is price its a great phone worth to buy for people who do not need anything overpriced.And for elderly and kids as their first phone.,27,Positive,0.7184,price great phone worth buy people not need anything overpricedand elderly kid first phone,2
https://www.gsmarena.com/realme_c55-reviews-12159,Anonymous,17 May 2023,0,"AnonD-1043101, 17 May 2023not all phone sellers can offer realme 8 at the same price as this..
it can mostly go often h...morerealme 8 is still better because it is very similar in price and it is waaaaaaaaaaaaaaaaaaaay better","AnonD-1043101, 17 May 2023not all phone sellers can offer realme 8 at the same price as this.. it can mostly go often h...morerealme 8 is still better because it is very similar in price and it is waaaaaaaaaaaaaaaaaaaay better",39,Positive,0.7003,anond may not phone seller offer realme price mostly go often hmorerealme still better similar price waaaaaaaaaaaaaaaaaaaay better,2
https://www.gsmarena.com/samsung_galaxy_a54-reviews-12070,Anonymous,02 Jan 2026,0,"Asher7, 01 Jan 2026The issue with it's poor battery is all in that SD 888 & Exynos 2100 😩A34 was the better buy, never trust on exynos.","Asher7, 01 Jan 2026The issue with it is poor battery is all in that SD 888 & Exynos 2100 A34 was the better buy, never trust on exynos.",28,Negative,-0.4408,asher jan issue poor battery sd exynos better buy never trust exynos,0
https://www.gsmarena.com/samsung_galaxy_a54-reviews-12070,Arny29,15 Sep 2024,0,Sub standard quality of product for the price.,Sub standard quality of product for the price.,8,Neutral,0.0,sub standard quality product price,1
https://www.gsmarena.com/xiaomi_redmi_note_13_pro-reviews-12581,Anonymous,02 Dec 2024,0,"Anonymous, 02 Dec 2024Good performance for the price? I'd say it's about average at best.

The Poco X6 P...moreDefinitely a more well rounded midranger it is, Balances Camera, Power, Design and all the goodies together into a beautiful phone that works perfectly for most people!Also X6 Pro looks goofy ahh 😭 Design team cocaine moment","Anonymous, 02 Dec 2024Good performance for the price? I would say it is about average at best. The Poco X6 P...moreDefinitely a more well rounded midranger it is, Balances Camera, Power, Design and all the goodies together into a beautiful phone that works perfectly for most people!Also X6 Pro looks goofy ahh Design team cocaine moment",56,Positive,0.9431,anonymous dec good performance price would say average best poco pmoredefinitely well rounded midranger balance camera power design goody together beautiful phone work perfectly peoplealso pro look goofy ahh design team cocaine moment,2
https://www.gsmarena.com/apple_iphone_se_(2022)-reviews-11410,Anonymous,08 Feb 2024,0,"Phone user, 11 Nov 2023I challenge you to find an iPad mini 5 with 128gbBuy mini 6","Phone user, 11 Nov 2023I challenge you to find an iPad mini 5 with 128gbBuy mini 6",17,Positive,0.0772,phone user nov challenge find ipad mini gbbuy mini,2
https://www.gsmarena.com/apple_iphone_se_(2022)-reviews-11410,Anonymous,22 Jun 2023,0,Pray God they wont stop this series SE,Pray God they will not stop this series SE,9,Positive,0.6472,pray god not stop series se,2
https://www.gsmarena.com/samsung_galaxy_a54-reviews-12070,santi64,16 Jan 2026,0,"Marko, 13 Nov 2025Phone with 256gb, 8gb ram and 1tb sd, works great, I have the animation speed set to 0.5 and i...morestill working fine with latest updates? i may get one to replace my old broken galaxy s9","Marko, 13 Nov 2025Phone with 256gb, 8gb ram and 1tb sd, works great, I have the animation speed set to 0.5 and i...morestill working fine with latest updates? i may get one to replace my old broken galaxy s9",39,Positive,0.4215,marko nov phone gb gb ram tb sd work great animation speed set imorestill working fine latest update may get one replace old broken galaxy,2
https://www.gsmarena.com/samsung_galaxy_s24_ultra-reviews-12771,Anonymous,31 Jan 2026,0,"Devlet, 31 Jan 2026I'm wondering if should i get 2nd hand of S24U 1TB for like 160k yen or wait for 2nd hand...moreS25U for the chip and how light it is. S24U for everything else.","Devlet, 31 Jan 2026I'm wondering if should i get 2nd hand of S24U 1TB for like 160k yen or wait for 2nd hand...moreS25U for the chip and how light it is. S24U for everything else.",35,Positive,0.6908,devlet jan im wondering get nd hand su tb like yen wait nd handmoresu chip light su everything else,2
https://www.gsmarena.com/samsung_galaxy_a54-reviews-12070,Karimm,03 Feb 2025,0,Why is samsung keeping long to release the android update for galaxy A series..,Why is samsung keeping long to release the android update for galaxy A series..,14,Neutral,0.0,samsung keeping long release android update galaxy series,1
https://www.gsmarena.com/samsung_galaxy_a54-reviews-12070,Anonymous,24 Nov 2024,0,"alexcpass50, 29 Oct 2024I couldn't keep the device. I didn't like the colors on the screen and in the photos...moreExcuse me? Did you forget to increase the vivdness of your screen through vivid slider?","alexcpass50, 29 Oct 2024I could not keep the device. I did not like the colors on the screen and in the photos...moreExcuse me? Did you forget to increase the vivdness of your screen through vivid slider?",36,Negative,-0.2663,alexcpass oct could not keep device not like color screen photosmoreexcuse forget increase vivdness screen vivid slider,0
https://www.gsmarena.com/samsung_galaxy_s24_ultra-reviews-12771,Anonymous,04 May 2026,0,"Banos, 28 Apr 2026Hi. New to this forum and i think it is brilliant, with lots of experienced wisdom! I love the...moreThe choice to go for this S24 Ultra is a good choice 👍👍👍","Banos, 28 Apr 2026Hi. New to this forum and i think it is brilliant, with lots of experienced wisdom! I love the...moreThe choice to go for this S24 Ultra is a good choice",33,Positive,0.9392,banos apr hi new forum think brilliant lot experienced wisdom love themorethe choice go ultra good choice,2
https://www.gsmarena.com/samsung_galaxy_s24_ultra-reviews-12771,Lorentziu,24 Jan 2026,0,"CamoGeko-XDA, 23 Jan 2026Yep, here as well! Sadly it wasn't the OneUI 8.5 update I was hoping for, and just a secu...moretrue , sadly 😭","CamoGeko-XDA, 23 Jan 2026Yep, here as well! Sadly it was not the OneUI 8.5 update I was hoping for, and just a secu...moretrue , sadly",25,Negative,-0.2481,camogekoxda jan yep well sadly not oneui update hoping secumoretrue sadly,0
https://www.gsmarena.com/apple_iphone_se_(2022)-reviews-11410,Anonymous,13 Oct 2023,0,"Peace Deal team: iPhone SE 3 as daily driver, Galaxy A01 Core as backup and radio/MP3 player and Galaxy Tab 8.4 as a tablet","Peace Deal team: iPhone SE 3 as daily driver, Galaxy A01 Core as backup and radio/MP3 player and Galaxy Tab 8.4 as a tablet",24,Positive,0.5423,peace deal team iphone se daily driver galaxy core backup radiomp player galaxy tab tablet,2
https://www.gsmarena.com/samsung_galaxy_a54-reviews-12070,Anonymous,22 Aug 2024,0,"Anonymous, 19 Aug 2024If you play with the air conditioner on, that explains the temperatures you wrote down. Try pl...moreWhere and how Y'all getting overheating.  Jeez, I've had this phone for over 8months now with a casing on and never experienced overheating. You must be one of the few unlucky ones, get a replacement if on warranty. Just got the new August update  with circle to search function few minutes ago. Thus phone I will recommend anyway to someone out there","Anonymous, 19 Aug 2024If you play with the air conditioner on, that explains the temperatures you wrote down. Try pl...moreWhere and how You all getting overheating. Jeez, I have had this phone for over 8months now with a casing on and never experienced overheating. You must be one of the few unlucky ones, get a replacement if on warranty. Just got the new August update with circle to search function few minutes ago. Thus phone I will recommend anyway to someone out there",83,Positive,0.5994,anonymous aug play air conditioner explains temperature wrote try plmorewhere getting overheating jeez phone month casing never experienced overheating must one unlucky one get replacement warranty got new august update circle search function minute ago thus phone recommend anyway someone,2
https://www.gsmarena.com/xiaomi_redmi_note_13_pro-reviews-12581,anonymouse4312,26 Feb 2025,0,"Will this last 2 years without bugs or performance, battery issues, bugs, lagging? I need for content creation on tiktok and light gaming but i am low on budget","Will this last 2 years without bugs or performance, battery issues, bugs, lagging? I need for content creation on tiktok and light gaming but i am low on budget",29,Negative,-0.3919,last year without bug performance battery issue bug lagging need content creation tiktok light gaming but low budget,0
https://www.gsmarena.com/apple_iphone_15_pro_max-reviews-12548,Anonymous,25 Jan 2025,0,"AnonD-1105399, 25 Jan 2025I am using 15pm and friend has 16pm, I like 15pm more size wise and overall.

if you want to...moreI just upgraded to 16pm and can say for sure 15pm is just as good for 99% of people. I got mine for a good price and used only few days from marketplace. It would be insane to pay 1500€ price for this upgrade!","AnonD-1105399, 25 Jan 2025I am using 15pm and friend has 16pm, I like 15pm more size wise and overall. if you want to...moreI just upgraded to 16pm and can say for sure 15pm is just as good for 99% of people. I got mine for a good price and used only few days from marketplace. It would be insane to pay 1500 price for this upgrade!",66,Positive,0.9283,anond jan using pm friend pm like pm size wise overall want tomorei upgraded pm say sure pm good people got mine good price used day marketplace would insane pay price upgrade,2
https://www.gsmarena.com/realme_c55-reviews-12159,Anonymous,15 Jun 2023,0,"Anonymous, 11 Jun 2023is this otg capable?Stupid question to ask. Any Helio and dimensity are otg enabled","Anonymous, 11 Jun 2023is this otg capable?Stupid question to ask. Any Helio and dimensity are otg enabled",17,Neutral,0.0,anonymous jun otg capablestupid question ask helio dimensity otg enabled,1
https://www.gsmarena.com/realme_c55-reviews-12159,rainsaber,17 Apr 2025,0,"good phone for the price in some countries, costed me only 12k php","good phone for the price in some countries, costed me only 12k php",13,Positive,0.4404,good phone price country costed php,2
https://www.gsmarena.com/xiaomi_redmi_note_13_pro-reviews-12581,LTRace,18 Jan 2025,0,"Anonymous, 18 Jan 2025I am confused between this phone and the Samsung A35 phone. My friend has owned it for two mon...moreJust get Poco F6 then","Anonymous, 18 Jan 2025I am confused between this phone and the Samsung A35 phone. My friend has owned it for two mon...moreJust get Poco F6 then",26,Positive,0.2263,anonymous jan confused phone samsung phone friend owned two monmorejust get poco,2
https://www.gsmarena.com/xiaomi_redmi_note_13_pro-reviews-12581,Anonymous,03 Jul 2026,0,"Mishael witty, 30 Jun 2026Did this phone still good for this year 2026?
Pls help me 
I need an answerIf you're looking for a budget phone while giving up on major update(android version) then you surely can go for it. I've been using it for the past 2 years and I see no issues even now with my daily usage.","Mishael witty, 30 Jun 2026Did this phone still good for this year 2026? Pls help me I need an answerIf you are looking for a budget phone while giving up on major update(android version) then you surely can go for it. I have been using it for the past 2 years and I see no issues even now with my daily usage.",62,Positive,0.8402,mishael witty jun phone still good year pls help need answerif looking budget phone giving major updateandroid version surely go using past year see no issue even daily usage,2
https://www.gsmarena.com/samsung_galaxy_a54-reviews-12070,GURDEEP67,09 Mar 2026,0,"best phone ever,best performance,my phone original display was broken,so i got tft lcd display installed in my phone,but the performance was worst after installing tft display installed in my phone,so then i got original amoled display installed in my phone,now my phone is working ok,original amoled display only works in samsung a54 5g.and secondly the tft led display lacks fingerprint sensor and proximity sensor.","best phone ever,best performance,my phone original display was broken,so i got tft lcd display installed in my phone,but the performance was worst after installing tft display installed in my phone,so then i got original amoled display installed in my phone,now my phone is working ok,original amoled display only works in samsung a54 5g.and secondly the tft led display lacks fingerprint sensor and proximity sensor.",64,Positive,0.5719,best phone everbest performancemy phone original display brokenso got tft lcd display installed phonebut performance worst installing tft display installed phoneso got original amoled display installed phonenow phone working okoriginal amoled display work samsung gand secondly tft led display lack fingerprint sensor proximity sensor,2
https://www.gsmarena.com/realme_c55-reviews-12159,Anonymous,05 May 2023,0,"Kiko, 05 May 2023Update --> currently the battery is 7% (6 days). I have forgotten to mention that there is ...moreHow'much did you buy yours..??","Kiko, 05 May 2023Update --> currently the battery is 7% (6 days). I have forgotten to mention that there is ...moreHow'much did you buy yours..??",25,Negative,-0.3094,kiko may update currently battery day forgotten mention morehowmuch buy,0
https://www.gsmarena.com/apple_iphone_15_pro_max-reviews-12548,Anonymous,08 Feb 2025,0,"I just upgraded from Xiaomi K20 pro to 15 PM, i am a ufc fan and download fights from torrent. Is there any way i can download on IOS..?","I just upgraded from Xiaomi K20 pro to 15 PM, i am a ufc fan and download fights from torrent. Is there any way i can download on IOS..?",29,Negative,-0.1027,upgraded xiaomi pro pm ufc fan download fight torrent way download io,0
https://www.gsmarena.com/apple_iphone_15_pro_max-reviews-12548,Coolestcase,04 Jul 2024,0,"I'm currently using an iPhone 13 Pro Max and I'm torn between switching to an iPhone 15 Pro Max. i've read some blogs that say the iPhone 16 is coming out soon, or should I wait and see?","I am currently using an iPhone 13 Pro Max and I am torn between switching to an iPhone 15 Pro Max. i have read some blogs that say the iPhone 16 is coming out soon, or should I wait and see?",41,Negative,-0.25,currently using iphone pro max torn switching iphone pro max read blog say iphone coming soon wait see,0
https://www.gsmarena.com/apple_iphone_se_(2022)-reviews-11410,Anonymous,31 May 2025,0,"Michael McCarthy, 07 May 2025I suppose it’s alright if you prefer smaller phones and don’t mind having a lower resolution. ...moreSwitch to android. For 300€ u has Poco X7 pro which is spaceship for this.","Michael McCarthy, 07 May 2025I suppose its alright if you prefer smaller phones and do not mind having a lower resolution. ...moreSwitch to android. For 300 you has Poco X7 pro which is spaceship for this.",36,Positive,0.4382,michael mccarthy may suppose alright prefer smaller phone not mind lower resolution moreswitch android poco pro spaceship,2
https://www.gsmarena.com/samsung_galaxy_s24_ultra-reviews-12771,Anonymous,24 Jun 2026,0,"SAM, 24 Jun 2026Your phone, your choice!! Nobody's forcing you to update!I understand that you may be experiencing some frustration while composing your response; please try to maintain a calm demeanor. If my perception of your emotional state is incorrect, I apologize for any misunderstanding.I would appreciate it if anyone could provide information regarding the features included in the June update. I am seeking clarification as to whether the update encompasses more than just security patches.","SAM, 24 Jun 2026Your phone, your choice!! Nobody's forcing you to update!I understand that you may be experiencing some frustration while composing your response; please try to maintain a calm demeanor. If my perception of your emotional state is incorrect, I apologize for any misunderstanding.I would appreciate it if anyone could provide information regarding the features included in the June update. I am seeking clarification as to whether the update encompasses more than just security patches.",76,Positive,0.8289,sam jun phone choice nobody forcing updatei understand may experiencing frustration composing response please try maintain calm demeanor perception emotional state incorrect apologize misunderstandingi would appreciate anyone could provide information regarding feature included june update seeking clarification whether update encompasses security patch,2
https://www.gsmarena.com/samsung_galaxy_a54-reviews-12070,Gino76ph,06 Oct 2024,0,"I need your help. Thinking about the updates and optimizations, which one phone would appear  better in terms of accurate colours (plants, skin tones, skies), consistent colours between the main and ultrawide lenses, much clearer stereo audio when recording video of any format and better low light: Poco F6, OnePlus Nord 3 or the Galaxy A54?","I need your help. Thinking about the updates and optimizations, which one phone would appear better in terms of accurate colours (plants, skin tones, skies), consistent colours between the main and ultrawide lenses, much clearer stereo audio when recording video of any format and better low light: Poco F6, OnePlus Nord 3 or the Galaxy A54?",56,Positive,0.8074,need help thinking update optimization one phone would appear better term accurate colour plant skin tone sky consistent colour main ultrawide lens much clearer stereo audio recording video format better low light poco oneplus nord galaxy,2
https://www.gsmarena.com/samsung_galaxy_a54-reviews-12070,Anonymous,24 Sep 2024,0,"BipolarCurious, 22 Sep 2024""i think it's wonderful....""  then goes on to say you're gonna go with a p...moreSamsung have made it good overall,but in terme of user who love the experience handy phone,no i think it's not quite good buggy screen laks of pixels or something else i dont knew its not like old s10e big havy phone","BipolarCurious, 22 Sep 2024""i think it is wonderful...."" then goes on to say you are going to go with a p...moreSamsung have made it good overall,but in terme of user who love the experience handy phone,no i think it is not quite good buggy screen laks of pixels or something else i do not knew its not like old s10e big havy phone",63,Positive,0.8355,bipolarcurious sep think wonderful go say going go pmoresamsung made good overallbut terme user love experience handy phoneno think not quite good buggy screen laks pixel something else not knew not like old se big havy phone,2
https://www.gsmarena.com/samsung_galaxy_s24_ultra-reviews-12771,CamoGeko-XDA,18 Dec 2025,0,Received December patch earlier this week!!Thanks Samsung! Still one of my favourite phones!,Received December patch earlier this week!!Thanks Samsung! Still one of my favourite phones!,13,Neutral,0.0,received december patch earlier weekthanks samsung still one favourite phone,1
https://www.gsmarena.com/apple_iphone_15_pro_max-reviews-12548,Anonymous,29 Jun 2024,0,"Anthrobug, 27 Jun 2024Upgraded from the 12pm on release, and my battery still shows normal health & 100% capacit...moreWhy so fast the drainage? The battery cannot maintain its power consistently? Is it futuristic?","Anthrobug, 27 Jun 2024Upgraded from the 12pm on release, and my battery still shows normal health & 100% capacit...moreWhy so fast the drainage? The battery cannot maintain its power consistently? Is it futuristic?",33,Neutral,0.0,anthrobug jun upgraded pm release battery still show normal health capacitmorewhy fast drainage battery not maintain power consistently futuristic,1
https://www.gsmarena.com/samsung_galaxy_s24_ultra-reviews-12771,Anonymous,19 Jun 2026,0,Has anyone received june update on S24U?,Has anyone received june update on S24U?,7,Neutral,0.0,anyone received june update su,1
https://www.gsmarena.com/apple_iphone_se_(2022)-reviews-11410,Anonymous,28 Nov 2023,0,i had this phone im getting a new one for christmas its good tho especially on ios 17 tho its extremly fast,i had this phone i am getting a new one for christmas its good though especially on ios 17 though its extremly fast,23,Positive,0.4404,phone getting new one christmas good though especially io though extremly fast,2
https://www.gsmarena.com/apple_iphone_se_(2022)-reviews-11410,Michael McCarthy,26 May 2026,0,"Acong , 25 May 2026ON EBAY: Please mind THAT IS REFURBISHED IPHONE.. WITH NO WARRANTY. as you can read.. It writt...moreIs your English maybe not the greatest? It’s a bit tricky to understand parts of what you’re saying.","Acong , 25 May 2026ON EBAY: Please mind THAT IS REFURBISHED IPHONE.. WITH NO WARRANTY. as you can read.. It writt...moreIs your English maybe not the greatest? Its a bit tricky to understand parts of what you are saying.",39,Negative,-0.6809,acong may ebay please mind refurbished iphone no warranty read writtmoreis english maybe not greatest bit tricky understand part saying,0
https://www.gsmarena.com/xiaomi_redmi_note_13_pro-reviews-12581,Anonymous,03 Feb 2025,0,"The dentist, 03 Feb 2025I want to make sure if i buy the chinese/indian version (not stating ""5g"" on the bac...moreIf it doesn't say 5G then maybe it's the 4G version? The one here.https://www.gsmarena.com/xiaomi_redmi_note_13_pro_4g-12749.php","The dentist, 03 Feb 2025I want to make sure if i buy the chinese/indian version (not stating ""5g"" on the bac...moreIf it does not say 5G then maybe it is the 4G version? The one here.",36,Positive,0.3818,dentist feb want make sure buy chineseindian version not stating bacmoreif not say maybe version one,2
https://www.gsmarena.com/apple_iphone_se_(2022)-reviews-11410,SERIOUSBLACK47,09 Jun 2024,0,"Anonymous, 04 Jun 2024“Love” the same thing. “Love” the fact we waited 2 years for this😅","Anonymous, 04 Jun 2024Love the same thing. Love the fact we waited 2 years for this",16,Positive,0.6369,anonymous jun love thing love fact waited year,2
https://www.gsmarena.com/samsung_galaxy_s24_ultra-reviews-12771,Sam799,01 Aug 2026,0,"Anonymous, 28 Jul 2026Anybody using a official Samsung case for this phone and if so, which one and how is the quality?I've a Samsung (ice blue) case which is my favorite with many other cases like carbon fiber which is quite light just like a skin. I avoid using heavy cases as the they make the phone feel more bulky.","Anonymous, 28 Jul 2026Anybody using a official Samsung case for this phone and if so, which one and how is the quality?I have a Samsung (ice blue) case which is my favorite with many other cases like carbon fiber which is quite light just like a skin. I avoid using heavy cases as the they make the phone feel more bulky.",61,Positive,0.7003,anonymous jul anybody using official samsung case phone one qualityi samsung ice blue case favorite many case like carbon fiber quite light like skin avoid using heavy case make phone feel bulky,2
https://www.gsmarena.com/xiaomi_redmi_note_13_pro-reviews-12581,Anonymous,09 Mar 2025,0,"I've been using the Redmi Note 13 Pro and am disappointed to find that it doesn't support HDR playback on YouTube. Despite its hardware capabilities and support for Dolby Vision, the device fails to display HDR content on YouTube, significantly hampering the media consumption experience on this otherwise promising device.","I have been using the Redmi Note 13 Pro and am disappointed to find that it does not support HDR playback on YouTube. Despite its hardware capabilities and support for Dolby Vision, the device fails to display HDR content on YouTube, significantly hampering the media consumption experience on this otherwise promising device.",52,Negative,-0.6923,using redmi note pro disappointed find not support hdr playback youtube despite hardware capability support dolby vision device fails display hdr content youtube significantly hampering medium consumption experience otherwise promising device,0
https://www.gsmarena.com/apple_iphone_15_pro_max-reviews-12548,Anonymous,30 Sep 2024,0,"romanson, 12 Aug 2024Outside is like real summer , so its more than hot.
Now its like 40 celsius , i am from Monet...moreso no 16pro max","romanson, 12 Aug 2024Outside is like real summer , so its more than hot. Now its like 40 celsius , i am from Monet...moreso no 16pro max",27,Positive,0.4215,romanson aug outside like real summer hot like celsius monetmoreso no pro max,2
https://www.gsmarena.com/xiaomi_redmi_note_13_pro-reviews-12581,Anonymous,09 Jan 2025,0,It surprised to me!!I have Note 13 pro 5G and 14t =  performance is very similar. Hyper 1.0Proximity sensor also worked ok!,It surprised to me!!I have Note 13 pro 5G and 14t = performance is very similar. Hyper 1.0Proximity sensor also worked ok!,22,Positive,0.6093,surprised mei note pro performance similar hyper proximity sensor also worked ok,2
https://www.gsmarena.com/xiaomi_redmi_note_13_pro-reviews-12581,Anonymous,03 May 2025,0,"I finally found a fix for YouTube and Gmail that always force closes on HyperOS 2.0. I just changed the year of the phone to 2023, open youtube and gmail, then switch back to year 2025. And the force close thing disappeared. Even after updating to 2.0.5.0, the issue is no longer present","I finally found a fix for YouTube and Gmail that always force closes on HyperOS 2.0. I just changed the year of the phone to 2023, open youtube and gmail, then switch back to year 2025. And the force close thing disappeared. Even after updating to 2.0.5.0, the issue is no longer present",53,Negative,-0.4767,finally found fix youtube gmail always force close hyperos changed year phone open youtube gmail switch back year force close thing disappeared even updating issue no longer present,0
https://www.gsmarena.com/xiaomi_redmi_note_13_pro-reviews-12581,Anonymous,23 Sep 2025,0,"xelha, 21 Sep 2025Still using this phone and it's still great. I just wish I could get rid of Google TV, Go...moreJust debloat (uninstall) without root","xelha, 21 Sep 2025Still using this phone and it is still great. I just wish I could get rid of Google TV, Go...moreJust debloat (uninstall) without root",27,Positive,0.7783,xelha sep still using phone still great wish could get rid google tv gomorejust debloat uninstall without root,2
https://www.gsmarena.com/apple_iphone_15_pro_max-reviews-12548,Anonymous,06 Aug 2024,0,Why are📱so boring nowadays?...,Why areso boring nowadays?...,4,Negative,-0.3182,areso boring nowadays,0
https://www.gsmarena.com/samsung_galaxy_s24_ultra-reviews-12771,Dream-buddy,15 Feb 2026,0,"Hills od, 15 Feb 2026I'm getting this phone in December10 of >>>>>>>>>>>>Waiting","Hills od, 15 Feb 2026I'm getting this phone in December10 of >>>>>>>>>>>>Waiting",12,Neutral,0.0,hill od feb im getting phone december waiting,1
https://www.gsmarena.com/xiaomi_redmi_note_13_pro-reviews-12581,Anonymous,03 Feb 2025,0,"I want to make sure if i buy the chinese/indian version (not stating ""5g"" on the back of the phone next to ""redmi"") can i unlock it and flash a different rom?What are the disadvantages of buying the chinese/indian version?","I want to make sure if i buy the chinese/indian version (not stating ""5g"" on the back of the phone next to ""redmi"") can i unlock it and flash a different rom?What are the disadvantages of buying the chinese/indian version?",40,Negative,-0.1179,want make sure buy chineseindian version not stating back phone next redmi unlock flash different romwhat disadvantage buying chineseindian version,0
https://www.gsmarena.com/samsung_galaxy_a54-reviews-12070,Anonymous,08 Oct 2024,0,"Gino76ph, 06 Oct 2024It's a difficult choice i know. 
If the A54 has a 256GB UFS 4.0 and eSIM version that ma...moreIt doesn't have UFS 4.0 who told you this 💩?","Gino76ph, 06 Oct 2024It's a difficult choice i know. If the A54 has a 256GB UFS 4.0 and eSIM version that ma...moreIt does not have UFS 4.0 who told you this ?",32,Negative,-0.3612,ginoph oct difficult choice know gb ufs esim version mamoreit not ufs told,0
https://www.gsmarena.com/realme_c55-reviews-12159,Anonymous,03 Nov 2024,0,"s10loveee, 13 May 2024DO NOT buy this overpriced crap. The camera is really bad, the performance is the same as an I...morewhy spread so much hate? im not a realme fan, but it isnt really overpriced for me, and it did get android 14 with realme UI 5.0 (in malaysia)redmi phone is good, but u will regret buying it after a year.","s10loveee, 13 May 2024DO NOT buy this overpriced crap. The camera is really bad, the performance is the same as an I...morewhy spread so much hate? i am not a realme fan, but it is not really overpriced for me, and it did get android 14 with realme UI 5.0 (in malaysia)redmi phone is good, but you will regret buying it after a year.",64,Negative,-0.7199,sloveee may not buy overpriced crap camera really bad performance imorewhy spread much hate not realme fan but not really overpriced get android realme ui malaysiaredmi phone good but regret buying year,0
https://www.gsmarena.com/samsung_galaxy_a54-reviews-12070,Vans79,30 Mar 2026,0,"idk, 26 Mar 2026hi there, in 2nd hand condition wht will be a good purchase
a54? m35? can anyone pls let me k...moreA54 is a good option even in 2026. And it is the most compact A series phone available","i do not know, 26 Mar 2026hi there, in 2nd hand condition wht will be a good purchase a54? m35? can anyone pls let me k...moreA54 is a good option even in 2026. And it is the most compact A series phone available",43,Positive,0.8645,not know mar hi nd hand condition wht good purchase anyone pls let kmorea good option even compact series phone available,2
https://www.gsmarena.com/apple_iphone_se_(2022)-reviews-11410,Anonymous,28 Apr 2024,0,"JeyEme, 12 Apr 2024I wonder why Apple insist to produce this phoneBecause they get a huge margin over it probably","JeyEme, 12 Apr 2024I wonder why Apple insist to produce this phoneBecause they get a huge margin over it probably",20,Positive,0.3182,jeyeme apr wonder apple insist produce phonebecause get huge margin probably,2
https://www.gsmarena.com/samsung_galaxy_a54-reviews-12070,Sam799,23 May 2026,0,Using it for almost a year & it has been a wonderful experience!,Using it for almost a year & it has been a wonderful experience!,13,Positive,0.6114,using almost year wonderful experience,2
https://www.gsmarena.com/xiaomi_redmi_note_13_pro-reviews-12581,Knightridah,08 Jan 2025,0,"I regret purchasing this. No updates from months on this.Folks, never spend money on redmi series","I regret purchasing this. No updates from months on this.Folks, never spend money on redmi series",16,Negative,-0.6124,regret purchasing no update month thisfolks never spend money redmi series,0
https://www.gsmarena.com/realme_c55-reviews-12159,Bastra,08 Jul 2023,0,Nice phone the best for your money,Nice phone the best for your money,7,Positive,0.7906,nice phone best money,2
https://www.gsmarena.com/realme_c55-reviews-12159,Wahed Alonto,16 Mar 2023,0,"Realme C55 is something to look on too, but it made me disappointed because of the use of 12nm chipset... If only they put 6nm or 5nm specially now that most of the midrange phone are becoming alternative when it comes to budget","Realme C55 is something to look on too, but it made me disappointed because of the use of 12nm chipset... If only they put 6nm or 5nm specially now that most of the midrange phone are becoming alternative when it comes to budget",43,Negative,-0.631,realme something look but made disappointed use nm chipset put nm nm specially midrange phone becoming alternative come budget,0
https://www.gsmarena.com/apple_iphone_15_pro_max-reviews-12548,Yousef hammoudeh,12 Jun 2024,0,I am sorry but are iphone 15 pro Max have a charger to check it,I am sorry but are iphone 15 pro Max have a charger to check it,15,Neutral,-0.0387,sorry but iphone pro max charger check,1
https://www.gsmarena.com/samsung_galaxy_s24_ultra-reviews-12771,Sam799,19 Feb 2026,0,"Tandy, 18 Feb 2026Finally received the January 1, 2026 Google Play system update today on my S24U. It took a while.Yeah got the same on my S22 Ultra as well, it was stuck on July 2025 till yesterday.","Tandy, 18 Feb 2026Finally received the January 1, 2026 Google Play system update today on my S24U. It took a while.Yeah got the same on my S22 Ultra as well, it was stuck on July 2025 till yesterday.",38,Positive,0.3612,tandy feb finally received january google play system update today su took whileyeah got ultra well stuck july till yesterday,2
https://www.gsmarena.com/samsung_galaxy_s24_ultra-reviews-12771,Hills od,15 Feb 2026,0,I'm getting this phone in December,I am getting this phone in December,7,Neutral,0.0,getting phone december,1
https://www.gsmarena.com/apple_iphone_15_pro_max-reviews-12548,Anonymous,08 Jun 2024,0,"Anonymous, 08 Jun 2024For apple fanboys. Not everone is woke. Rest of us need software features flexibilty that are ...moreAbsolutely","Anonymous, 08 Jun 2024For apple fanboys. Not everone is woke. Rest of us need software features flexibilty that are ...moreAbsolutely",20,Neutral,0.0,anonymous jun apple fanboys not everone woke rest u need software feature flexibilty moreabsolutely,1
https://www.gsmarena.com/apple_iphone_se_(2022)-reviews-11410,nooneinpart,25 Apr 2024,0,"P650SE, 22 Apr 2024Also, I notice the screen on my SE3 has a yellow/reddish hue to the colours. Even with True To...moreInteresting, my screen looks too blue with True Tone disabled. I'd suggest comparing it to other iPhones if you can find someone with another iPhone or a live display model in a store, it sounds a bit like a bad screen. Or maybe the color temperature of your 1st gen SE is very, very cold and you've simply gotten used to that.","P650SE, 22 Apr 2024Also, I notice the screen on my SE3 has a yellow/reddish hue to the colours. Even with True To...moreInteresting, my screen looks too blue with True Tone disabled. I would suggest comparing it to other iPhones if you can find someone with another iPhone or a live display model in a store, it sounds a bit like a bad screen. Or maybe the color temperature of your 1st gen SE is very, very cold and you have simply gotten used to that.",85,Positive,0.5574,pse apr also notice screen se yellowreddish hue colour even true tomoreinteresting screen look blue true tone disabled would suggest comparing iphones find someone another iphone live display model store sound bit like bad screen maybe color temperature st gen se cold simply gotten used,2
https://www.gsmarena.com/apple_iphone_15_pro_max-reviews-12548,justasmile,16 Jul 2024,0,"NeverPayOver1000eur, 11 Jul 2024Apple best in battery life? LMAO. How much they pay you for this ad GSMArena?You gotta accept it, for how slim this is, it's got excellent battery life.","NeverPayOver1000eur, 11 Jul 2024Apple best in battery life? LMAO. How much they pay you for this ad GSMArena?You got to accept it, for how slim this is, it is got excellent battery life.",33,Positive,0.9441,neverpayovereur jul apple best battery life lmao much pay ad gsmarenayou got accept slim got excellent battery life,2
https://www.gsmarena.com/samsung_galaxy_a54-reviews-12070,Anonymous,01 Aug 2026,0,"idk, 26 Mar 2026hi there, in 2nd hand condition wht will be a good purchase
a54? m35? can anyone pls let me k...moreGo for a a54. Purrhased a refurbished one in 2024 and still serves me very well. Smooth and great size. Go for it!","i do not know, 26 Mar 2026hi there, in 2nd hand condition wht will be a good purchase a54? m35? can anyone pls let me k...moreGo for a a54. Purrhased a refurbished one in 2024 and still serves me very well. Smooth and great size. Go for it!",48,Positive,0.9266,not know mar hi nd hand condition wht good purchase anyone pls let kmorego purrhased refurbished one still serf well smooth great size go,2
https://www.gsmarena.com/realme_c55-reviews-12159,pelicethekitty,03 May 2023,0,"AnonD-1043101, 30 Apr 2023why not thoughno reason, i just see you like everywhere on almost  every phone brands that are a bit underrated to overrated (exception for those dead ones)","AnonD-1043101, 30 Apr 2023why not thoughno reason, i just see you like everywhere on almost every phone brands that are a bit underrated to overrated (exception for those dead ones)",30,Negative,-0.4215,anond apr not thoughno reason see like everywhere almost every phone brand bit underrated overrated exception dead one,0
https://www.gsmarena.com/realme_c55-reviews-12159,just a smile,31 May 2023,0,"Caesar, 28 May 2023Does anyone know what type of storage does this have? Emmc or ufs?It's emmc","Caesar, 28 May 2023Does anyone know what type of storage does this have? Emmc or ufs?It is emmc",18,Neutral,0.0,caesar may anyone know type storage emmc ufsit emmc,1
https://www.gsmarena.com/apple_iphone_15_pro_max-reviews-12548,Anonymous,23 May 2024,0,"FoxModem, 28 Apr 2024No dual eSIM for A3106.
Dual SIM function is limited to pSIM + eSIM, even though you can stor...moreI'm using two ESIMs currently. Plastic sim on tray is used as a backup.... Only two lines can be active at the same time, on any combination. UK","FoxModem, 28 Apr 2024No dual eSIM for A3106. Dual SIM function is limited to pSIM + eSIM, even though you can stor...moreI'm using two ESIMs currently. Plastic sim on tray is used as a backup.... Only two lines can be active at the same time, on any combination. UK",49,Positive,0.2023,foxmodem apr no dual esim dual sim function limited psim esim even though stormoreim using two esims currently plastic sim tray used backup two line active time combination uk,2
https://www.gsmarena.com/apple_iphone_se_(2022)-reviews-11410,Fwench fwy,09 Jan 2024,0,Should I buy this or the 13 mini??,Should I buy this or the 13 mini??,8,Neutral,0.0,buy mini,1
https://www.gsmarena.com/samsung_galaxy_s24_ultra-reviews-12771,Dr. Stephen Strange,27 Jun 2026,0,anybody what settings need to change for erasing subjects in gallary ? I think it has gone and not seen.,anybody what settings need to change for erasing subjects in gallary ? I think it has gone and not seen.,20,Neutral,0.0,anybody setting need change erasing subject gallary think gone not seen,1
https://www.gsmarena.com/samsung_galaxy_s24_ultra-reviews-12771,Anonymous,08 Feb 2026,0,"Dream-buddy, 04 Feb 2026Your device is Carrier bound or free, sometime if the device is made for specific region or Co...moreThanks for your response.,.,please how do I know the region my phone is made for ?Thanks","Dream-buddy, 04 Feb 2026Your device is Carrier bound or free, sometime if the device is made for specific region or Co...moreThanks for your response.,.,please how do I know the region my phone is made for ?Thanks",36,Positive,0.7351,dreambuddy feb device carrier bound free sometime device made specific region comorethanks responseplease know region phone made thanks,2
https://www.gsmarena.com/samsung_galaxy_a54-reviews-12070,Anonymous,29 Aug 2024,0,"Anonymous, 24 Aug 2024Two of them are Snapdragons actually, my S9 Plus and an A9 Star for the missus. Both heat up q...moreThe SD chips in these two phones were manufactured by Samsung.","Anonymous, 24 Aug 2024Two of them are Snapdragons actually, my S9 Plus and an A9 Star for the missus. Both heat up q...moreThe SD chips in these two phones were manufactured by Samsung.",33,Neutral,0.0,anonymous aug two snapdragon actually plus star missus heat qmorethe sd chip two phone manufactured samsung,1
https://www.gsmarena.com/samsung_galaxy_s24_ultra-reviews-12771,Anonymous,03 Mar 2026,0,"GroovyStarlight, 02 Mar 2026I'm in also. I🩷 so love my S24 Ultra, now more than ever. And yes, I do use my S Pen to t...moreI also use this on my S22 Ultra for taking photos because it's damn handy. Using the S-pen as a remote is brilliant.","GroovyStarlight, 02 Mar 2026I'm in also. I so love my S24 Ultra, now more than ever. And yes, I do use my S Pen to t...moreI also use this on my S22 Ultra for taking photos because it is damn handy. Using the S-pen as a remote is brilliant.",49,Positive,0.8797,groovystarlight mar im also love ultra ever yes use pen tmorei also use ultra taking photo damn handy using spen remote brilliant,2
https://www.gsmarena.com/samsung_galaxy_s24_ultra-reviews-12771,Anonymous,24 Jun 2026,0,"Maria, 24 Jun 2026I understand that you may be experiencing some frustration while composing your response; plea...moreSincere apologies if my comment was perceived as impolite. My intention was to convey that individual preferences are valid and respected, no one should be forced to do a thing. Peace!!","Maria, 24 Jun 2026I understand that you may be experiencing some frustration while composing your response; plea...moreSincere apologies if my comment was perceived as impolite. My intention was to convey that individual preferences are valid and respected, no one should be forced to do a thing. Peace!!",47,Negative,-0.5972,maria jun understand may experiencing frustration composing response pleamoresincere apology comment perceived impolite intention convey individual preference valid respected no one forced thing peace,0
https://www.gsmarena.com/apple_iphone_15_pro_max-reviews-12548,Anonymous,14 Nov 2024,0,"Aloma , 11 Nov 2024Please I'm an android user but I want to begin using an iPhone, but please which iPhone i...moreIphone 15 Pro max best deal in 2024-2025","Aloma , 11 Nov 2024Please I am an android user but I want to begin using an iPhone, but please which iPhone i...moreIphone 15 Pro max best deal in 2024-2025",30,Positive,0.8807,aloma nov please android user but want begin using iphone but please iphone imoreiphone pro max best deal,2
https://www.gsmarena.com/realme_c55-reviews-12159,Jemlim,15 Mar 2023,0,"AldiSaja, 07 Mar 2023What storage type is the phone using? UFS 2.1 or eMMC 5.1?Definitely eMMC lol","AldiSaja, 07 Mar 2023What storage type is the phone using? UFS 2.1 or eMMC 5.1?Definitely eMMC lol",17,Positive,0.4871,aldisaja mar storage type phone using ufs emmc definitely emmc lol,2
https://www.gsmarena.com/samsung_galaxy_s24_ultra-reviews-12771,Anonymous,12 Apr 2026,0,"Maria, 11 Apr 2026Honestly, the S24U's corner edge isn't as bad as you might've heard. I actually...moreI agree","Maria, 11 Apr 2026Honestly, the S24U's corner edge is not as bad as you might have heard. I actually...moreI agree",20,Positive,0.6542,maria apr honestly sus corner edge not bad might heard actuallymorei agree,2
https://www.gsmarena.com/realme_c55-reviews-12159,Anonymous,02 May 2023,0,"pelicethekitty, 02 May 2023dont ship me with himim not serious","pelicethekitty, 02 May 2023dont ship me with himim not serious",10,Positive,0.0572,pelicethekitty may dont ship himim not serious,2
https://www.gsmarena.com/samsung_galaxy_s24_ultra-reviews-12771,Anonymous,16 Mar 2026,0,"Maria, 02 Mar 2026How to access recovery mode?Sorry, My last comment to you I didn't explain properly.  To get into recovery mode turn off your phone. Use your phone charging  cable and hook  it to a tablet,  Laptop or computer. Then  hold volume up and power button together and wait for samsung logo to appear and then release volume and power button and your into recovery mode.  But unfortunately February security update removed the wipe cache partition feature. So it only shows wipe data and factory reset.","Maria, 02 Mar 2026How to access recovery mode?Sorry, My last comment to you I did not explain properly. To get into recovery mode turn off your phone. Use your phone charging cable and hook it to a tablet, Laptop or computer. Then hold volume up and power button together and wait for samsung logo to appear and then release volume and power button and your into recovery mode. But unfortunately February security update removed the wipe cache partition feature. So it only shows wipe data and factory reset.",88,Neutral,0.0,maria mar access recovery modesorry last comment not explain properly get recovery mode turn phone use phone charging cable hook tablet laptop computer hold volume power button together wait samsung logo appear release volume power button recovery mode but unfortunately february security update removed wipe cache partition feature show wipe data factory reset,1
https://www.gsmarena.com/samsung_galaxy_s24_ultra-reviews-12771,Anonymous,12 Apr 2026,0,"Maria, 30 Mar 2026Just update the OneUI 8.0 security patch for March 5, 2026.Same here. Got the April security update.","Maria, 30 Mar 2026Just update the OneUI 8.0 security patch for March 5, 2026.Same here. Got the April security update.",20,Positive,0.5859,maria mar update oneui security patch march got april security update,2
https://www.gsmarena.com/apple_iphone_15_pro_max-reviews-12548,Anonymous,28 Apr 2024,0,"Anonymous Cow, 13 Apr 2024If the model of your iPhone 15 Pro Max has a 1 Card slot (A3106 International) is it possible ...moreNo dual eSIM for A3106.Dual SIM function is limited to pSIM + eSIM, even though you can store multiple eSIMs in the phone.","Anonymous Cow, 13 Apr 2024If the model of your iPhone 15 Pro Max has a 1 Card slot (A3106 International) is it possible ...moreNo dual eSIM for A3106.Dual SIM function is limited to pSIM + eSIM, even though you can store multiple eSIMs in the phone.",46,Negative,-0.2263,anonymous cow apr model iphone pro max card slot international possible moreno dual esim adual sim function limited psim esim even though store multiple esims phone,0
https://www.gsmarena.com/realme_c55-reviews-12159,Anonymous,20 May 2023,0,"Anonymous, 17 May 2023realme 8 is still better because it is very similar in price and it is waaaaaaaaaaaaaaaaaaaay ...moreyou might be also lucky if you found realme 6 pro cheaper than realme 8.though it has ips..","Anonymous, 17 May 2023realme 8 is still better because it is very similar in price and it is waaaaaaaaaaaaaaaaaaaay ...moreyou might be also lucky if you found realme 6 pro cheaper than realme 8.though it has ips..",37,Positive,0.6908,anonymous may realme still better similar price waaaaaaaaaaaaaaaaaaaay moreyou might also lucky found realme pro cheaper realme though ip,2
https://www.gsmarena.com/apple_iphone_se_(2022)-reviews-11410,Redmi Note 7,22 Dec 2025,0,"Watermelon Cat, 07 Oct 2025What did you except with upgrading to iOS 26 on a budget iphone with very small battery? Of co...moreIt wil kind of kill the battery life, but it  doesnt lag really much","Watermelon Cat, 07 Oct 2025What did you except with upgrading to iOS 26 on a budget iphone with very small battery? Of co...moreIt wil kind of kill the battery life, but it does not lag really much",37,Negative,-0.1135,watermelon cat oct except upgrading io budget iphone small battery comoreit wil kind kill battery life but not lag really much,0
https://www.gsmarena.com/apple_iphone_se_(2022)-reviews-11410,Anonymous,26 Oct 2023,0,"I hope Apple never discontinues the SE series. It's not good for a heavy user, but my main device is my PC. I'm so happy I can have an Apple phone that fits my needs.","I hope Apple never discontinues the SE series. It is not good for a heavy user, but my main device is my PC. I am so happy I can have an Apple phone that fits my needs.",37,Positive,0.8342,hope apple never discontinues se series not good heavy user but main device pc happy apple phone fit need,2
https://www.gsmarena.com/xiaomi_redmi_note_13_pro-reviews-12581,Anonymous,16 Jan 2025,0,This phone has received Hyper OS 2.0 ANDROID 15,This phone has received Hyper OS 2.0 ANDROID 15,9,Neutral,0.0,phone received hyper o android,1
https://www.gsmarena.com/samsung_galaxy_a54-reviews-12070,Anonymous,13 Nov 2024,0,"claudius, 12 Nov 2024How can I check if my added memory works?If you think on RAM +, it doesn't. It's just a gimmick.","claudius, 12 Nov 2024How can I check if my added memory works?If you think on RAM +, it does not. It is just a gimmick.",25,Neutral,0.0,claudius nov check added memory worksif think ram not gimmick,1
https://www.gsmarena.com/samsung_galaxy_a54-reviews-12070,alexcpass50,24 Oct 2024,0,"I got this phone in 2024. I had a Realme GT Master Edition (2021). The A54 has more features, it's more modern, that's a fact. But I'm not liking the photos. I find the colors a little washed out. I'm not adapting to Samsung's system, even recognizing its technological superiority.","I got this phone in 2024. I had a Realme GT Master Edition (2021). The A54 has more features, it is more modern, that is a fact. But I am not liking the photos. I find the colors a little washed out. I am not adapting to Samsung's system, even recognizing its technological superiority.",54,Positive,0.28,got phone realme gt master edition feature modern fact but not liking photo find color little washed not adapting samsungs system even recognizing technological superiority,2
https://www.gsmarena.com/samsung_galaxy_s24_ultra-reviews-12771,Sam799,09 Feb 2026,0,"Anonymous, 08 Feb 2026Thanks for your response.,.,please how do I know the region my phone is made for ? 
ThanksDownload ""Device info"" app from play store it'll give you all the details about your phone including the region & date of manufacturing.","Anonymous, 08 Feb 2026Thanks for your response.,.,please how do I know the region my phone is made for ? ThanksDownload ""Device info"" app from play store it will give you all the details about your phone including the region & date of manufacturing.",43,Positive,0.34,anonymous feb thanks responseplease know region phone made thanksdownload device info app play store give detail phone including region date manufacturing,2
https://www.gsmarena.com/samsung_galaxy_a54-reviews-12070,Kevin Brr,17 Oct 2024,0,The A54 uses UFS 3.1,The A54 uses UFS 3.1,5,Neutral,0.0,us ufs,1
https://www.gsmarena.com/samsung_galaxy_s24_ultra-reviews-12771,Lorentziu,21 May 2026,0,"life is better now with 8,5 ..battery increase time durring !! 10+ and aplcations run smouth like butter !!","life is better now with 8,5 ..battery increase time durring !! 10+ and aplcations run smouth like butter !!",19,Positive,0.8346,life better battery increase time durring aplcations run smouth like butter,2
https://www.gsmarena.com/xiaomi_redmi_note_13_pro-reviews-12581,Anonymous,02 Dec 2024,0,"Anonymous, 02 Dec 2024Good performance for the price? I'd say it's about average at best.

The Poco X6 P...moreX6 Pro only gaming but 13 Pro is overall balanced","Anonymous, 02 Dec 2024Good performance for the price? I would say it is about average at best. The Poco X6 P...moreX6 Pro only gaming but 13 Pro is overall balanced",30,Positive,0.3818,anonymous dec good performance price would say average best poco pmorex pro gaming but pro overall balanced,2
https://www.gsmarena.com/samsung_galaxy_a54-reviews-12070,BillAnt,08 Dec 2025,0,"SigmaPhoneUser, 05 Nov 2025Worked fine for about 1.75 years, but now just randomly restarts. Kind of bricked itself i thi...moreBack up all your data to the SDcard using Samsung SmartSwitch, then upgrade the software to the latest Android 16 (over the air or via Odin), and do a full factory reset (very important).   If it's still shutting off prematurely, it's probably due to a degraded battery (all batteries degrade regardless of make and model).  In that case take it to a local phone repair shop to have it checked out and the battery replaced if needed.  IMO the A54 is still a great phone with its SDcard slot.  Starting with the A36, even the ""A"" series took the slot away. :(","SigmaPhoneUser, 05 Nov 2025Worked fine for about 1.75 years, but now just randomly restarts. Kind of bricked itself i thi...moreBack up all your data to the SDcard using Samsung SmartSwitch, then upgrade the software to the latest Android 16 (over the air or via Odin), and do a full factory reset (very important). If it is still shutting off prematurely, it is probably due to a degraded battery (all batteries degrade regardless of make and model). In that case take it to a local phone repair shop to have it checked out and the battery replaced if needed. I AM GOING TO the A54 is still a great phone with its SDcard slot. Starting with the A36, even the ""A"" series took the slot away. :(",126,Negative,-0.6542,sigmaphoneuser nov worked fine year but randomly restarts kind bricked thimoreback data sdcard using samsung smartswitch upgrade software latest android air via odin full factory reset important still shutting prematurely probably due degraded battery battery degrade regardless make model case take local phone repair shop checked battery replaced needed going still great phone sdcard slot starting even series took slot away,0
https://www.gsmarena.com/apple_iphone_se_(2022)-reviews-11410,Anonymous,02 Sep 2023,0,"lofu, 31 Aug 2023idk why everyone hates this phone, atleast apple made a cheap phone that everyone can affordFirst thise its not a cheap phone, and his specs are not value  500$ . The battery have just 2000 mah, screen just 4.7' with only HD res and just  65.4% screen-to-body ratio, just one camera. These specs are soo cheap but these phone its 500$, Poco f5 have much big battery, better screen, better CPU in AnTuTu v9 and all these for 400$. Its good that Apple try but its not succed.","lofu, 31 Aug 2023idk why everyone hates this phone, atleast apple made a cheap phone that everyone can affordFirst thise its not a cheap phone, and his specs are not value 500$ . The battery have just 2000 mah, screen just 4.7' with only HD res and just 65.4% screen-to-body ratio, just one camera. These specs are soo cheap but these phone its 500$, Poco f5 have much big battery, better screen, better CPU in AnTuTu v9 and all these for 400$. Its good that Apple try but its not succed.",91,Positive,0.8774,lofu aug idk everyone hate phone atleast apple made cheap phone everyone affordfirst thise not cheap phone spec not value battery mah screen hd re screentobody ratio one camera spec soo cheap but phone poco much big battery better screen better cpu antutu good apple try but not succed,2
https://www.gsmarena.com/samsung_galaxy_a54-reviews-12070,Anonymous,04 Dec 2025,0,"Anonymous, 04 Dec 2025When i update my Phone One UI 8.0 my Cellphone unit was Heat batterry was Overheat and fast dr...moreHard reset the phone","Anonymous, 04 Dec 2025When i update my Phone One UI 8.0 my Cellphone unit was Heat batterry was Overheat and fast dr...moreHard reset the phone",25,Neutral,0.0,anonymous dec update phone one ui cellphone unit heat batterry overheat fast drmorehard reset phone,1
https://www.gsmarena.com/samsung_galaxy_a54-reviews-12070,s35ym.,12 Nov 2024,0,"Anonymous, 07 Nov 2024I just bought the Samsung galaxy A 54 yesterday, the works perfectly well, my disappointment i...moreYou can do that only till Samsung A70.","Anonymous, 07 Nov 2024I just bought the Samsung galaxy A 54 yesterday, the works perfectly well, my disappointment i...moreYou can do that only till Samsung A70.",26,Positive,0.4588,anonymous nov bought samsung galaxy yesterday work perfectly well disappointment imoreyou till samsung,2
https://www.gsmarena.com/realme_c55-reviews-12159,Anonymous,24 Mar 2023,0,what's the point of having this phone. nothing new with any of the components and price is way too high.,what is the point of having this phone. nothing new with any of the components and price is way too high.,21,Neutral,0.0,point phone nothing new component price way high,1
https://www.gsmarena.com/apple_iphone_se_(2022)-reviews-11410,Anonymous,06 Mar 2024,0,"Anonymous, 05 Mar 2024Can confirm overheating in basic tasks. Battery life is terrible using cellular 3g/4g network ...moreIve been using it for almost 2 year now bt never had such always heating issues ,,, yeah sometimes it would get hot bt never for always or for unknown reasons even in mobile data 4g ,,,, battery life is actually bad in ios 17 ive to agree ,,,, in ios 15 and early 16 it was best ! I do miss ios 16 and 15 battery backup","Anonymous, 05 Mar 2024Can confirm overheating in basic tasks. Battery life is terrible using cellular 3g/4g network ...moreIve been using it for almost 2 year now bt never had such always heating issues ,,, yeah sometimes it would get hot bt never for always or for unknown reasons even in mobile data 4g ,,,, battery life is actually bad in ios 17 i have to agree ,,,, in ios 15 and early 16 it was best ! I do miss ios 16 and 15 battery backup",86,Positive,0.2481,anonymous mar confirm overheating basic task battery life terrible using cellular gg network moreive using almost year bt never always heating issue yeah sometimes would get hot bt never always unknown reason even mobile data battery life actually bad io agree io early best miss io battery backup,2
https://www.gsmarena.com/xiaomi_redmi_note_13_pro-reviews-12581,Anonymous,30 Mar 2025,0,"waseem, 28 Mar 2025Facing fast charging issue after Android 15 update,Phone battery unable to charge fastly as cl...moreThat is Pro Plus","waseem, 28 Mar 2025Facing fast charging issue after Android 15 update,Phone battery unable to charge fastly as cl...moreThat is Pro Plus",21,Neutral,0.0,waseem mar facing fast charging issue android updatephone battery unable charge fastly clmorethat pro plus,1
https://www.gsmarena.com/xiaomi_redmi_note_13_pro-reviews-12581,Anonymous,19 Apr 2026,0,"Guys do you recommend upgrading to the hyperOS 3? What are the pros and cons? I have it ready to install but still not sure to do so or not, please advise","Guys do you recommend upgrading to the hyperOS 3? What are the pros and cons? I have it ready to install but still not sure to do so or not, please advise",32,Negative,-0.4839,guy recommend upgrading hyperos pro con ready install but still not sure not please advise,0
https://www.gsmarena.com/xiaomi_redmi_note_13_pro-reviews-12581,Anonymous,20 Jan 2025,0,"urban19, 19 Jan 2025Its laggy and buggy for me as well. I wish i stayed on HyperOS 1Yeah. Mee too. HyperOS 1 is more stable. And to be honest, almost to none has changed. Same UI, but different performances. HyperOS 1 performs better. I don't really care about animation, I only care about stability, performance, reliability and the quality of camera app.","urban19, 19 Jan 2025Its laggy and buggy for me as well. I wish i stayed on HyperOS 1Yeah. Mee too. HyperOS 1 is more stable. And to be honest, almost to none has changed. Same UI, but different performances. HyperOS 1 performs better. I do not really care about animation, I only care about stability, performance, reliability and the quality of camera app.",63,Positive,0.1561,urban jan laggy buggy well wish stayed hyperos yeah mee hyperos stable honest almost none changed ui but different performance hyperos performs better not really care animation care stability performance reliability quality camera app,2
https://www.gsmarena.com/apple_iphone_se_(2022)-reviews-11410,Anonymous,09 Jan 2024,0,"Hsmps1, 09 Jan 2024garbage .. cant cope and paste text .. overheating alone .. freez almost all the time

I got...moreHow exactly does that happen? Is it new or refurbished? It has the same performance as the iphone 13 pro","Hsmps1, 09 Jan 2024garbage .. cannot cope and paste text .. overheating alone .. freez almost all the time I got...moreHow exactly does that happen? Is it new or refurbished? It has the same performance as the iphone 13 pro",40,Negative,-0.3313,hsmps jan garbage not cope paste text overheating alone freez almost time gotmorehow exactly happen new refurbished performance iphone pro,0
https://www.gsmarena.com/apple_iphone_se_(2022)-reviews-11410,Anonymous,28 Jan 2024,0,iPhone SE:When you want to tap on the display with your finger and it covers half of it.,iPhone SE:When you want to tap on the display with your finger and it covers half of it.,18,Positive,0.0772,iphone sewhen want tap display finger cover half,2
https://www.gsmarena.com/apple_iphone_se_(2022)-reviews-11410,Anonymous,26 Dec 2023,0,"Coolkid, 24 Dec 2023I want a small phone boi.I want to buy phone","Coolkid, 24 Dec 2023I want a small phone boi.I want to buy phone",13,Positive,0.1531,coolkid dec want small phone boii want buy phone,2
https://www.gsmarena.com/xiaomi_redmi_note_13_pro-reviews-12581,Anonymous,04 Apr 2026,0,"YAKUBU S, 17 Mar 2026My redmi note 13 pro has not received the hyper os 3 update. Indian version.Mine too, EEA.","YAKUBU S, 17 Mar 2026My redmi note 13 pro has not received the hyper os 3 update. Indian version.Mine too, EEA.",21,Neutral,0.0,yakubu mar redmi note pro not received hyper o update indian versionmine eea,1
https://www.gsmarena.com/xiaomi_redmi_note_13_pro-reviews-12581,Anonymous,08 Mar 2025,0,"Anonymous, 07 Mar 2025why you don't recommend this phoneThe reason is obvious. No need to explain","Anonymous, 07 Mar 2025why you do not recommend this phoneThe reason is obvious. No need to explain",17,Negative,-0.5122,anonymous mar not recommend phonethe reason obvious no need explain,0
https://www.gsmarena.com/xiaomi_redmi_note_13_pro-reviews-12581,Anonymous,15 Feb 2026,0,"uranium star, 04 Feb 2026has anyone got the os 3 version or not yet? i read somewhere that the update was coming at a m...moreChange your region to Spain and it should be available then","uranium star, 04 Feb 2026has anyone got the os 3 version or not yet? i read somewhere that the update was coming at a m...moreChange your region to Spain and it should be available then",35,Neutral,0.0,uranium star feb anyone got o version not yet read somewhere update coming mmorechange region spain available,1
https://www.gsmarena.com/realme_c55-reviews-12159,Anonymous,13 May 2023,0,The upside of this phone is the availability of large ram/storage option. However they're kind of wasted paired with G88 level SoC with only eMMC support.,The upside of this phone is the availability of large ram/storage option. However they are kind of wasted paired with G88 level SoC with only eMMC support.,27,Negative,-0.2006,upside phone availability large ramstorage option however kind wasted paired level soc emmc support,0
https://www.gsmarena.com/samsung_galaxy_a54-reviews-12070,Anonymous,03 Apr 2026,0,"Vans79, 30 Mar 2026A54 is a good option even in 2026. And it is the most compact A series phone availablenah, finally i am going to go with a 2nd hand m34 5git looks okay in the reviews in gsmarena :)","Vans79, 30 Mar 2026A54 is a good option even in 2026. And it is the most compact A series phone availablenah, finally i am going to go with a 2nd hand m34 5git looks okay in the reviews in gsmarena :)",41,Positive,0.875,van mar good option even compact series phone availablenah finally going go nd hand git look okay review gsmarena,2
https://www.gsmarena.com/apple_iphone_se_(2022)-reviews-11410,Anonymous,02 Jun 2023,0,"Anonymous, 02 Jun 2023How is the camera for photographing people/yourself? Is it better than the terrivle camera on ...moreMost definitely","Anonymous, 02 Jun 2023How is the camera for photographing people/yourself? Is it better than the terrivle camera on ...moreMost definitely",20,Positive,0.6808,anonymous jun camera photographing peopleyourself better terrivle camera moremost definitely,2
https://www.gsmarena.com/realme_c55-reviews-12159,Anonymous,30 Mar 2023,0,"Serii, 30 Mar 2023It is worth it to buy realme c55? Please tell me😕Yes its, best phone under 14k & at this price segment there are poco m4pro, it's comes with amoled display. That's little better then this.","Serii, 30 Mar 2023It is worth it to buy realme c55? Please tell meYes its, best phone under 14k & at this price segment there are poco m4pro, it is comes with amoled display. That is little better then this.",40,Positive,0.8752,serii mar worth buy realme please tell meyes best phone price segment poco mpro come amoled display little better,2
https://www.gsmarena.com/samsung_galaxy_a54-reviews-12070,Anonymous,25 Oct 2024,0,"Yes!! A54 it's on Top List Update Software to Received Android 15 One Ui 7.0 with A55 after S and Z Series.If you have to choose from A35 and A54 buy A54 because it's on Top and with Security Update Monthly! Received 1 October Security Patch on 14 October!It's a Small midrange existing from Samsung 6.4"" . First time I don't like because this format 19:5:9 but now I like it very much!If Samsung remain with 20:9 format exactly like  A53 it's One of the best midrange with decent price!","Yes!! A54 it is on Top List Update Software to Received Android 15 One Ui 7.0 with A55 after S and Z Series.If you have to choose from A35 and A54 buy A54 because it is on Top and with Security Update Monthly! Received 1 October Security Patch on 14 October!It is a Small midrange existing from Samsung 6.4"" . First time I do not like because this format 19:5:9 but now I like it very much!If Samsung remain with 20:9 format exactly like A53 it is One of the best midrange with decent price!",95,Positive,0.7983,yes top list update software received android one ui seriesif choose buy top security update monthly received october security patch octoberit small midrange existing samsung first time not like format but like muchif samsung remain format exactly like one best midrange decent price,2
https://www.gsmarena.com/xiaomi_redmi_note_13_pro-reviews-12581,Anonymous,08 Mar 2025,0,"PureViewer4t1, 07 Mar 2025I recently updated to HyperOS 2 and I feel the battery life has improved. But the new launcher...moreThat's not the only problem. Every time I make a call, I need to turn ON the airplane mode and turn it off again to make calls as the connection is not stable always. The super fast charger is now quick charging. Laggishhhhhh when opening the notification panel, as well as other apps hangs up and forced stop. Youtube and Gmail always hangs up when opening and needed to be forced close and re-open it multiple times for it to function. Lag when playing the games is worst. Drains battery much faster. Wifi connection always reconnects after a few minutes. This bugs occurred after updating to HyperOS 2. Even a restore factory setting cannot solve the issue. Lastly, not sure if anyone is affected but, I don't have the customization of the lockscreen as per advertisement on youtube. Overall, it's the same as HyperOS 1 only running an Android 15. My update doesn't have the updates featured by youtubers","PureViewer4t1, 07 Mar 2025I recently updated to HyperOS 2 and I feel the battery life has improved. But the new launcher...moreThat's not the only problem. Every time I make a call, I need to turn ON the airplane mode and turn it off again to make calls as the connection is not stable always. The super fast charger is now quick charging. Laggishhhhhh when opening the notification panel, as well as other apps hangs up and forced stop. Youtube and Gmail always hangs up when opening and needed to be forced close and re-open it multiple times for it to function. Lag when playing the games is worst. Drains battery much faster. Wifi connection always reconnects after a few minutes. This bugs occurred after updating to HyperOS 2. Even a restore factory setting cannot solve the issue. Lastly, not sure if anyone is affected but, I do not have the customization of the lockscreen as per advertisement on youtube. Overall, it is the same as HyperOS 1 only running an Android 15. My update does not have the updates featured by youtubers",182,Negative,-0.88,pureviewert mar recently updated hyperos feel battery life improved but new launchermorethats not problem every time make call need turn airplane mode turn make call connection not stable always super fast charger quick charging laggishhhhhh opening notification panel well apps hang forced stop youtube gmail always hang opening needed forced close reopen multiple time function lag playing game worst drain battery much faster wifi connection always reconnects minute bug occurred updating hyperos even restore factory setting not solve issue lastly not sure anyone affected but not customization lockscreen per advertisement youtube overall hyperos running android update not update featured youtubers,0
https://www.gsmarena.com/apple_iphone_se_(2022)-reviews-11410,Anonymous,16 Sep 2024,0,"Anonymous, 13 Sep 2024name an android that has this performance with this price.Pixel 8a.","Anonymous, 13 Sep 2024name an android that has this performance with this price.Pixel 8a.",14,Neutral,0.0,anonymous sep name android performance pricepixel,1
https://www.gsmarena.com/samsung_galaxy_a54-reviews-12070,Jav-3,09 Sep 2025,0,Those bezels are 15% thicker than I would like it,Those bezels are 15% thicker than I would like it,10,Positive,0.3612,bezel thicker would like,2
https://www.gsmarena.com/samsung_galaxy_a54-reviews-12070,Anonymous,10 Sep 2024,0,"My A54 main board failed 3 days after warranty end and Samsung refused to fix it. (Made in India)My current backup is the A5 2017, works perfectly with the original battery in great condition.","My A54 main board failed 3 days after warranty end and Samsung refused to fix it. (Made in India)My current backup is the A5 2017, works perfectly with the original battery in great condition.",34,Positive,0.7269,main board failed day warranty end samsung refused fix made indiamy current backup work perfectly original battery great condition,2
https://www.gsmarena.com/apple_iphone_se_(2022)-reviews-11410,Michael McCarthy,03 Jun 2025,0,"AnonD-838133, 02 Jun 2025X7 pro
It has faster soc, that's why spaceship, minimum 256gb memory, minimum 8 gb ram, ...moreYeah I probably should consider android but I’m so used to iOS now and it’s all I’ve used too. I may not like android compared with iOS. I can’t afford to buy a new phone outright at this point in time. Eventually I’ll more or less have to say goodbye to my 8 Plus.","AnonD-838133, 02 Jun 2025X7 pro It has faster soc, that is why spaceship, minimum 256gb memory, minimum 8 gb ram, ...moreYeah I probably should consider android but I Am so used to iOS now and its all I Have used too. I may not like android compared with iOS. I cannot afford to buy a new phone outright at this point in time. Eventually Ill more or less have to say goodbye to my 8 Plus.",76,Negative,-0.748,anond jun pro faster soc spaceship minimum gb memory minimum gb ram moreyeah probably consider android but used io used may not like android compared io not afford buy new phone outright point time eventually ill less say goodbye plus,0
https://www.gsmarena.com/apple_iphone_se_(2022)-reviews-11410,Michael McCarthy,31 Dec 2024,0,"Anonymous, 30 Dec 2024Please don't even think about such ""upgrade"". I owned se 2022 for 2 months and ...moreThanks for your advice. Yeah I’m gonna stay with my 8 Plus for now. I’ll possibly get an SE 4 and finally say farewell to the home button and Touch ID. I’ll guess I’ll get used to it and if not well I don’t really have a choice in the future.","Anonymous, 30 Dec 2024Please do not even think about such ""upgrade"". I owned se 2022 for 2 months and ...moreThanks for your advice. Yeah I Am going to stay with my 8 Plus for now. Ill possibly get an SE 4 and finally say farewell to the home button and Touch ID. Ill guess Ill get used to it and if not well I do not really have a choice in the future.",73,Negative,-0.7914,anonymous dec please not even think upgrade owned se month morethanks advice yeah going stay plus ill possibly get se finally say farewell home button touch id ill guess ill get used not well not really choice future,0
https://www.gsmarena.com/realme_c55-reviews-12159,Anonymous,24 Apr 2023,0,Wait a sec my phone is 56% when i bought it around 5:30 pm something now its 19% 10:38 pm. Its also base where you play and how you use it(btw i didnt play when i first use it i play around 9:40),Wait a sec my phone is 56% when i bought it around 5:30 pm something now its 19% 10:38 pm. Its also base where you play and how you use it(by the way i did not play when i first use it i play around 9:40),46,Positive,0.7351,wait sec phone bought around pm something pm also base play use itby way not play first use play around,2
https://www.gsmarena.com/realme_c55-reviews-12159,just a smile,28 May 2023,0,"AnonD-731363, 16 Mar 2023Man 14 pro like with every apple is nothing but a china made mediocre phone at the most. 
Pay...moreBro tryna hate on apple","AnonD-731363, 16 Mar 2023Man 14 pro like with every apple is nothing but a china made mediocre phone at the most. Pay...moreBro tryna hate on apple",26,Negative,-0.6903,anond mar man pro like every apple nothing but china made mediocre phone paymorebro tryna hate apple,0
https://www.gsmarena.com/samsung_galaxy_s24_ultra-reviews-12771,Anonymous,08 Feb 2026,0,"Ay, 04 Feb 2026Please help 
My SIM network doesn't come up since is upgrade my s24 ultraTry a soft reset. Restart your phone or take your sim out and put it back in. It could be a small clinche after updating software. Or try wiping cache partition.  I do that after every update.","Ay, 04 Feb 2026Please help My SIM network does not come up since is upgrade my s24 ultraTry a soft reset. Restart your phone or take your sim out and put it back in. It could be a small clinche after updating software. Or try wiping cache partition. I do that after every update.",54,Positive,0.4019,ay feb please help sim network not come since upgrade ultratry soft reset restart phone take sim put back could small clinche updating software try wiping cache partition every update,2
https://www.gsmarena.com/apple_iphone_15_pro_max-reviews-12548,Anonymous,11 Oct 2025,0,"Syed muhammad Yasir, 14 Sep 2025guys SS s24ultra or 15promax which one i Chose?The phone is a great one I'm planning to buy it","Syed muhammad Yasir, 14 Sep 2025guys SS s24ultra or 15promax which one i Chose?The phone is a great one I am planning to buy it",25,Positive,0.6249,syed muhammad yasir sep guy s sultra promax one chosethe phone great one planning buy,2
https://www.gsmarena.com/samsung_galaxy_a54-reviews-12070,Anonymous,23 Dec 2024,0,A54 Received Right Now Security Patch 1 December 2024A546B CSC EUXSize 270MB,A54 Received Right Now Security Patch 1 December 2024A546B CSC EUXSize 270MB,12,Positive,0.34,received right security patch december ab csc euxsize mb,2
https://www.gsmarena.com/realme_c55-reviews-12159,Anonymous,15 Apr 2023,0,"Yhet, 15 Apr 2023I'm always using smartphones like Samsung, Oppo and now I wanna try another brand like th...moreyou would actually be downgrading if you got the realme c55. oppo a94 has better performance than this phone","Yhet, 15 Apr 2023I'm always using smartphones like Samsung, Oppo and now I want to try another brand like th...moreyou would actually be downgrading if you got the realme c55. oppo a94 has better performance than this phone",38,Positive,0.802,yhet apr im always using smartphones like samsung oppo want try another brand like thmoreyou would actually downgrading got realme oppo better performance phone,2
https://www.gsmarena.com/apple_iphone_15_pro_max-reviews-12548,Leoalbuq,23 Jul 2024,0,"James Otopang juek, 13 Jul 2024S24 ultra is better right. thats good decision. because the advance of futuristic inside it so...moreI recognize that the s24 Ultra is better in some areas but I for my usage the 15 pro max fits better.","James Otopang juek, 13 Jul 2024S24 ultra is better right. that is good decision. because the advance of futuristic inside it so...moreI recognize that the s24 Ultra is better in some areas but I for my usage the 15 pro max fits better.",43,Positive,0.8271,james otopang juek jul ultra better right good decision advance futuristic inside somorei recognize ultra better area but usage pro max fit better,2
https://www.gsmarena.com/samsung_galaxy_a54-reviews-12070,Gino76ph,05 Oct 2024,0,"Vans79, 03 Oct 2024S23 FE is better .. and its price will drop after the release of S24 FEIf you guys look at the Samsung UK website the S23 FE is the same price of the S24 FE @ £649. This is mind boggling. An error or a deliberate ploy?If someone from Samsung is reading this maybe amend the prices?","Vans79, 03 Oct 2024S23 FE is better .. and its price will drop after the release of S24 FEIf you guys look at the Samsung UK website the S23 FE is the same price of the S24 FE @ 649. This is mind boggling. An error or a deliberate ploy?If someone from Samsung is reading this maybe amend the prices?",60,Negative,-0.3094,van oct fe better price drop release feif guy look samsung uk website fe price fe mind boggling error deliberate ployif someone samsung reading maybe amend price,0
https://www.gsmarena.com/xiaomi_redmi_note_13_pro-reviews-12581,Anonymous,02 Dec 2024,0,"Kaynaat, 02 Dec 2024OnePlus 12R or this Redmi note 13 pro? please advice!
I use my phones for at least 5 years an...moreThat's a foolish comparison, 12R is almost flagship and 13 Pro is Midrange","Kaynaat, 02 Dec 2024OnePlus 12R or this Redmi note 13 pro? please advice! I use my phones for at least 5 years an...moreThat's a foolish comparison, 12R is almost flagship and 13 Pro is Midrange",35,Positive,0.1528,kaynaat dec oneplus redmi note pro please advice use phone least year anmorethats foolish comparison almost flagship pro midrange,2
https://www.gsmarena.com/apple_iphone_15_pro_max-reviews-12548,Anonymous,03 Jul 2024,0,"DiggaNick, 03 Jul 2024Can I jailbreak this thing?Yes, now can, because jailbreak easy with this device. can make your own IOS.","DiggaNick, 03 Jul 2024Can I jailbreak this thing?Yes, now can, because jailbreak easy with this device. can make your own IOS.",21,Positive,0.4404,digganick jul jailbreak thingyes jailbreak easy device make io,2
https://www.gsmarena.com/samsung_galaxy_s24_ultra-reviews-12771,Sam799,30 Jun 2026,0,Google play system also got the June update.,Google play system also got the June update.,8,Positive,0.34,google play system also got june update,2
https://www.gsmarena.com/apple_iphone_se_(2022)-reviews-11410,Cobby,24 May 2023,0,SE 2022 is far better than XR,SE 2022 is far better than XR,7,Positive,0.4404,se far better xr,2
https://www.gsmarena.com/xiaomi_redmi_note_13_pro-reviews-12581,Anonymous,30 Apr 2025,0,"hey guys, i'm considering buying this phone as my former phone finally gave up today.i need to be clear if it's the right move. The most important things to me on a phone are:1). Battery( I should be getting at least a full day use with the battery. I'm not a heavy user, the only game i play is Clash of Clans and Ms Solitaire collection. I hope it should be able to carry these games and not overheat).2). Stability and Trust: I've really been through hell with my old phone. It had a motherboard issue and i've been to everywhere to try and fix it in my area but ultimately there was no permanent solution and it finally gave up today. I know Xiaomi has a long issue of software and hardware issues, i need to know that won't ever happen to this device if i purchase it.3). Software updates: I don't really care about software updates, but in the case that i do update it, i need to know that they didn't send out an update that is meant to kill the phone, make the battery life worse or make it lag more. Once i updated to Android 14 on my former phone, the battery life was hell. I need confirmation that this would not happen on this device and if it already has, please inform me in the reply so i know not to update it if get it.That's basically it. Also i would like to know how this fairs against the 13 pro +. Tell me the which is better overall (p.s cameras would never be a reason i consider a phone so don't use that as a deciding factor)Incase anyone is wondering what my previous phone was, it is TECNO CAMON 20 PRO 5G. Please do not ever consider that phone no matter how low your budget gets, there's always a better option.Thank You and please give me a response","hey guys, i am considering buying this phone as my former phone finally gave up today.i need to be clear if it is the right move. The most important things to me on a phone are:1). Battery( I should be getting at least a full day use with the battery. I am not a heavy user, the only game i play is Clash of Clans and Ms Solitaire collection. I hope it should be able to carry these games and not overheat).2). Stability and Trust: I have really been through hell with my old phone. It had a motherboard issue and i have been to everywhere to try and fix it in my area but ultimately there was no permanent solution and it finally gave up today. I know Xiaomi has a long issue of software and hardware issues, i need to know that will not ever happen to this device if i purchase it.3). Software updates: I do not really care about software updates, but in the case that i do update it, i need to know that they did not send out an update that is meant to kill the phone, make the battery life worse or make it lag more. Once i updated to Android 14 on my former phone, the battery life was hell. I need confirmation that this would not happen on this device and if it already has, please inform me in the reply so i know not to update it if get it.That is basically it. Also i would like to know how this fairs against the 13 pro +. Tell me the which is better overall (p.s cameras would never be a reason i consider a phone so do not use that as a deciding factor)Incase anyone is wondering what my previous phone was, it is TECNO CAMON 20 PRO 5G. Please do not ever consider that phone no matter how low your budget gets, there is always a better option.Thank You and please give me a response",336,Negative,-0.859,hey guy considering buying phone former phone finally gave todayi need clear right move important thing phone battery getting least full day use battery not heavy user game play clash clan m solitaire collection hope able carry game not overheat stability trust really hell old phone motherboard issue everywhere try fix area but ultimately no permanent solution finally gave today know xiaomi long issue software hardware issue need know not ever happen device purchase software update not really care software update but case update need know not send update meant kill phone make battery life worse make lag updated android former phone battery life hell need confirmation would not happen device already please inform reply know not update get itthat basically also would like know fair against pro tell better overall p camera would never reason consider phone not use deciding factorincase anyone wondering previous phone tecno camon pro please not ever consider phone no matter low budget get always better optionthank please give response,0
https://www.gsmarena.com/apple_iphone_15_pro_max-reviews-12548,Anonymous,05 Jul 2024,0,"Anonymous, 04 Jul 2024I doubt you can make your own IOS. But you can customize IOS to your liking more likely.Yes can make own IOS with other combination of apps and integrity of data. ganges can make it. so future thinking.","Anonymous, 04 Jul 2024I doubt you can make your own IOS. But you can customize IOS to your liking more likely.Yes can make own IOS with other combination of apps and integrity of data. ganges can make it. so future thinking.",41,Positive,0.7351,anonymous jul doubt make io but customize io liking likelyyes make io combination apps integrity data ganges make future thinking,2
https://www.gsmarena.com/samsung_galaxy_a54-reviews-12070,MXRINES,30 Nov 2025,0,"Rgoswami ponnarasi, 29 Aug 2025Yes true, Best and good for daily use.
10/10 Best ✌️✨I agree. Best phone ever.","Rgoswami ponnarasi, 29 Aug 2025Yes true, Best and good for daily use. 10/10 Best I agree. Best phone ever.",19,Positive,0.9674,rgoswami ponnarasi aug yes true best good daily use best agree best phone ever,2
https://www.gsmarena.com/samsung_galaxy_a54-reviews-12070,Anonymous,21 Aug 2024,0,"Anonymous, 21 Aug 2024Need your true suggestions?

Samsung A54 or Oppo Find X3 pro.?Dude, the Oppo phone has the word pro in its name, doesn't that automatically make it superior?But seriously, Oppo Find X3 pro according to the specs looks much better than the A54, but the A54 has one significant advantage over the Oppo - the A54 will receive three more OS updates and security updates until the beginning of 2028, the Oppo won't.","Anonymous, 21 Aug 2024Need your true suggestions? Samsung A54 or Oppo Find X3 pro.?Dude, the Oppo phone has the word pro in its name, does not that automatically make it superior?But seriously, Oppo Find X3 pro according to the specs looks much better than the A54, but the A54 has one significant advantage over the Oppo - the A54 will receive three more OS updates and security updates until the beginning of 2028, the Oppo will not.",77,Positive,0.8702,anonymous aug need true suggestion samsung oppo find produde oppo phone word pro name not automatically make superiorbut seriously oppo find pro according spec look much better but one significant advantage oppo receive three o update security update beginning oppo not,2
https://www.gsmarena.com/apple_iphone_15_pro_max-reviews-12548,francsal,27 Apr 2024,0,"For any current owners: have you noticed any issues (skipped frames, jerky video, overheating) while recording 4K60 for more than a few minutes?","For any current owners: have you noticed any issues (skipped frames, jerky video, overheating) while recording 4K60 for more than a few minutes?",23,Neutral,0.0,current owner noticed issue skipped frame jerky video overheating recording minute,1
https://www.gsmarena.com/realme_c55-reviews-12159,Anonymous,03 Jun 2023,0,ofc that exists lmao. android users will do anything to just not get an iphone.,of course that exists lmao. android users will do anything to just not get an iphone.,16,Positive,0.5994,course exists lmao android user anything not get iphone,2
https://www.gsmarena.com/apple_iphone_se_(2022)-reviews-11410,Anonymous,18 Oct 2023,0,"George USA 299, 13 Oct 2023Peace Deal team: iPhone SE 3 as daily driver, Galaxy A01 Core as backup and radio/MP3 player a...moreHuh?","George USA 299, 13 Oct 2023Peace Deal team: iPhone SE 3 as daily driver, Galaxy A01 Core as backup and radio/MP3 player a...moreHuh?",23,Neutral,0.0,george usa oct peace deal team iphone se daily driver galaxy core backup radiomp player amorehuh,1
https://www.gsmarena.com/xiaomi_redmi_note_13_pro-reviews-12581,urban19,11 Jul 2025,0,"beyondheat, 09 Jul 2025Disappointed by the ""upgrades"". I always go for Xiaomi Redmi as decent price and qua...moreThis phone comes with a thin plastic screen protector pre-installed out of the box, at least for me it did. The screen protector is very bad, it was completely scratched for me after some time. I took it off, its been months since i took it off and my screen is absolutely fine","beyondheat, 09 Jul 2025Disappointed by the ""upgrades"". I always go for Xiaomi Redmi as decent price and qua...moreThis phone comes with a thin plastic screen protector pre-installed out of the box, at least for me it did. The screen protector is very bad, it was completely scratched for me after some time. I took it off, its been months since i took it off and my screen is absolutely fine",70,Negative,-0.4019,beyondheat jul disappointed upgrade always go xiaomi redmi decent price quamorethis phone come thin plastic screen protector preinstalled box least screen protector bad completely scratched time took month since took screen absolutely fine,0
https://www.gsmarena.com/xiaomi_redmi_note_13_pro-reviews-12581,mrlowpocket,14 Jan 2025,0,"pls help i want to buy this redmi note pro 5g, but there's another option in my head like realme 12+ 5g, which one better for daily use about 4-5 years. my basic knowledge if i use this device i can still operate this device with custom roms cause it's use a snapdragon chip and it's easier (cmiiw), and for the realme device i already believe in its build quality. or is there any other option?. i don't game so much, but i like to use the device for social media.","pls help i want to buy this redmi note pro 5g, but there is another option in my head like realme 12+ 5g, which one better for daily use about 4-5 years. my basic knowledge if i use this device i can still operate this device with custom roms because it is use a snapdragon chip and it is easier (cmiiw), and for the realme device i already believe in its build quality. or is there any other option?. i do not game so much, but i like to use the device for social media.",95,Positive,0.9451,pls help want buy redmi note pro but another option head like realme one better daily use year basic knowledge use device still operate device custom rom use snapdragon chip easier cmiiw realme device already believe build quality option not game much but like use device social medium,2
https://www.gsmarena.com/xiaomi_redmi_note_13_pro-reviews-12581,Anonymous,20 Jan 2025,0,"Anonymous, 02 Jan 2025Planning to buy it this March, will it still be good? I just love the design and everything.not really good, samsung A35 better","Anonymous, 02 Jan 2025Planning to buy it this March, will it still be good? I just love the design and everything.not really good, samsung A35 better",26,Positive,0.9169,anonymous jan planning buy march still good love design everythingnot really good samsung better,2
https://www.gsmarena.com/apple_iphone_se_(2022)-reviews-11410,Michael McCarthy,28 Apr 2025,0,"maheer6601, 25 Apr 2025its a great upgrade if you have an iPhone 6/7/8 and want the old home button and not worth it ...moreI don’t really think it’s the greatest upgrade for my 8 Plus (A1864 RED 256GB) because the display is just 750x1334 pixels (vs 1080x1920 which is FHD) and it has a lower capacity battery of 2018mAh (vs 2691mAh). Also, it just has a single rear camera while the 8 Plus has two rear cameras.","maheer6601, 25 Apr 2025its a great upgrade if you have an iPhone 6/7/8 and want the old home button and not worth it ...moreI do not really think its the greatest upgrade for my 8 Plus (A1864 RED 256GB) because the display is just 750x1334 pixels (vs 1080x1920 which is FHD) and it has a lower capacity battery of 2018mAh (vs 2691mAh). Also, it just has a single rear camera while the 8 Plus has two rear cameras.",78,Positive,0.774,maheer apr great upgrade iphone want old home button not worth morei not really think greatest upgrade plus red gb display pixel v fhd lower capacity battery mah v mah also single rear camera plus two rear camera,2
https://www.gsmarena.com/apple_iphone_15_pro_max-reviews-12548,Anonymous,03 Jun 2024,0,"Licensed Electronics, 03 Jun 2024This is an expensive smartphone with a slow battery charging speed only 15 Watts?15w wireless. Read to the end whatever you are reading always.","Licensed Electronics, 03 Jun 2024This is an expensive smartphone with a slow battery charging speed only 15 Watts?15w wireless. Read to the end whatever you are reading always.",28,Neutral,0.0,licensed electronics jun expensive smartphone slow battery charging speed wattsw wireless read end whatever reading always,1
https://www.gsmarena.com/apple_iphone_15_pro_max-reviews-12548,Anonymous,19 Aug 2024,0,"romanson, 16 Aug 2024So , I promised that I will post my opinion after I finish testing my Pro Max 15 , 1TB
So , c...moreBattery is leagues better than 14, I can go over 3 days without a charge....had my phone for almost a year now and it has lost no battery life.  Still at 100% battery efficiency...which is crazy. n  The 14 I could go MAYBE a little over a day or so when it would die.  AFter one year the batter was down to 94% efficiency.  15 pro max is one of those Apple phones that I will keep until its paid off and until a MAJOR new phone update is made.","romanson, 16 Aug 2024So , I promised that I will post my opinion after I finish testing my Pro Max 15 , 1TB So , c...moreBattery is leagues better than 14, I can go over 3 days without a charge....had my phone for almost a year now and it has lost no battery life. Still at 100% battery efficiency...which is crazy. n The 14 I could go MAYBE a little over a day or so when it would die. AFter one year the batter was down to 94% efficiency. 15 pro max is one of those Apple phones that I will keep until its paid off and until a MAJOR new phone update is made.",115,Negative,-0.4404,romanson aug promised post opinion finish testing pro max tb cmorebattery league better go day without chargehad phone almost year lost no battery life still battery efficiencywhich crazy could go maybe little day would die one year batter efficiency pro max one apple phone keep paid major new phone update made,0
https://www.gsmarena.com/samsung_galaxy_a54-reviews-12070,Popeye1963,26 Aug 2025,0,"Babak, 13 Aug 2025it has esim in east asian countries onlyI'm in the UK using my A54. It has Esim in the UK and Europe.","Babak, 13 Aug 2025it has esim in east asian countries onlyI'm in the UK using my A54. It has Esim in the UK and Europe.",25,Neutral,0.0,babak aug esim east asian country onlyim uk using esim uk europe,1
https://www.gsmarena.com/xiaomi_redmi_note_13_pro-reviews-12581,Anonymous,23 Sep 2025,0,"Using phone just under a month, nice design, okay camera/ picture quality, not happy with the battery discharge though. Never gamed init, only a few videos, no music. Just basic browsing and occasional phone calls under 10 minutes. Hardly use the 67w charger mostly slower charge and still it's not holding up as expected. Previous phone was a redmi 10C backup used for over a year and that battery was decent.","Using phone just under a month, nice design, okay camera/ picture quality, not happy with the battery discharge though. Never gamed init, only a few videos, no music. Just basic browsing and occasional phone calls under 10 minutes. Hardly use the 67w charger mostly slower charge and still it is not holding up as expected. Previous phone was a redmi 10C backup used for over a year and that battery was decent.",72,Negative,-0.1275,using phone month nice design okay camera picture quality not happy battery discharge though never gamed init video no music basic browsing occasional phone call minute hardly use charger mostly slower charge still not holding expected previous phone redmi backup used year battery decent,0
https://www.gsmarena.com/apple_iphone_15_pro_max-reviews-12548,Anonymous,04 Jun 2024,0,Titanium. So expensive. So samey. So not worth it.,Titanium. So expensive. So samey. So not worth it.,9,Negative,-0.2369,titanium expensive samey not worth,0
https://www.gsmarena.com/apple_iphone_15_pro_max-reviews-12548,Anonymous,12 Jul 2024,0,"Richard Chobu prutoi, 12 Jul 2024why their battery still using 4441 Mah? because others futuristic technologies using up 5000 Mah.You know nothing about phones if u think 5000 may compulsorily means better battery than 4441 mah","Richard Chobu prutoi, 12 Jul 2024why their battery still using 4441 Mah? because others futuristic technologies using up 5000 Mah.You know nothing about phones if you think 5000 may compulsorily means better battery than 4441 mah",36,Positive,0.4404,richard chobu prutoi jul battery still using mah others futuristic technology using mahyou know nothing phone think may compulsorily mean better battery mah,2
https://www.gsmarena.com/samsung_galaxy_s24_ultra-reviews-12771,Anonymous,29 May 2026,0,"Moahmed, 28 May 2026i have been using Samsung A52 for 4 years. now i want to upgrade to an Ultra device. i have 2 ...moreEven though I have an S24U, I still think it's better to get an S24U 1TB than an S25U 512GB. The only thing I'm jealous of with the S25U is that it's lighter than my S24U.","Moahmed, 28 May 2026i have been using Samsung A52 for 4 years. now i want to upgrade to an Ultra device. i have 2 ...moreEven though I have an S24U, I still think it is better to get an S24U 1TB than an S25U 512GB. The only thing I am jealous of with the S25U is that it is lighter than my S24U.",63,Positive,0.0516,moahmed may using samsung year want upgrade ultra device moreeven though su still think better get su tb su gb thing jealous su lighter su,2
https://www.gsmarena.com/apple_iphone_15_pro_max-reviews-12548,Anonymous,19 Jul 2024,0,"Anonymous, 19 Jul 2024Not in all products, but I am switching from Samsung to iPhone because Samsung,  similarly to ...morefake news","Anonymous, 19 Jul 2024Not in all products, but I am switching from Samsung to iPhone because Samsung, similarly to ...morefake news",21,Neutral,0.0,anonymous jul not product but switching samsung iphone samsung similarly morefake news,1
https://www.gsmarena.com/samsung_galaxy_a54-reviews-12070,SkyFlash,25 Apr 2025,0,"Currently have the Galaxy A54. Worst device I've ever owned to date. My 2 year warranty expired recently and now the phone is stuck in a boot loop for no reason. No updates, no sketchy downloads, just woke up one morning to find my phone consuming battery like crazy. Tried restarting the phone to 'kill' any background processes and ended up killing the phone. Thanks Samsung...","Currently have the Galaxy A54. Worst device I have ever owned to date. My 2 year warranty expired recently and now the phone is stuck in a boot loop for no reason. No updates, no sketchy downloads, just woke up one morning to find my phone consuming battery like crazy. Tried restarting the phone to 'kill' any background processes and ended up killing the phone. Thanks Samsung...",67,Negative,-0.9201,currently galaxy worst device ever owned date year warranty expired recently phone stuck boot loop no reason no update no sketchy downloads woke one morning find phone consuming battery like crazy tried restarting phone kill background process ended killing phone thanks samsung,0
https://www.gsmarena.com/apple_iphone_15_pro_max-reviews-12548,Anonymous,05 Jun 2024,0,"It is the best phone in the world, which is the best in all aspects, both in terms of camera and hardware, it is the best, only it does not support fast charging, and the software and user interface are a bit constant and personalization is lacking.","It is the best phone in the world, which is the best in all aspects, both in terms of camera and hardware, it is the best, only it does not support fast charging, and the software and user interface are a bit constant and personalization is lacking.",47,Positive,0.907,best phone world best aspect term camera hardware best not support fast charging software user interface bit constant personalization lacking,2
https://www.gsmarena.com/apple_iphone_se_(2022)-reviews-11410,Anonymous,18 Oct 2024,0,"Michael McCarthy, 07 Oct 2024I’m not old and I wouldn’t say I need Touch ID I’ve just always had the home button so I guess...moreI use Samsung Galaxy J7 Core, a 7 years old Mid-ranger, switch from Samsung Galaxy A23, Even 7 years old mid-range android smartphone model had a trendy Super AMOLED with 5.5 inch HD (not even FHD), 16:9 aspect ratio, large (but not a large as smartphone nowadays) 3000mAh battery, and 13MP camera.","Michael McCarthy, 07 Oct 2024Im not old and I would not say I need Touch ID I Have just always had the home button so I guess...moreI use Samsung Galaxy J7 Core, a 7 years old Mid-ranger, switch from Samsung Galaxy A23, Even 7 years old mid-range android smartphone model had a trendy Super AMOLED with 5.5 inch HD (not even FHD), 16:9 aspect ratio, large (but not a large as smartphone nowadays) 3000mAh battery, and 13MP camera.",78,Positive,0.5994,michael mccarthy oct im not old would not say need touch id always home button guessmorei use samsung galaxy core year old midranger switch samsung galaxy even year old midrange android smartphone model trendy super amoled inch hd not even fhd aspect ratio large but not large smartphone nowadays mah battery mp camera,2
https://www.gsmarena.com/xiaomi_redmi_note_13_pro-reviews-12581,Michiyo Peanut,20 Nov 2024,0,"Is there any way to disable ads on HyperOS? I disabled months ago (May 2024) and after October's patch update I'm getting ads again (November 2024), is there any way how to disable them since ""msa"" no longer shows up. ????","Is there any way to disable ads on HyperOS? I disabled months ago (May 2024) and after October's patch update I am getting ads again (November 2024), is there any way how to disable them since ""msa"" no longer shows up. ????",42,Negative,-0.4871,way disable ad hyperos disabled month ago may october patch update getting ad november way disable since msa no longer show,0
https://www.gsmarena.com/samsung_galaxy_a54-reviews-12070,Anonymous,16 Oct 2024,0,After September security patch battery drain fast and phone heats up quickly...i hope they fix this in October patch ....,After September security patch battery drain fast and phone heats up quickly...i hope they fix this in October patch ....,20,Positive,0.6486,september security patch battery drain fast phone heat quicklyi hope fix october patch,2
https://www.gsmarena.com/realme_c55-reviews-12159,Ritzuu,21 May 2025,0,"rainsaber, 17 Apr 2025good phone for the price in some countries, costed me only 12k php12k for an entry level phone?","rainsaber, 17 Apr 2025good phone for the price in some countries, costed me only 12k php12k for an entry level phone?",21,Neutral,0.0,rainsaber apr good phone price country costed phpk entry level phone,1
https://www.gsmarena.com/realme_c55-reviews-12159,Abdeldjalil Zeghar,08 Apr 2023,0,"Bluewave, 07 Apr 2023Horrible camera design 🤕🤕🤕😔😔👎👎👎👎Did u use it?!!","Bluewave, 07 Apr 2023Horrible camera design Did you use it?!!",10,Neutral,0.0,bluewave apr horrible camera design use,1
https://www.gsmarena.com/realme_c55-reviews-12159,Anonymous,08 Feb 2024,0,"Passion, 01 Jan 2024realme C55 is the modal I need where can I get it?, I'm in Monrovia now.You get it from online via Flipkart nd Amazon","Passion, 01 Jan 2024realme C55 is the modal I need where can I get it?, I am in Monrovia now.You get it from online via Flipkart nd Amazon",28,Positive,0.5719,passion jan realme modal need get monrovia nowyou get online via flipkart nd amazon,2
https://www.gsmarena.com/xiaomi_redmi_note_13_pro-reviews-12581,Anonymous,14 Aug 2026,0,"urban19, 09 Aug 20262 years later experience: HyperOS 3 slowed down the device significantly, with frequent lag sp...moreYes correct , I am also facing same issue","urban19, 09 Aug 20262 years later experience: HyperOS 3 slowed down the device significantly, with frequent lag sp...moreYes correct , I am also facing same issue",26,Negative,-0.34,urban aug year later experience hyperos slowed device significantly frequent lag spmoreyes correct also facing issue,0
https://www.gsmarena.com/apple_iphone_se_(2022)-reviews-11410,Michael McCarthy,20 Jun 2026,0,"smirsoslav67, 05 Jun 2026New SE refreshment is needed ))A new SE with a Full HD display (or higher) and maybe a home button too (like the 8 Plus has) would be fucking awesome!","smirsoslav67, 05 Jun 2026New SE refreshment is needed ))A new SE with a Full HD display (or higher) and maybe a home button too (like the 8 Plus has) would be fucking awesome!",33,Positive,0.6893,smirsoslav jun new se refreshment needed new se full hd display higher maybe home button like plus would fucking awesome,2
https://www.gsmarena.com/apple_iphone_15_pro_max-reviews-12548,Anonymous,13 Aug 2024,0,"Noob, 12 Aug 2024Should I buy this or wait for 16 Pro Max?Do not by it I’ve moved on now to sam","Noob, 12 Aug 2024Should I buy this or wait for 16 Pro Max?Do not by it I Have moved on now to sam",23,Negative,-0.0516,noob aug buy wait pro maxdo not moved sam,0
https://www.gsmarena.com/samsung_galaxy_a54-reviews-12070,Anonymous,23 Sep 2024,0,"Phone is quite buggy. It reboots the modem when on a call for over 30 mins; all Simcards go off and on cutting the call. Playback on YouTube premium keeps pausing every after 20-30 mins. Battery is weak compared to M51, for a person moving from M51 to A54","Phone is quite buggy. It reboots the modem when on a call for over 30 mins; all Simcards go off and on cutting the call. Playback on YouTube premium keeps pausing every after 20-30 mins. Battery is weak compared to M51, for a person moving from M51 to A54",49,Negative,-0.5267,phone quite buggy reboots modem call min simcards go cutting call playback youtube premium keep pausing every min battery weak compared person moving,0
https://www.gsmarena.com/apple_iphone_se_(2022)-reviews-11410,Anonymous,24 Feb 2024,0,Had this phone for a year and it was always Very Hot doing basic tasks and the battery life was VERY bad,Had this phone for a year and it was always Very Hot doing basic tasks and the battery life was VERY bad,22,Negative,-0.6732,phone year always hot basic task battery life bad,0
https://www.gsmarena.com/apple_iphone_se_(2022)-reviews-11410,Anonymous,26 Jul 2023,0,"Anonymous, 21 Jul 2023I wanna buy this SE but I'm worried about battery drain and especially overheating when d...moreIt does not overheat i play games on it and it does perfect","Anonymous, 21 Jul 2023I want to buy this SE but I am worried about battery drain and especially overheating when d...moreIt does not overheat i play games on it and it does perfect",33,Positive,0.2134,anonymous jul want buy se but worried battery drain especially overheating dmoreit not overheat play game perfect,2
https://www.gsmarena.com/samsung_galaxy_a54-reviews-12070,Anonymous,11 Aug 2026,0,A great phone but due to the ai bloatness the battery drains like crazy.. I don't even use the ai features and it barely lasts a day,A great phone but due to the ai bloatness the battery drains like crazy.. I do not even use the ai features and it barely lasts a day,28,Positive,0.7003,great phone but due ai bloatness battery drain like crazy not even use ai feature barely last day,2
https://www.gsmarena.com/xiaomi_redmi_note_13_pro-reviews-12581,Anonymous,09 Jul 2025,0,"Disappointed by the ""upgrades"". I always go for Xiaomi Redmi as decent price and quality android. I loved them for still having wired headphones and not being too big.This has done away with wired headphones. That's on me for not checking. But now is has a raised screen and I hate it. Used it 2 weeks and the screen is scratched without any dropping or other damage. I've tried two different cases, but they don't go higher than the screen to protect it. This is probably me and Xiaomi done after 7 years and jumping from Huawei. I'll remember the good times.","Disappointed by the ""upgrades"". I always go for Xiaomi Redmi as decent price and quality android. I loved them for still having wired headphones and not being too big.This has done away with wired headphones. That is on me for not checking. But now is has a raised screen and I hate it. Used it 2 weeks and the screen is scratched without any dropping or other damage. I have tried two different cases, but they do not go higher than the screen to protect it. This is probably me and Xiaomi done after 7 years and jumping from Huawei. I will remember the good times.",106,Negative,-0.4019,disappointed upgrade always go xiaomi redmi decent price quality android loved still wired headphone not bigthis done away wired headphone not checking but raised screen hate used week screen scratched without dropping damage tried two different case but not go higher screen protect probably xiaomi done year jumping huawei remember good time,0
https://www.gsmarena.com/samsung_galaxy_a54-reviews-12070,Vitko,26 Sep 2024,0,"Dipendra, 18 Sep 2024I am using this phone since 15 month. No lag and no heating no any issue i am playing also pub...moreThat is ... questionable :)Mine does overheat. But I have a tpu/silicone case on it, which is not helping much with the cooling :)I'm usually advocating for A34 from this generation, because I've tried both, and the Mediatek is just better, and is cheaper.But if I have to buy it today ... ? Not really.I believe Samsung will release S24 FE very soon, which should push down the price for the S23 FE, and if you manage to find a new one ... ? It might be bad compared to S23 Snapdragons, but it still is a premium device - solid, NOT oversized (same dimensions as A54) ... it just feels in the hand like it will last you for the next 3-4 years, while offering the S-benefits for the peice of a midranger.","Dipendra, 18 Sep 2024I am using this phone since 15 month. No lag and no heating no any issue i am playing also pub...moreThat is ... questionable :)Mine does overheat. But I have a tpu/silicone case on it, which is not helping much with the cooling :)I am usually advocating for A34 from this generation, because I have tried both, and the Mediatek is just better, and is cheaper.But if I have to buy it today ... ? Not really.I believe Samsung will release S24 FE very soon, which should push down the price for the S23 FE, and if you manage to find a new one ... ? It might be bad compared to S23 Snapdragons, but it still is a premium device - solid, NOT oversized (same dimensions as A54) ... it just feels in the hand like it will last you for the next 3-4 years, while offering the S-benefits for the peice of a midranger.",159,Positive,0.4363,dipendra sep using phone since month no lag no heating no issue playing also pubmorethat questionable mine overheat but tpusilicone case not helping much cooling usually advocating generation tried mediatek better cheaperbut buy today not reallyi believe samsung release fe soon push price fe manage find new one might bad compared snapdragon but still premium device solid not oversized dimension feel hand like last next year offering sbenefits peice midranger,2
https://www.gsmarena.com/xiaomi_redmi_note_13_pro-reviews-12581,Anonymous,02 May 2025,0,I have this phone and these are pros and cons of this phone by my opinion:Pros:Very good quality cameraVery LightweightVery loud speakers + Dolby AtmosCostumations + Always on displayPre installed screen protector and gray case in boxFast chargingCons:Battery life is not impressiveLittle heating with heavy gamingAds,I have this phone and these are pros and cons of this phone by my opinion:Pros:Very good quality cameraVery LightweightVery loud speakers + Dolby AtmosCostumations + Always on displayPre installed screen protector and gray case in boxFast chargingCons:Battery life is not impressiveLittle heating with heavy gamingAds,46,Positive,0.4404,phone pro con phone opinionprosvery good quality cameravery lightweightvery loud speaker dolby atmoscostumations always displaypre installed screen protector gray case boxfast chargingconsbattery life not impressivelittle heating heavy gamingads,2
https://www.gsmarena.com/samsung_galaxy_a54-reviews-12070,Anonymous,13 Oct 2025,0,I used it for 2 year. I have problem with mobile network. It only work when I connect wifi. When I turn off wifi it show no service.,I used it for 2 year. I have problem with mobile network. It only work when I connect wifi. When I turn off wifi it show no service.,28,Negative,-0.5994,used year problem mobile network work connect wifi turn wifi show no service,0
https://www.gsmarena.com/apple_iphone_se_(2022)-reviews-11410,Anonymous,25 May 2026,0,"NISHOR, 24 Mar 2026Any advice where i can get a product red 128 or 256gbEBAY","NISHOR, 24 Mar 2026Any advice where i can get a product red 128 or 256gbEBAY",15,Neutral,0.0,nishor mar advice get product red gbebay,1
https://www.gsmarena.com/samsung_galaxy_s24_ultra-reviews-12771,Sam799,23 Feb 2026,0,"Aadrian, 22 Feb 2026I received a second Google play system update of 1,5MB this time.Same here on my S22 Ultra, another update of 1.5 MB.","Aadrian, 22 Feb 2026I received a second Google play system update of 1,5MB this time.Same here on my S22 Ultra, another update of 1.5 MB.",25,Positive,0.34,aadrian feb received second google play system update mb timesame ultra another update mb,2
https://www.gsmarena.com/xiaomi_redmi_note_13_pro-reviews-12581,Anonymous,14 Jan 2025,0,"arsh, 14 Jan 2025Xiaomi is really sick with their updates. The last security patch update was of nov 2024 still...moreI am in Romania and I received today update for hyperos 2","arsh, 14 Jan 2025Xiaomi is really sick with their updates. The last security patch update was of nov 2024 still...moreI am in Romania and I received today update for hyperos 2",31,Negative,-0.2944,arsh jan xiaomi really sick update last security patch update nov stillmorei romania received today update hyperos,0
https://www.gsmarena.com/apple_iphone_15_pro_max-reviews-12548,Anonymous,05 Jan 2025,0,"Himanshu, 15 Dec 2024In A3108 apple inteliance not 18.2 and many mor feture miss out?? Why ??Apple AI is a gimmick that eats up your battery, spies on you and pretty much useless. No one needs it and you won't miss it; It may not be around long, we'll see. My phone (15 Pro Max) has it and I shut it off. You ain't missing a thing. And with the new iPhone 16, that new button for the camera only serves to accidentally turn on your camera every time you pick up your phone (that button will be gone on the 17). An iPhone SE 2022 is all you really need, or the 13 for a better screen & camera","Himanshu, 15 Dec 2024In A3108 apple inteliance not 18.2 and many mor feture miss out?? Why ??Apple AI is a gimmick that eats up your battery, spies on you and pretty much useless. No one needs it and you will not miss it; It may not be around long, we will see. My phone (15 Pro Max) has it and I shut it off. You are not missing a thing. And with the new iPhone 16, that new button for the camera only serves to accidentally turn on your camera every time you pick up your phone (that button will be gone on the 17). An iPhone SE 2022 is all you really need, or the 13 for a better screen & camera",123,Negative,-0.3761,himanshu dec apple inteliance not many mor feture miss apple ai gimmick eats battery spy pretty much useless no one need not miss may not around long see phone pro max shut not missing thing new iphone new button camera serf accidentally turn camera every time pick phone button gone iphone se really need better screen camera,0
https://www.gsmarena.com/samsung_galaxy_a54-reviews-12070,alexcpass50,25 Oct 2024,0,"Gino76ph, 13 Oct 2024Did you find the Galaxy A54 ultrawide camera has colours and sharpness comparable and consiste...moreI had a Realme GT Master. Is the A54 superior and more modern? Yes, but there's something about Samsung's system that I'm not happy with. For photos, I find the colors faded. I prefer my Realme. In videos, Samsung is unbeatable, but I don't like the colors. I would like to go back to my Realme.","Gino76ph, 13 Oct 2024Did you find the Galaxy A54 ultrawide camera has colours and sharpness comparable and consiste...moreI had a Realme GT Master. Is the A54 superior and more modern? Yes, but there is something about Samsung's system that I am not happy with. For photos, I find the colors faded. I prefer my Realme. In videos, Samsung is unbeatable, but I do not like the colors. I would like to go back to my Realme.",76,Negative,-0.6335,ginoph oct find galaxy ultrawide camera colour sharpness comparable consistemorei realme gt master superior modern yes but something samsungs system not happy photo find color faded prefer realme video samsung unbeatable but not like color would like go back realme,0
https://www.gsmarena.com/xiaomi_redmi_note_13_pro-reviews-12581,Keito,05 Jan 2025,0,is it worth it to change my oppo reno 11f 5g to this phone?,is it worth it to change my oppo reno 11f 5g to this phone?,14,Positive,0.2263,worth change oppo reno phone,2
https://www.gsmarena.com/apple_iphone_se_(2022)-reviews-11410,Anonymous,16 Feb 2025,0,Best sensible phone you could buy. Get it while you can. Apple won't be this sensible going forward,Best sensible phone you could buy. Get it while you can. Apple will not be this sensible going forward,19,Positive,0.6369,best sensible phone could buy get apple not sensible going forward,2
https://www.gsmarena.com/xiaomi_redmi_note_13_pro-reviews-12581,Anonymous,28 Mar 2025,0,Best phone so far since May 2024!,Best phone so far since May 2024!,7,Positive,0.6696,best phone far since may,2
https://www.gsmarena.com/nokia_g22-reviews-12145,Anonymous,09 Jan 2024,0,January 8th 2024. Being offered on Amazon for $159.99 limited time deal.(typical price $239.99?),January 8th 2024. Being offered on Amazon for $159.99 limited time deal.(typical price $239.99?),14,Negative,-0.0516,january th offered amazon limited time dealtypical price,0
https://www.gsmarena.com/samsung_galaxy_a54-reviews-12070,s35ym.,17 Dec 2025,0,"qwerty67, 15 Dec 2025My dad wants to buy this phone is it a good phone?Keep asking this even in the age of 7G.","qwerty67, 15 Dec 2025My dad wants to buy this phone is it a good phone?Keep asking this even in the age of 7G.",23,Positive,0.4404,qwerty dec dad want buy phone good phonekeep asking even age,2
https://www.gsmarena.com/xiaomi_redmi_note_13_pro-reviews-12581,Anonymous,12 Jul 2025,0,so they focus now on camera and at least still have 3.5mm jack but still a bit expensive.,so they focus now on camera and at least still have 3.5mm jack but still a bit expensive.,18,Neutral,0.0,focus camera least still mm jack but still bit expensive,1
https://www.gsmarena.com/realme_c55-reviews-12159,Anonymous,31 Aug 2024,0,"Im already using this phone for a year. battery is very good, if charged for 100% and u didnt use for gaming, it can last for a day and half. the camera also good. Recommended.","I Am already using this phone for a year. battery is very good, if charged for 100% and you did not use for gaming, it can last for a day and half. the camera also good. Recommended.",37,Positive,0.7288,already using phone year battery good charged not use gaming last day half camera also good recommended,2
https://www.gsmarena.com/samsung_galaxy_a54-reviews-12070,Anonymous,18 Feb 2025,0,Samsung A54 CSC EUX received in this Morning Security Update Patch 1 February 2025!,Samsung A54 CSC EUX received in this Morning Security Update Patch 1 February 2025!,14,Positive,0.4003,samsung csc eux received morning security update patch february,2
https://www.gsmarena.com/xiaomi_redmi_note_13_pro-reviews-12581,Anonymous,30 Dec 2024,0,"Anonymous, 30 Dec 2024Well, Samsung sells the trash Galaxy A16 for the equivalent of price of a bnew Poco X6 Pro.sadly a16 doesnt sell for the price of poco neither the sandroid will hold its msrp for long time","Anonymous, 30 Dec 2024Well, Samsung sells the trash Galaxy A16 for the equivalent of price of a bnew Poco X6 Pro.sadly a16 does not sell for the price of poco neither the sandroid will hold its msrp for long time",40,Neutral,0.0,anonymous dec well samsung sell trash galaxy equivalent price bnew poco prosadly not sell price poco neither sandroid hold msrp long time,1
https://www.gsmarena.com/apple_iphone_15_pro_max-reviews-12548,Anonymous,15 Jun 2026,0,"Anonymous, 01 May 2025Why this phone was not prodided with finger print.Where would you put the fingerprint sensor tho I think it's also unnecessary cause there's face id","Anonymous, 01 May 2025Why this phone was not prodided with finger print.Where would you put the fingerprint sensor though I think it is also unnecessary because there is face id",30,Neutral,0.0,anonymous may phone not prodided finger printwhere would put fingerprint sensor though think also unnecessary face id,1
https://www.gsmarena.com/samsung_galaxy_a54-reviews-12070,Anonymous,17 Oct 2024,0,"Anonymous, 14 Oct 2024Today my A54 received Security Patch from 1 October 2024.
277 MB approximately A546B EUX .
V...moreAny fixes ?","Anonymous, 14 Oct 2024Today my A54 received Security Patch from 1 October 2024. 277 MB approximately A546B EUX . V...moreAny fixes ?",22,Positive,0.34,anonymous oct today received security patch october mb approximately ab eux vmoreany fix,2
https://www.gsmarena.com/samsung_galaxy_a54-reviews-12070,Anonymous,24 Aug 2024,0,"ENTER0, 24 Aug 2024Yeah overheating on hot weather or during playing high grapic games are common but… never over...moreAs I wrote, there're no shortage of users on r/galaxya54 who disagree with you+it's very likely that a Google search will yield quite a few posts from users on other forums who complained and complain about overheating from daily use.","ENTER0, 24 Aug 2024Yeah overheating on hot weather or during playing high grapic games are common but never over...moreAs I wrote, there are no shortage of users on r/galaxya54 who disagree with you+it is very likely that a Google search will yield quite a few posts from users on other forums who complained and complain about overheating from daily use.",60,Negative,-0.9337,enter aug yeah overheating hot weather playing high grapic game common but never overmoreas wrote no shortage user rgalaxya disagree youit likely google search yield quite post user forum complained complain overheating daily use,0
https://www.gsmarena.com/samsung_galaxy_a54-reviews-12070,Anonymous,26 Aug 2024,0,"Anonymous, 25 Aug 2024We are in 2024, welcome to the present. It's a well-known fact that Snapdragon chips of t...moreThat's not even remotely accurate, the ""Snapdragon heats up less than Exynos"" statement has been going around for several years now (since 2010s). Look at the user reviews on any device having a SD 6/7/8 (as per your own statement that last few generations of chips are better). You'll find lots of complaints about heating especially with Samsung flagships, Motorolas, etc.","Anonymous, 25 Aug 2024We are in 2024, welcome to the present. It is a well-known fact that Snapdragon chips of t...moreThat's not even remotely accurate, the ""Snapdragon heats up less than Exynos"" statement has been going around for several years now (since 2010s). Look at the user reviews on any device having a SD 6/7/8 (as per your own statement that last few generations of chips are better). You will find lots of complaints about heating especially with Samsung flagships, Motorolas, etc.",82,Positive,0.0772,anonymous aug welcome present wellknown fact snapdragon chip tmorethats not even remotely accurate snapdragon heat less exynos statement going around several year since look user review device sd per statement last generation chip better find lot complaint heating especially samsung flagship motorolas etc,2
https://www.gsmarena.com/realme_c55-reviews-12159,Anonymous,04 May 2023,0,"Kiko, 04 May 2023I bough the phone(6gb/128gb) last week , 55% battery it took me 2 days to drain it . After my ...morebut only one worst at this phone, just loudspeaker sound below average its mono","Kiko, 04 May 2023I bough the phone(6gb/128gb) last week , 55% battery it took me 2 days to drain it . After my ...morebut only one worst at this phone, just loudspeaker sound below average its mono",37,Negative,-0.6249,kiko may bough phonegbgb last week battery took day drain morebut one worst phone loudspeaker sound average mono,0
https://www.gsmarena.com/apple_iphone_se_(2022)-reviews-11410,Anonymous,29 May 2024,0,"P650SE, 25 Apr 2024Thanks, interesting! I compared the screen against my 1st Gen SE by putting both phones side-b...moreLol you're comparing with a non true tone and true tone display. True Tone adapts to your surroundings making display colors look warm and cool randomly","P650SE, 25 Apr 2024Thanks, interesting! I compared the screen against my 1st Gen SE by putting both phones side-b...moreLol you are comparing with a non true tone and true tone display. True Tone adapts to your surroundings making display colors look warm and cool randomly",45,Positive,0.9273,pse apr thanks interesting compared screen against st gen se putting phone sidebmorelol comparing non true tone true tone display true tone adapts surroundings making display color look warm cool randomly,2
https://www.gsmarena.com/xiaomi_redmi_note_13_pro-reviews-12581,Anonymous,19 Sep 2025,0,"Raj, 11 Sep 2025Anyone facing any types of problems after hyperos 2.0.206.0 update?I installed and it's verry good. The phone is faster like new.","Raj, 11 Sep 2025Anyone facing any types of problems after hyperos 2.0.206.0 update?I installed and it is verry good. The phone is faster like new.",25,Positive,0.4019,raj sep anyone facing type problem hyperos updatei installed verry good phone faster like new,2
https://www.gsmarena.com/realme_c55-reviews-12159,jake109,05 Dec 2023,0,"Kushal, 29 Nov 2023Is it good to buy real me c55 i am confusing it is worse or worth if i buy...is the processor ...morefirst of all what is your price range?","Kushal, 29 Nov 2023Is it good to buy real me c55 i am confusing it is worse or worth if i buy...is the processor ...morefirst of all what is your price range?",32,Negative,-0.0516,kushal nov good buy real confusing worse worth buyi processor morefirst price range,0
https://www.gsmarena.com/samsung_galaxy_a54-reviews-12070,Anonymous,22 Feb 2025,0,"Anonymous, 18 Feb 2025Samsung A54 CSC EUX received in this Morning Security Update Patch 1 February 2025!Samsung Galaxy A54 5G review: Who needs a Galaxy S23 FE?You get an awful lot of flagship polish for a very mid-range price.By ￼Ryan Haines•November 2, 2024","Anonymous, 18 Feb 2025Samsung A54 CSC EUX received in this Morning Security Update Patch 1 February 2025!Samsung Galaxy A54 5G review: Who needs a Galaxy S23 FE?You get an awful lot of flagship polish for a very mid-range price.By Ryan HainesNovember 2, 2024",43,Negative,-0.126,anonymous feb samsung csc eux received morning security update patch february samsung galaxy review need galaxy feyou get awful lot flagship polish midrange priceby ryan hainesnovember,0
https://www.gsmarena.com/xiaomi_redmi_note_13_pro-reviews-12581,Anonymous,19 Jan 2025,0,"Anonymous, 18 Jan 2025I am confused between this phone and the Samsung A35 phone. My friend has owned it for two mon...moreGo with Samsung A35. It's much flawless and better than this note 13 pro.","Anonymous, 18 Jan 2025I am confused between this phone and the Samsung A35 phone. My friend has owned it for two mon...moreGo with Samsung A35. It is much flawless and better than this note 13 pro.",36,Positive,0.7964,anonymous jan confused phone samsung phone friend owned two monmorego samsung much flawless better note pro,2
https://www.gsmarena.com/samsung_galaxy_s24_ultra-reviews-12771,Anonymous,03 Feb 2026,0,"Anonymous, 02 Feb 2026S24 Ultra is Note design 
S25 Ultra is iPhone design
S26 Ultra even more iPhone design 
95%...moreWell, specifically iPhone 12-13","Anonymous, 02 Feb 2026S24 Ultra is Note design S25 Ultra is iPhone design S26 Ultra even more iPhone design 95%...moreWell, specifically iPhone 12-13",23,Neutral,0.0,anonymous feb ultra note design ultra iphone design ultra even iphone design morewell specifically iphone,1
https://www.gsmarena.com/realme_c55-reviews-12159,Anonymous,26 Aug 2024,0,"Tayu, 26 Jun 2024Hello, I have a problem where I bought this phones and it says it has 256gb of storage where i...morePhone come in two ways 128 6+6 or 256 8+8 if you bought the one with 256 then who sold you the phone gave you the wrong model","Tayu, 26 Jun 2024Hello, I have a problem where I bought this phones and it says it has 256gb of storage where i...morePhone come in two ways 128 6+6 or 256 8+8 if you bought the one with 256 then who sold you the phone gave you the wrong model",50,Negative,-0.7003,tayu jun hello problem bought phone say gb storage imorephone come two way bought one sold phone gave wrong model,0
https://www.gsmarena.com/apple_iphone_se_(2022)-reviews-11410,Anonymous,03 Sep 2023,0,"Anonymous, 02 Sep 2023First thise its not a cheap phone, and his specs are not value  500$ . The battery have just 2...moreApple doesn't even need to try, people BUY Apple stuff.","Anonymous, 02 Sep 2023First thise its not a cheap phone, and his specs are not value 500$ . The battery have just 2...moreApple does not even need to try, people BUY Apple stuff.",33,Negative,-0.2584,anonymous sep first thise not cheap phone spec not value battery moreapple not even need try people buy apple stuff,0
https://www.gsmarena.com/samsung_galaxy_s24_ultra-reviews-12771,Anonymous,04 Jun 2026,0,"Maggs, 03 Jun 2026Yeah. Lately samsung have been late at pushing out security updates. But glad I got it. I just...moreI already installed the security update: May 5, 2026, but nothing changed.By the way, I have a question: If the keyboard pops up because I want to type, and then I want to hide it, how do I do that without closing the app or screen?","Maggs, 03 Jun 2026Yeah. Lately samsung have been late at pushing out security updates. But glad I got it. I just...moreI already installed the security update: May 5, 2026, but nothing changed.By the way, I have a question: If the keyboard pops up because I want to type, and then I want to hide it, how do I do that without closing the app or screen?",66,Positive,0.8248,maggs jun yeah lately samsung late pushing security update but glad got justmorei already installed security update may but nothing changedby way question keyboard pop want type want hide without closing app screen,2
https://www.gsmarena.com/realme_c55-reviews-12159,Anonymous,31 Oct 2025,0,"A budget phone with a good camera, decent charging, some unusual technologies, and a standard processor. It's also water-resistant (I tried getting it wet in every way possible). It has good sound and a few Android updates. Most importantly, it has an ad-free interface right out of the box, unlike the new Redmi. The only downside is durability: fragile components.","A budget phone with a good camera, decent charging, some unusual technologies, and a standard processor. It is also water-resistant (I tried getting it wet in every way possible). It has good sound and a few Android updates. Most importantly, it has an ad-free interface right out of the box, unlike the new Redmi. The only downside is durability: fragile components.",61,Positive,0.7501,budget phone good camera decent charging unusual technology standard processor also waterresistant tried getting wet every way possible good sound android update importantly adfree interface right box unlike new redmi downside durability fragile component,2
https://www.gsmarena.com/apple_iphone_se_(2022)-reviews-11410,Anonymous,04 Jan 2026,0,Only thing keeping me from actually thinking about the phone is the 750p display.,Only thing keeping me from actually thinking about the phone is the 750p display.,14,Neutral,0.0,thing keeping actually thinking phone display,1
https://www.gsmarena.com/xiaomi_redmi_note_13_pro-reviews-12581,Anonymous,25 Dec 2024,0,"ashrobb, 21 Dec 2024I haven't tried them honestly, only Motorola, Samsung and Xiaomi so I can speak about the...moreCurrently using a Poco X6 Pro. No major issues with it, so I'm not planning to switch phones at the moment.HyperOS 2.0 is just around the corner, curious to see on how much it will improve over HyperOS 1, especially regarding battery optimization. If HyperOS 2.0 ends up being a disappointment, then I might just switch to either Samsung or Vivo next year.","ashrobb, 21 Dec 2024I have not tried them honestly, only Motorola, Samsung and Xiaomi so I can speak about the...moreCurrently using a Poco X6 Pro. No major issues with it, so I am not planning to switch phones at the moment.HyperOS 2.0 is just around the corner, curious to see on how much it will improve over HyperOS 1, especially regarding battery optimization. If HyperOS 2.0 ends up being a disappointment, then I might just switch to either Samsung or Vivo next year.",83,Neutral,0.0216,ashrobb dec not tried honestly motorola samsung xiaomi speak themorecurrently using poco pro no major issue not planning switch phone momenthyperos around corner curious see much improve hyperos especially regarding battery optimization hyperos end disappointment might switch either samsung vivo next year,1
https://www.gsmarena.com/xiaomi_redmi_note_13_pro-reviews-12581,Anonymous,04 Mar 2026,0,"Nick, 28 Feb 2026Last hours of February and it hasn't come yet.Updated yesterday to hyperos 3.0.3.0 Android 16 EU version.","Nick, 28 Feb 2026Last hours of February and it has not come yet.Updated yesterday to hyperos 3.0.3.0 Android 16 EU version.",21,Neutral,0.0,nick feb last hour february not come yetupdated yesterday hyperos android eu version,1
https://www.gsmarena.com/samsung_galaxy_s24_ultra-reviews-12771,Anonymous,14 May 2026,0,"Anonymous, 13 May 2026Anyone who has received one UI 8.5?Dont update. 8.5 is a joke. All the features we seen in beta version has all been restricted. I own this phone and s25 ultra . I got the 8.5 on S25U and its really a downgrade. All the features I seen on beta users are not in this update. Samsung has lied to users. Im not the only one complaining. Nothing has changed in this update. It looks just like 8.0 and things we were supposed to get are blocked. Look it up on YouTube.","Anonymous, 13 May 2026Anyone who has received one UI 8.5?Do Not update. 8.5 is a joke. All the features we seen in beta version has all been restricted. I own this phone and s25 ultra . I got the 8.5 on S25U and its really a downgrade. All the features I seen on beta users are not in this update. Samsung has lied to users. I Am not the only one complaining. Nothing has changed in this update. It looks just like 8.0 and things we were supposed to get are blocked. Look it up on YouTube.",97,Negative,-0.5267,anonymous may anyone received one ui not update joke feature seen beta version restricted phone ultra got su really downgrade feature seen beta user not update samsung lied user not one complaining nothing changed update look like thing supposed get blocked look youtube,0
https://www.gsmarena.com/apple_iphone_15_pro_max-reviews-12548,Anonymous,19 Jul 2024,0,"user, 19 Jul 2024I used Apple for a long time and constantly noticed how it purposefully slows down gadgets so ...morejust go for it","user, 19 Jul 2024I used Apple for a long time and constantly noticed how it purposefully slows down gadgets so ...morejust go for it",24,Neutral,0.0,user jul used apple long time constantly noticed purposefully slows gadget morejust go,1
https://www.gsmarena.com/realme_c55-reviews-12159,Anonymous,28 Feb 2024,0,"Anonymous, 23 Feb 2024nooooooooooooooooooooooooooooooooooooooooooooooooooooooooooooooooooooooooooooooooo get iphone 12This phone is better than iPhone 12 ok my brother iPhone 12 very hot wan play games the battery drink like full in the car","Anonymous, 23 Feb 2024nooooooooooooooooooooooooooooooooooooooooooooooooooooooooooooooooooooooooooooooooo get iphone 12This phone is better than iPhone 12 ok my brother iPhone 12 very hot wan play games the battery drink like full in the car",31,Positive,0.8505,anonymous feb nooooooooooooooooooooooooooooooooooooooooooooooooooooooooooooooooooooooooooooooooo get iphone phone better iphone ok brother iphone hot wan play game battery drink like full car,2
https://www.gsmarena.com/apple_iphone_15_pro_max-reviews-12548,Anonymous,30 Apr 2024,0,"Chance, 21 Apr 2024Mine its ios 16.5.1 is that orignal uk versionyou are absolutely right","Chance, 21 Apr 2024Mine its ios 16.5.1 is that orignal uk versionyou are absolutely right",15,Positive,0.25,chance apr mine io orignal uk versionyou absolutely right,2
https://www.gsmarena.com/realme_c55-reviews-12159,Anonymous,11 Mar 2023,0,Great phone for 170 dollars with good main camera. Front camera average. Good screen and speaker. A bit laggy sometimes but nothing major. With 6 GB even at 200 dollars would have been best budget phone,Great phone for 170 dollars with good main camera. Front camera average. Good screen and speaker. A bit laggy sometimes but nothing major. With 6 GB even at 200 dollars would have been best budget phone,36,Positive,0.9052,great phone dollar good main camera front camera average good screen speaker bit laggy sometimes but nothing major gb even dollar would best budget phone,2
https://www.gsmarena.com/apple_iphone_15_pro_max-reviews-12548,Anonymous,11 Oct 2025,0,"User1234, 17 Sep 2025Anyone updated to ios26? Does it heat a lot? Cause mine on iOS 18 heats up a lot than in ios17...moreRunning my 15 Pro Max on iOS 26 since public Beta 3, which means I've been using it three weeks before the official release. Now I'm on 26.1 Beta 2. Except for some tiny bugs here and there, no major issues at all. Battery life is improving with each version as well.","User1234, 17 Sep 2025Anyone updated to ios26? Does it heat a lot? Because mine on iOS 18 heats up a lot than in ios17...moreRunning my 15 Pro Max on iOS 26 since public Beta 3, which means I have been using it three weeks before the official release. Now I am on 26.1 Beta 2. Except for some tiny bugs here and there, no major issues at all. Battery life is improving with each version as well.",77,Positive,0.4696,user sep anyone updated io heat lot mine io heat lot iosmorerunning pro max io since public beta mean using three week official release beta except tiny bug no major issue battery life improving version well,2
https://www.gsmarena.com/samsung_galaxy_s24_ultra-reviews-12771,Sam799,22 Jun 2026,0,Just received the June update around 485 MB.,Just received the June update around 485 MB.,8,Neutral,0.0,received june update around mb,1
https://www.gsmarena.com/samsung_galaxy_s24_ultra-reviews-12771,Sam799,30 Apr 2026,0,"Banos, 28 Apr 2026Hi. New to this forum and i think it is brilliant, with lots of experienced wisdom! I love the...moreI use a case with raised lips to protect my phone agains falls with a matte glass screen protector. The case doesn't add much weight to the phone but its better than getting the frames scratched.","Banos, 28 Apr 2026Hi. New to this forum and i think it is brilliant, with lots of experienced wisdom! I love the...moreI use a case with raised lips to protect my phone agains falls with a matte glass screen protector. The case does not add much weight to the phone but its better than getting the frames scratched.",58,Positive,0.903,banos apr hi new forum think brilliant lot experienced wisdom love themorei use case raised lip protect phone agains fall matte glass screen protector case not add much weight phone but better getting frame scratched,2
https://www.gsmarena.com/samsung_galaxy_s24_ultra-reviews-12771,Anonymous,08 Jan 2026,0,"Sam799, 05 Jan 2026Flossy reviews are highly entertaining 😀Yes. And his long reviews are fair.","Sam799, 05 Jan 2026Flossy reviews are highly entertaining Yes. And his long reviews are fair.",15,Positive,0.8162,sam jan flossy review highly entertaining yes long review fair,2
https://www.gsmarena.com/apple_iphone_se_(2022)-reviews-11410,Anonymous,20 Dec 2023,0,"Cheez-borger, 15 Dec 2023This phone or the iphone 13??DEFINITELY iphone 13 not even a choice go for 13","Cheez-borger, 15 Dec 2023This phone or the iphone 13??DEFINITELY iphone 13 not even a choice go for 13",18,Neutral,0.0,cheezborger dec phone iphone definitely iphone not even choice go,1
https://www.gsmarena.com/realme_c55-reviews-12159,Anonymous,13 May 2024,0,"DO NOT buy this overpriced crap. The camera is really bad, the performance is the same as an IMO phone, the battery doesn't last too long, the screen is terrible and it DOESN'T get the Android 14 update. Please buy an used flagship (like S20FE or S10+) or a Redmi phone for that price.","DO NOT buy this overpriced crap. The camera is really bad, the performance is the same as an I AM GOING TO phone, the battery does not last too long, the screen is terrible and it DOES NOT get the Android 14 update. Please buy an used flagship (like S20FE or S10+) or a Redmi phone for that price.",59,Negative,-0.7778,not buy overpriced crap camera really bad performance going phone battery not last long screen terrible not get android update please buy used flagship like sfe redmi phone price,0
https://www.gsmarena.com/samsung_galaxy_a54-reviews-12070,tha123,05 Nov 2024,0,is it okay to have only a one-day battery life for a one-year-old Galaxy A54 mobile? screen on time average of 4 hrs and mobile data is always on. wifi only at night.,is it okay to have only a one-day battery life for a one-year-old Galaxy A54 mobile? screen on time average of 4 hrs and mobile data is always on. wifi only at night.,33,Positive,0.2263,okay oneday battery life oneyearold galaxy mobile screen time average hr mobile data always wifi night,2
https://www.gsmarena.com/xiaomi_redmi_note_13_pro-reviews-12581,Aurelia Jessica,29 Jan 2025,0,Like how's pretty that bezel !,Like how is pretty that bezel !,7,Positive,0.7177,like pretty bezel,2
https://www.gsmarena.com/samsung_galaxy_a54-reviews-12070,Anonymous,18 Oct 2024,0,"Kevin Brr, 17 Oct 2024The A54 uses UFS 3.1No. It's 2.2. You can test it. I did.","Kevin Brr, 17 Oct 2024The A54 uses UFS 3.1No. It is 2.2. You can test it. I did.",18,Neutral,0.0,kevin brr oct us ufs no test,1
https://www.gsmarena.com/samsung_galaxy_a54-reviews-12070,Anonymous,22 Sep 2024,0,I think its wonderful inspite of little lags and too mitch colors screen the battery is very good but i think its a big havy phone sorry samsung but it's verry havy big phone i love samsung but no small phones a series i will turn to pixel or xiaomi,I think its wonderful inspite of little lags and too mitch colors screen the battery is very good but i think its a big havy phone sorry samsung but it is verry havy big phone i love samsung but no small phones a series i will turn to pixel or xiaomi,51,Positive,0.7501,think wonderful inspite little lag mitch color screen battery good but think big havy phone sorry samsung but verry havy big phone love samsung but no small phone series turn pixel xiaomi,2
https://www.gsmarena.com/apple_iphone_se_(2022)-reviews-11410,Michael McCarthy,23 Jan 2026,0,"S.ABiR, 08 Sep 2025Presently I’m using iPhone 8 all white color device from 23rd March, 2023. My device is still ...moreMy mum and I are still using our 256 GB product red iPhone 8 Pluses (Plus’ or Plus’s maybe?). I bought them back in August and September of 2021 (from eBay) and they’ve been our daily drivers since. They’re still quite usable today. We don’t do any resource intensive stuff on them like gaming or video editing. A few apps are starting to require iOS 17.0-18.0 or later. It’s not an issue for me yet thankfully but at some stage in the future it might be so I’ve been thinking about what my next phone may be. It’ll possibly be an iPhone 18 or iPhone 20 (XX?). I don’t particularly want a notch. I’d prefer a full screen display like I have now. I like Touch ID but I know that I’ll probably have to say goodbye to it. If the iPhone SE had a Full HD display like the iPhone 8 Plus does then I’d get one in a heartbeat.","S.ABiR, 08 Sep 2025Presently I Am using iPhone 8 all white color device from 23rd March, 2023. My device is still ...moreMy mum and I are still using our 256 GB product red iPhone 8 Pluses (Plus or Pluss maybe?). I bought them back in August and September of 2021 (from eBay) and they have been our daily drivers since. They Are still quite usable today. We do not do any resource intensive stuff on them like gaming or video editing. A few apps are starting to require iOS 17.0-18.0 or later. Its not an issue for me yet thankfully but at some stage in the future it might be so I Have been thinking about what my next phone may be. It Will possibly be an iPhone 18 or iPhone 20 (XX?). I do not particularly want a notch. Id prefer a full screen display like I have now. I like Touch ID but I know that Ill probably have to say goodbye to it. If the iPhone SE had a Full HD display like the iPhone 8 Plus does then Id get one in a heartbeat.",188,Positive,0.8127,sabir sep presently using iphone white color device rd march device still moremy mum still using gb product red iphone plus plus plus maybe bought back august september ebay daily driver since still quite usable today not resource intensive stuff like gaming video editing apps starting require io later not issue yet thankfully but stage future might thinking next phone may possibly iphone iphone xx not particularly want notch id prefer full screen display like like touch id but know ill probably say goodbye iphone se full hd display like iphone plus id get one heartbeat,2
https://www.gsmarena.com/apple_iphone_15_pro_max-reviews-12548,Anonymous,12 Aug 2024,0,Should I buy this or wait for 16 Pro Max?,Should I buy this or wait for 16 Pro Max?,10,Neutral,0.0,buy wait pro max,1
https://www.gsmarena.com/samsung_galaxy_a54-reviews-12070,Anonymous,02 Aug 2025,0,"Which would be a better purchase: Realme 14 or Samsung Galaxy A54, considering both phones are equally priced in my country?","Which would be a better purchase: Realme 14 or Samsung Galaxy A54, considering both phones are equally priced in my country?",21,Positive,0.4404,would better purchase realme samsung galaxy considering phone equally priced country,2
https://www.gsmarena.com/samsung_galaxy_s24_ultra-reviews-12771,Anonymous,24 Nov 2025,0,Received November security update today.,Received November security update today.,5,Positive,0.34,received november security update today,2
https://www.gsmarena.com/realme_c55-reviews-12159,just a smile,25 May 2023,0,"Comment guy, 03 Apr 2023On realme website, this has amoled displayWhere?","Comment guy, 03 Apr 2023On realme website, this has amoled displayWhere?",11,Neutral,0.0,comment guy apr realme website amoled displaywhere,1
https://www.gsmarena.com/samsung_galaxy_s24_ultra-reviews-12771,CamoGeko-XDA,31 Dec 2025,0,"ebenjag - itel a04, 31 Dec 2025Funny enough the preview images color is the same as the color I useFlossy calls that colour the banana head yellow!","ebenjag - itel a04, 31 Dec 2025Funny enough the preview images color is the same as the color I useFlossy calls that colour the banana head yellow!",27,Neutral,0.0,ebenjag itel dec funny enough preview image color color useflossy call colour banana head yellow,1
https://www.gsmarena.com/apple_iphone_15_pro_max-reviews-12548,Anonymous,03 Mar 2025,0,"Anonymous, 07 Dec 2024I'm a lurker and never been brave enough to comment but this phone has been an expensive ...morehow to turn off activity history on android phone","Anonymous, 07 Dec 2024I'm a lurker and never been brave enough to comment but this phone has been an expensive ...morehow to turn off activity history on android phone",29,Negative,-0.2235,anonymous dec im lurker never brave enough comment but phone expensive morehow turn activity history android phone,0
https://www.gsmarena.com/samsung_galaxy_s24_ultra-reviews-12771,maks-rs,15 May 2026,0,"Maggs, 14 May 2026Dont update. 8.5 is a joke. All the features we seen in beta version has all been restricted. ...moreSamsung must maintain a clear distinction between its phone series. Giving all the features of the S26 series to the S25 and S24 series makes no economic sense because it would reduce sales of the hardware-insufficiently advanced S26 series. These features that were tested in beta will probably be included in the S25 series with the release of OneUI 9 and the S27 series, which will again have some advanced features to differentiate itself from the old series.","Maggs, 14 May 2026Dont update. 8.5 is a joke. All the features we seen in beta version has all been restricted. ...moreSamsung must maintain a clear distinction between its phone series. Giving all the features of the S26 series to the S25 and S24 series makes no economic sense because it would reduce sales of the hardware-insufficiently advanced S26 series. These features that were tested in beta will probably be included in the S25 series with the release of OneUI 9 and the S27 series, which will again have some advanced features to differentiate itself from the old series.",99,Positive,0.6597,maggs may dont update joke feature seen beta version restricted moresamsung must maintain clear distinction phone series giving feature series series make no economic sense would reduce sale hardwareinsufficiently advanced series feature tested beta probably included series release oneui series advanced feature differentiate old series,2
https://www.gsmarena.com/realme_c55-reviews-12159,Anonymous,29 Mar 2023,0,using g88 12nm? what year old is that chipset?,using g88 12nm? what year old is that chipset?,9,Neutral,0.0,using nm year old chipset,1
https://www.gsmarena.com/xiaomi_redmi_note_13_pro-reviews-12581,Anonymous,26 Nov 2025,0,"Anonymous, 11 Nov 2025Does it have 16gb version? I can't find itMay be somewhere...It has memory expanding in settings.","Anonymous, 11 Nov 2025Does it have 16gb version? I cannot find itMay be somewhere...It has memory expanding in settings.",19,Neutral,0.0,anonymous nov gb version not find itmay somewhereit memory expanding setting,1
https://www.gsmarena.com/apple_iphone_se_(2022)-reviews-11410,Anonymous,17 May 2023,0,Please advise. Iphone SE 2022 or Asus Zenfone 9?I need a small phone with monster performance.,Please advise. Iphone SE 2022 or Asus Zenfone 9?I need a small phone with monster performance.,16,Positive,0.3182,please advise iphone se asus zenfone need small phone monster performance,2
https://www.gsmarena.com/samsung_galaxy_s24_ultra-reviews-12771,Dream-buddy,04 Feb 2026,0,"Ay, 04 Feb 2026Please help 
My SIM network doesn't come up since is upgrade my s24 ultraYour device is Carrier bound or free, sometime if the device is made for specific region or Country they stop working properly after update due Government of that country (Bharat, Korea Poland, United States etc) or region(European Union)","Ay, 04 Feb 2026Please help My SIM network does not come up since is upgrade my s24 ultraYour device is Carrier bound or free, sometime if the device is made for specific region or Country they stop working properly after update due Government of that country (Bharat, Korea Poland, United States etc) or region(European Union)",55,Positive,0.765,ay feb please help sim network not come since upgrade ultrayour device carrier bound free sometime device made specific region country stop working properly update due government country bharat korea poland united state etc regioneuropean union,2
https://www.gsmarena.com/xiaomi_redmi_note_13_pro-reviews-12581,jsoprano75,03 Mar 2025,0,"Anonymous, 02 Mar 2025whats the android version was usedWith the HyperOS 2.0 update I'm now on Android 15, the latest version.","Anonymous, 02 Mar 2025whats the android version was usedWith the HyperOS 2.0 update I am now on Android 15, the latest version.",22,Neutral,0.0,anonymous mar whats android version usedwith hyperos update android latest version,1
https://www.gsmarena.com/samsung_galaxy_s24_ultra-reviews-12771,Aadrian,28 Apr 2026,0,"Banos, 28 Apr 2026Hi. New to this forum and i think it is brilliant, with lots of experienced wisdom! I love the...moreGood choice to go for this phone. I use a Spigen case for the phone and a nornal screen protector from Samsung. The case I have doesn't really add too much bulk to the phone.","Banos, 28 Apr 2026Hi. New to this forum and i think it is brilliant, with lots of experienced wisdom! I love the...moreGood choice to go for this phone. I use a Spigen case for the phone and a nornal screen protector from Samsung. The case I have does not really add too much bulk to the phone.",57,Positive,0.9134,banos apr hi new forum think brilliant lot experienced wisdom love themoregood choice go phone use spigen case phone nornal screen protector samsung case not really add much bulk phone,2
https://www.gsmarena.com/samsung_galaxy_a54-reviews-12070,Anonymous,22 Mar 2025,0,"batusay, 13 Dec 2024after update to latest firmware touch screen dont response, reboot factory reset not work at all!Mine has the same problem I changed the screen, it has no tempered glass, but the touch won't just work.","batusay, 13 Dec 2024after update to latest firmware touch screen do not response, reboot factory reset not work at all!Mine has the same problem I changed the screen, it has no tempered glass, but the touch will not just work.",40,Negative,-0.4102,batusay dec update latest firmware touch screen not response reboot factory reset not work allmine problem changed screen no tempered glass but touch not work,0
https://www.gsmarena.com/apple_iphone_se_(2022)-reviews-11410,Cheez-borger,15 Dec 2023,0,This phone or the iphone 13??,This phone or the iphone 13??,6,Neutral,0.0,phone iphone,1
https://www.gsmarena.com/xiaomi_redmi_note_13_pro-reviews-12581,Anonymous,09 Feb 2025,0,"The dentist, 07 Feb 2025I am pretty sure it is 5g with snapdragon, i just don't know if it is able to be unlocked...moreAll smartphones can be unlocked in order to flash custom rom. By saying ""pretty sure it is"" only means that you did not check the about section of your phone Settings.Also, the only disadvantage were the compatibility of SIM card, default language, and the kind of update delivered. Since this is a china phone, china version will get the most features compared to global or indian versions. I have already provided the data and steps on how to check whether you have an indian version, a china, or a global","The dentist, 07 Feb 2025I am pretty sure it is 5g with snapdragon, i just do not know if it is able to be unlocked...moreAll smartphones can be unlocked in order to flash custom rom. By saying ""pretty sure it is"" only means that you did not check the about section of your phone Settings.Also, the only disadvantage were the compatibility of SIM card, default language, and the kind of update delivered. Since this is a china phone, china version will get the most features compared to global or indian versions. I have already provided the data and steps on how to check whether you have an indian version, a china, or a global",114,Positive,0.802,dentist feb pretty sure snapdragon not know able unlockedmoreall smartphones unlocked order flash custom rom saying pretty sure mean not check section phone settingsalso disadvantage compatibility sim card default language kind update delivered since china phone china version get feature compared global indian version already provided data step check whether indian version china global,2
https://www.gsmarena.com/xiaomi_redmi_note_13_pro-reviews-12581,Anonymous,10 Sep 2025,0,"i have this phone, works well for me.","i have this phone, works well for me.",8,Positive,0.2732,phone work well,2
https://www.gsmarena.com/apple_iphone_se_(2022)-reviews-11410,Anonymous,25 May 2026,0,"Michael McCarthy, 25 May 2026Can’t they buy one online too? I bought our two 8 Plus’s from eBay back in 2021. eBay has some...moreON EBAY: Please mind THAT IS REFURBISHED IPHONE.. WITH NO WARRANTY. as you can read.. It written 2years warranty LOL!!however, that is originial parts. As you know Iphone produced in china and thats is all sell massively in china since that is OLD Fav. Phone.. Local sparepart factory still ON. SO.. GO FOR IT!!NOTHING TO WORRYUnfortunately I buy that Iphone SE3 2022 64GB BLACK.. 3 days before I checked Ebay (RED 128GB) I feel sooo BAD!!I WANNA SELL MY IPHONE now.. Hmmmmfh.IOS 26,5-27 GOOD for new phone.","Michael McCarthy, 25 May 2026Cant they buy one online too? I bought our two 8 Pluss from eBay back in 2021. eBay has some...moreON EBAY: Please mind THAT IS REFURBISHED IPHONE.. WITH NO WARRANTY. as you can read.. It written 2years warranty LOL!!however, that is originial parts. As you know Iphone produced in china and that is is all sell massively in china since that is OLD Fav. Phone.. Local sparepart factory still ON. SO.. GO FOR IT!!NOTHING TO WORRYUnfortunately I buy that Iphone SE3 2022 64GB BLACK.. 3 days before I checked Ebay (RED 128GB) I feel sooo BAD!!I WANT TO SELL MY IPHONE now.. Hmmmmfh.IOS 26,5-27 GOOD for new phone.",112,Positive,0.8482,michael mccarthy may cant buy one online bought two plus ebay back ebay somemoreon ebay please mind refurbished iphone no warranty read written year warranty lolhowever originial part know iphone produced china sell massively china since old fav phone local sparepart factory still go itnothing worryunfortunately buy iphone se gb black day checked ebay red gb feel sooo badi want sell iphone hmmmmfhios good new phone,2
https://www.gsmarena.com/apple_iphone_se_(2022)-reviews-11410,Anonymous,24 Feb 2024,0,"This is great for secondary phone and I use this and also 14 Pro Max as well. I like how comfortable it is and the weight is very light. Very snappy and can multitask heavy games without restarting. Having Touch ID and Face ID is amazing and the best experience for me.If you plan to use this as a primary phone, you should get the 13 and above since it's all better in many aspects and very worth the purchase.But if you don't mind the design, camera and want a very compact and snappy phone with ios updates, then this might be the choice for you to get the SE 2022.","This is great for secondary phone and I use this and also 14 Pro Max as well. I like how comfortable it is and the weight is very light. Very snappy and can multitask heavy games without restarting. Having Touch ID and Face ID is amazing and the best experience for me.If you plan to use this as a primary phone, you should get the 13 and above since it is all better in many aspects and very worth the purchase.But if you do not mind the design, camera and want a very compact and snappy phone with ios updates, then this might be the choice for you to get the SE 2022.",113,Positive,0.9761,great secondary phone use also pro max well like comfortable weight light snappy multitask heavy game without restarting touch id face id amazing best experience meif plan use primary phone get since better many aspect worth purchasebut not mind design camera want compact snappy phone io update might choice get se,2
https://www.gsmarena.com/samsung_galaxy_s24_ultra-reviews-12771,Anonymous,02 Mar 2026,0,"Maggs, 01 Mar 2026Im talking about February security update. Can't wipe cache partition in recovery mode. S...moreHow to access recovery mode?","Maggs, 01 Mar 2026Im talking about February security update. Cannot wipe cache partition in recovery mode. S...moreHow to access recovery mode?",21,Positive,0.34,maggs mar im talking february security update not wipe cache partition recovery mode smorehow access recovery mode,2
https://www.gsmarena.com/apple_iphone_se_(2022)-reviews-11410,Anonymous,09 Oct 2023,0,only if apple make iphone xr clone and call it sethen i will take that as a successplease if anyone know a way to contact apple developpersplease tell them to stop relying on this designjust make big bolky cheap phones with big screen and battery lifei want iphone xr clone with newer chipset and plastic back and aluminuim edges as always like iphone 5cif they make clone xr design with big screen and battery it will reduce cost to 150$so then it will be real iphone se and i will buy one for sure,only if apple make iphone xr clone and call it sethen i will take that as a successplease if anyone know a way to contact apple developpersplease tell them to stop relying on this designjust make big bolky cheap phones with big screen and battery lifei want iphone xr clone with newer chipset and plastic back and aluminuim edges as always like iphone 5cif they make clone xr design with big screen and battery it will reduce cost to 150$so then it will be real iphone se and i will buy one for sure,94,Positive,0.4404,apple make iphone xr clone call sethen take successplease anyone know way contact apple developpersplease tell stop relying designjust make big bolky cheap phone big screen battery lifei want iphone xr clone newer chipset plastic back aluminuim edge always like iphone cif make clone xr design big screen battery reduce cost real iphone se buy one sure,2
https://www.gsmarena.com/samsung_galaxy_a54-reviews-12070,Anonymous,19 Oct 2024,0,"Vans79, 06 Oct 2024A54 is good and reliable phone. So is S23FE. If you are casual user go for A54 and save some m...moreGaming on any phone that uses exynos soc is a complete disaster 😂","Vans79, 06 Oct 2024A54 is good and reliable phone. So is S23FE. If you are casual user go for A54 and save some m...moreGaming on any phone that uses exynos soc is a complete disaster",35,Positive,0.4215,van oct good reliable phone sfe casual user go save mmoregaming phone us exynos soc complete disaster,2
https://www.gsmarena.com/xiaomi_redmi_note_13_pro-reviews-12581,Anonymous,14 Jan 2025,0,"In Mexico we have a Helio G99 Ultra version, only 4G.","In Mexico we have a Helio G99 Ultra version, only 4G.",11,Neutral,0.0,mexico helio ultra version,1
https://www.gsmarena.com/samsung_galaxy_a54-reviews-12070,Marcos Goncalves,17 Oct 2024,0,"Molly, 16 Oct 2024After September security patch battery drain fast and phone heats up quickly...i hope they fix...moreAgree with the battery problem after this upgrade","Molly, 16 Oct 2024After September security patch battery drain fast and phone heats up quickly...i hope they fix...moreAgree with the battery problem after this upgrade",25,Positive,0.3818,molly oct september security patch battery drain fast phone heat quicklyi hope fixmoreagree battery problem upgrade,2
https://www.gsmarena.com/apple_iphone_15_pro_max-reviews-12548,Anonymous,23 May 2024,0,"Anonymous, 14 May 2024If you a heavy user I suggest you to do sports it's not good for your health. Talking abo...moreAgreed","Anonymous, 14 May 2024If you a heavy user I suggest you to do sports it is not good for your health. Talking abo...moreAgreed",23,Negative,-0.3412,anonymous may heavy user suggest sport not good health talking abomoreagreed,0
https://www.gsmarena.com/xiaomi_redmi_note_13_pro-reviews-12581,Knightridah,10 Jan 2025,0,"Robm.1, 09 Jan 2025How are you fining the phone in terms of performance and day to day use ? I have redmi phones ...moreI purchased this at 28k when launched. the cameras aren't impressive as they should for the price. The updates are also not very frequent. I don't remember the last time I recieved even the security patch.Xiaomi doesn't seem to care about giving timely updates and treating it like a budget 10k device.Display and design is gorgeous btw","Robm.1, 09 Jan 2025How are you fining the phone in terms of performance and day to day use ? I have redmi phones ...moreI purchased this at 28k when launched. the cameras are not impressive as they should for the price. The updates are also not very frequent. I do not remember the last time I recieved even the security patch.Xiaomi does not seem to care about giving timely updates and treating it like a budget 10k device.Display and design is gorgeous by the way",85,Positive,0.7558,robm jan fining phone term performance day day use redmi phone morei purchased launched camera not impressive price update also not frequent not remember last time recieved even security patchxiaomi not seem care giving timely update treating like budget devicedisplay design gorgeous way,2
https://www.gsmarena.com/samsung_galaxy_s24_ultra-reviews-12771,Anonymous,18 May 2026,0,"maks-rs, 18 May 2026If you expect to get everything from the latest series, you are very mistaken. What was in the...moreIm here to eat my words lol. The volume bar can be moved horizontally or reposition it to the side. Came across this by mistake.","maks-rs, 18 May 2026If you expect to get everything from the latest series, you are very mistaken. What was in the...moreIm here to eat my words lol. The volume bar can be moved horizontally or reposition it to the side. Came across this by mistake.",45,Negative,-0.3384,maksrs may expect get everything latest series mistaken themoreim eat word lol volume bar moved horizontally reposition side came across mistake,0
https://www.gsmarena.com/samsung_galaxy_s24_ultra-reviews-12771,Anonymous,07 Aug 2026,0,"SAM, 05 Aug 2026I saw some debris inside the telephoto lens (the third big lens) and it came to me as a surpri...moreI'm not sure why that's happening with your phone. It might be a common thing since all phone parts are put together. Personally, I don't use extra camera lens protection because third-party ones are too tight.","SAM, 05 Aug 2026I saw some debris inside the telephoto lens (the third big lens) and it came to me as a surpri...moreI'm not sure why that is happening with your phone. It might be a common thing since all phone parts are put together. Personally, I do not use extra camera lens protection because third-party ones are too tight.",60,Negative,-0.2411,sam aug saw debris inside telephoto lens third big lens came surprimoreim not sure happening phone might common thing since phone part put together personally not use extra camera lens protection thirdparty one tight,0
https://www.gsmarena.com/samsung_galaxy_s24_ultra-reviews-12771,Sam799,13 Jun 2026,0,"[deleted post]Just get the 8.5 update & you'll love the new features!! My favorites are media audio eraser/voice focus, now brief, customizable quick panel, enhanced photo assist to name a few. Battery life is also solid after the update.","[deleted post]Just get the 8.5 update & you will love the new features!! My favorites are media audio eraser/voice focus, now brief, customizable quick panel, enhanced photo assist to name a few. Battery life is also solid after the update.",40,Positive,0.8475,deleted postjust get update love new feature favorite medium audio eraservoice focus brief customizable quick panel enhanced photo assist name battery life also solid update,2
https://www.gsmarena.com/apple_iphone_15_pro_max-reviews-12548,Anonymous,14 Jun 2025,0,"listen i recently have some heating issue with this phone, if you do some work over 20 min in any app it will heat up and if you gaming its like gone for you. is this common with this phone or i'm just over reacting? like if i do a call for 30 min i feel my ear burn?","listen i recently have some heating issue with this phone, if you do some work over 20 min in any app it will heat up and if you gaming its like gone for you. is this common with this phone or i am just over reacting? like if i do a call for 30 min i feel my ear burn?",60,Positive,0.6553,listen recently heating issue phone work min app heat gaming like gone common phone reacting like call min feel ear burn,2
https://www.gsmarena.com/samsung_galaxy_a54-reviews-12070,Anonymous,27 Aug 2025,0,Any Gcam work ok ?,Any Gcam work ok ?,5,Positive,0.296,gcam work ok,2
https://www.gsmarena.com/samsung_galaxy_a54-reviews-12070,Ultima 9,16 Jun 2025,0,"Userrr, 05 Jun 2025Yes it does, ive recently updated to one ui 7, looks great but feels laggier than usual (even ...morebattery life increased after 2 weeks of usage i guess it needed to adapt to the new software","Userrr, 05 Jun 2025Yes it does, i have recently updated to one ui 7, looks great but feels laggier than usual (even ...morebattery life increased after 2 weeks of usage i guess it needed to adapt to the new software",40,Positive,0.6369,userrr jun yes recently updated one ui look great but feel laggier usual even morebattery life increased week usage guess needed adapt new software,2
https://www.gsmarena.com/samsung_galaxy_s24_ultra-reviews-12771,Anonymous,02 May 2026,0,"Tech watcher , 02 May 2026This phone looks great in that yellowish color!It does. I have the titinam yellow.","Tech watcher , 02 May 2026This phone looks great in that yellowish color!It does. I have the titinam yellow.",19,Positive,0.6588,tech watcher may phone look great yellowish colorit titinam yellow,2
https://www.gsmarena.com/apple_iphone_15_pro_max-reviews-12548,e8013585,27 Jun 2025,0,"So far I've been using this phone for 1 year and 4 months. It's absolutely great, no need to upgrade for me for a minimum couple more years.","So far I have been using this phone for 1 year and 4 months. It is absolutely great, no need to upgrade for me for a minimum couple more years.",30,Positive,0.4432,far using phone year month absolutely great no need upgrade minimum couple year,2
